t,power
0.0,0
1.0,0
2.0,0
3.0,0
4.0,0
5.0,0
6.0,0
7.0,0
8.0,0
9.0,0
10.0,0
11.0,0
12.0,0
13.0,0
14.0,0
15.0,0
16.0,0
17.0,0
18.0,0
19.0,0
20.0,0
21.0,0
22.0,0
23.0,0
24.0,0
25.0,0
26.0,0
27.0,51
28.0,284
29.0,244
30.0,299
31.0,230
32.0,196
33.0,88
34.0,126
35.0,158
36.0,154
37.0,181
38.0,154
39.0,112
40.0,102
41.0,98
42.0,105
43.0,111
44.0,129
45.0,138
46.0,107
47.0,128
48.0,135
49.0,130
50.0,135
51.0,142
52.0,114
53.0,84
54.0,85
55.0,87
56.0,73
57.0,87
58.0,62
59.0,61
60.0,55
61.0,58
62.0,158
63.0,168
64.0,70
65.0,51
66.0,55
67.0,63
68.0,62
69.0,52
70.0,45
71.0,56
72.0,58
73.0,58
74.0,0
75.0,0
76.0,0
77.0,0
78.0,0
79.0,0
80.0,0
81.0,0
82.0,0
83.0,0
84.0,0
85.0,0
86.0,0
87.0,0
88.0,0
89.0,0
90.0,0
91.0,0
92.0,0
93.0,0
94.0,0
95.0,0
96.0,0
97.0,0
98.0,0
99.0,0
100.0,0
101.0,0
102.0,0
103.0,0
104.0,0
105.0,0
106.0,0
107.0,0
108.0,0
109.0,0
110.0,0
111.0,0
112.0,58
113.0,230
114.0,301
115.0,353
116.0,342
117.0,329
118.0,338
119.0,321
120.0,286
121.0,263
122.0,267
123.0,266
124.0,258
125.0,378
126.0,251
127.0,151
128.0,71
129.0,12
130.0,0
131.0,0
132.0,0
133.0,0
134.0,380
135.0,548
136.0,561
137.0,421
138.0,373
139.0,329
140.0,314
141.0,291
142.0,302
143.0,318
144.0,312
145.0,308
146.0,241
147.0,248
148.0,191
149.0,134
150.0,62
151.0,188
152.0,231
153.0,176
154.0,131
155.0,106
156.0,104
157.0,109
158.0,85
159.0,72
160.0,87
161.0,77
162.0,57
163.0,58
164.0,59
165.0,51
166.0,30
167.0,22
168.0,0
169.0,0
170.0,0
171.0,0
172.0,0
173.0,249
174.0,206
175.0,175
176.0,105
177.0,85
178.0,75
179.0,2
180.0,2
181.0,2
182.0,12
183.0,16
184.0,0
185.0,0
186.0,0
187.0,0
188.0,0
189.0,0
190.0,0
191.0,0
192.0,0
193.0,0
194.0,0
195.0,0
196.0,0
197.0,142
198.0,269
199.0,277
200.0,249
201.0,198
202.0,179
203.0,152
204.0,107
205.0,140
206.0,138
207.0,94
208.0,91
209.0,75
210.0,60
211.0,59
212.0,58
213.0,54
214.0,53
215.0,64
216.0,69
217.0,61
218.0,68
219.0,62
220.0,59
221.0,57
222.0,59
223.0,59
224.0,86
225.0,99
226.0,101
227.0,95
228.0,96
229.0,62
230.0,42
231.0,28
232.0,0
233.0,0
234.0,0
235.0,0
236.0,0
237.0,0
238.0,123
239.0,228
240.0,226
241.0,198
242.0,165
243.0,166
244.0,184
245.0,186
246.0,149
247.0,114
248.0,92
249.0,91
250.0,94
251.0,80
252.0,85
253.0,85
254.0,74
255.0,54
256.0,48
257.0,93
258.0,107
259.0,108
260.0,106
261.0,107
262.0,114
263.0,128
264.0,136
265.0,116
266.0,74
267.0,94
268.0,115
269.0,120
270.0,115
271.0,74
272.0,49
273.0,13
274.0,7
275.0,0
276.0,0
277.0,0
278.0,0
279.0,0
280.0,0
281.0,0
282.0,0
283.0,0
284.0,0
285.0,0
286.0,0
287.0,0
288.0,0
289.0,0
290.0,0
291.0,0
292.0,0
293.0,0
294.0,0
295.0,0
296.0,0
297.0,0
298.0,0
299.0,0
300.0,0
301.0,0
302.0,0
303.0,0
304.0,0
305.0,0
306.0,0
307.0,0
308.0,0
309.0,16
310.0,242
311.0,202
312.0,155
313.0,193
314.0,223
315.0,205
316.0,168
317.0,144
318.0,139
319.0,126
320.0,102
321.0,63
322.0,109
323.0,130
324.0,114
325.0,99
326.0,116
327.0,108
328.0,96
329.0,82
330.0,85
331.0,101
332.0,103
333.0,98
334.0,69
335.0,42
336.0,23
337.0,45
338.0,87
339.0,100
340.0,101
341.0,81
342.0,81
343.0,65
344.0,48
345.0,43
346.0,38
347.0,25
348.0,11
349.0,16
350.0,16
351.0,16
352.0,104
353.0,92
354.0,97
355.0,83
356.0,72
357.0,47
358.0,33
359.0,50
360.0,84
361.0,111
362.0,107
363.0,84
364.0,74
365.0,73
366.0,96
367.0,116
368.0,111
369.0,108
370.0,108
371.0,135
372.0,115
373.0,102
374.0,91
375.0,89
376.0,89
377.0,96
378.0,107
379.0,104
380.0,6
381.0,6
382.0,6
383.0,82
384.0,206
385.0,234
386.0,248
387.0,235
388.0,204
389.0,158
390.0,127
391.0,150
392.0,190
393.0,221
394.0,234
395.0,229
396.0,219
397.0,271
398.0,256
399.0,257
400.0,232
401.0,193
402.0,190
403.0,186
404.0,175
405.0,146
406.0,102
407.0,65
408.0,37
409.0,25
410.0,0
411.0,0
412.0,0
413.0,0
414.0,0
415.0,0
416.0,0
417.0,0
418.0,0
419.0,0
420.0,0
421.0,0
422.0,0
423.0,0
424.0,0
425.0,0
426.0,0
427.0,0
428.0,0
429.0,0
430.0,0
431.0,0
432.0,0
433.0,0
434.0,0
435.0,0
436.0,0
437.0,0
438.0,0
439.0,33
440.0,274
441.0,350
442.0,408
443.0,449
444.0,438
445.0,441
446.0,437
447.0,414
448.0,431
449.0,458
450.0,440
451.0,450
452.0,456
453.0,436
454.0,442
455.0,414
456.0,396
457.0,374
458.0,315
459.0,171
460.0,7
461.0,7
462.0,45
463.0,293
464.0,299
465.0,292
466.0,232
467.0,219
468.0,197
469.0,195
470.0,179
471.0,164
472.0,178
473.0,185
474.0,190
475.0,171
476.0,153
477.0,172
478.0,164
479.0,144
480.0,159
481.0,169
482.0,162
483.0,161
484.0,172
485.0,159
486.0,155
487.0,169
488.0,172
489.0,196
490.0,192
491.0,200
492.0,186
493.0,186
494.0,177
495.0,157
496.0,167
497.0,179
498.0,167
499.0,146
500.0,122
501.0,115
502.0,101
503.0,74
504.0,0
505.0,0
506.0,0
507.0,0
508.0,0
509.0,97
510.0,222
511.0,156
512.0,101
513.0,86
514.0,111
515.0,92
516.0,86
517.0,83
518.0,70
519.0,43
520.0,74
521.0,44
522.0,42
523.0,63
524.0,40
525.0,0
526.0,0
527.0,0
528.0,0
529.0,0
530.0,0
531.0,0
532.0,0
533.0,0
534.0,0
535.0,0
536.0,0
537.0,0
538.0,0
539.0,0
540.0,0
541.0,18
542.0,28
543.0,5
544.0,30
545.0,0
546.0,0
547.0,0
548.0,0
549.0,0
550.0,0
551.0,0
552.0,0
553.0,0
554.0,0
555.0,0
556.0,0
557.0,0
558.0,0
559.0,0
560.0,0
561.0,0
562.0,0
563.0,0
564.0,0
565.0,0
566.0,49
567.0,156
568.0,103
569.0,114
570.0,126
571.0,109
572.0,71
573.0,73
574.0,63
575.0,55
576.0,58
577.0,49
578.0,8
579.0,0
580.0,0
581.0,0
582.0,0
583.0,0
584.0,0
585.0,0
586.0,0
587.0,0
588.0,0
589.0,0
590.0,0
591.0,0
592.0,0
593.0,0
594.0,23
595.0,31
596.0,0
597.0,0
598.0,0
599.0,0
600.0,0
601.0,0
602.0,0
603.0,0
604.0,0
605.0,0
606.0,0
607.0,0
608.0,0
609.0,0
610.0,0
611.0,36
612.0,58
613.0,21
614.0,0
615.0,0
616.0,0
617.0,0
618.0,0
619.0,0
620.0,0
621.0,0
622.0,0
623.0,0
624.0,0
625.0,278
626.0,279
627.0,291
628.0,254
629.0,165
630.0,0
631.0,0
632.0,0
633.0,0
634.0,0
635.0,0
636.0,0
637.0,0
638.0,0
639.0,0
640.0,0
641.0,0
642.0,0
643.0,0
644.0,0
645.0,0
646.0,0
647.0,0
648.0,0
649.0,0
650.0,0
651.0,0
652.0,0
653.0,0
654.0,0
655.0,0
656.0,0
657.0,0
658.0,0
659.0,0
660.0,0
661.0,0
662.0,0
663.0,0
664.0,0
665.0,0
666.0,0
667.0,6
668.0,41
669.0,12
670.0,12
671.0,0
672.0,0
673.0,0
674.0,0
675.0,0
676.0,0
677.0,0
678.0,0
679.0,0
680.0,166
681.0,177
682.0,159
683.0,84
684.0,0
685.0,0
686.0,0
687.0,0
688.0,0
689.0,0
690.0,0
691.0,0
692.0,0
693.0,0
694.0,0
695.0,0
696.0,0
697.0,0
698.0,0
699.0,0
700.0,0
701.0,0
702.0,0
703.0,0
704.0,0
705.0,0
706.0,0
707.0,0
708.0,0
709.0,16
710.0,223
711.0,416
712.0,499
713.0,405
714.0,186
715.0,80
716.0,76
717.0,33
718.0,13
719.0,38
720.0,101
721.0,107
722.0,76
723.0,0
724.0,0
725.0,0
726.0,0
727.0,0
728.0,33
729.0,275
730.0,259
731.0,269
732.0,252
733.0,278
734.0,368
735.0,354
736.0,354
737.0,261
738.0,163
739.0,136
740.0,111
741.0,91
742.0,79
743.0,67
744.0,69
745.0,73
746.0,67
747.0,110
748.0,114
749.0,138
750.0,142
751.0,132
752.0,116
753.0,102
754.0,89
755.0,71
756.0,67
757.0,59
758.0,68
759.0,64
760.0,91
761.0,79
762.0,31
763.0,62
764.0,75
765.0,71
766.0,87
767.0,91
768.0,58
769.0,74
770.0,104
771.0,93
772.0,82
773.0,67
774.0,79
775.0,70
776.0,67
777.0,81
778.0,94
779.0,89
780.0,83
781.0,73
782.0,56
783.0,43
784.0,12
785.0,0
786.0,0
787.0,0
788.0,0
789.0,0
790.0,0
791.0,0
792.0,0
793.0,0
794.0,0
795.0,0
796.0,0
797.0,0
798.0,0
799.0,0
800.0,0
801.0,0
802.0,0
803.0,0
804.0,0
805.0,0
806.0,0
807.0,0
808.0,0
809.0,0
810.0,0
811.0,0
812.0,0
813.0,0
814.0,0
815.0,0
816.0,0
817.0,0
818.0,0
819.0,0
820.0,0
821.0,0
822.0,0
823.0,0
824.0,0
825.0,0
826.0,0
827.0,0
828.0,0
829.0,0
830.0,0
831.0,0
832.0,86
833.0,303
834.0,351
835.0,240
836.0,185
837.0,368
838.0,635
839.0,642
840.0,570
841.0,418
842.0,279
843.0,210
844.0,177
845.0,174
846.0,150
847.0,119
848.0,109
849.0,85
850.0,64
851.0,84
852.0,132
853.0,218
854.0,203
855.0,187
856.0,118
857.0,166
858.0,505
859.0,194
860.0,256
861.0,247
862.0,224
863.0,257
864.0,254
865.0,263
866.0,241
867.0,185
868.0,205
869.0,193
870.0,202
871.0,250
872.0,243
873.0,211
874.0,195
875.0,180
876.0,126
877.0,113
878.0,106
879.0,90
880.0,28
881.0,0
882.0,0
883.0,0
884.0,0
885.0,0
886.0,0
887.0,0
888.0,0
889.0,0
890.0,0
891.0,0
892.0,0
893.0,0
894.0,0
895.0,0
896.0,0
897.0,50
898.0,172
899.0,186
900.0,186
901.0,161
902.0,121
903.0,89
904.0,70
905.0,28
906.0,0
907.0,0
908.0,0
909.0,0
910.0,0
911.0,0
912.0,0
913.0,0
914.0,0
915.0,0
916.0,0
917.0,0
918.0,0
919.0,0
920.0,0
921.0,0
922.0,0
923.0,0
924.0,0
925.0,0
926.0,0
927.0,0
928.0,0
929.0,0
930.0,0
931.0,0
932.0,0
933.0,0
934.0,0
935.0,0
936.0,0
937.0,0
938.0,0
939.0,0
940.0,0
941.0,0
942.0,0
943.0,0
944.0,0
945.0,0
946.0,0
947.0,0
948.0,0
949.0,0
950.0,0
951.0,0
952.0,0
953.0,0
954.0,0
955.0,0
956.0,0
957.0,0
958.0,0
959.0,0
960.0,0
961.0,0
962.0,0
963.0,0
964.0,0
965.0,0
966.0,0
967.0,0
968.0,0
969.0,0
970.0,0
971.0,0
972.0,0
973.0,0
974.0,0
975.0,0
976.0,0
977.0,0
978.0,0
979.0,0
980.0,0
981.0,0
982.0,0
983.0,0
984.0,0
985.0,0
986.0,0
987.0,0
988.0,0
989.0,0
990.0,0
991.0,0
992.0,0
993.0,0
994.0,0
995.0,0
996.0,0
997.0,0
998.0,0
999.0,0
1000.0,0
1001.0,0
1002.0,0
1003.0,0
1004.0,0
1005.0,0
1006.0,0
1007.0,0
1008.0,0
1009.0,0
1010.0,0
1011.0,0
1012.0,0
1013.0,0
1014.0,0
1015.0,0
1016.0,0
1017.0,0
1018.0,0
1019.0,0
1020.0,0
1021.0,0
1022.0,0
1023.0,0
1024.0,0
1025.0,0
1026.0,0
1027.0,0
1028.0,0
1029.0,0
1030.0,0
1031.0,0
1032.0,0
1033.0,0
1034.0,0
1035.0,0
1036.0,0
1037.0,0
1038.0,0
1039.0,0
1040.0,0
1041.0,0
1042.0,0
1043.0,0
1044.0,0
1045.0,0
1046.0,0
1047.0,0
1048.0,0
1049.0,0
1050.0,0
1051.0,0
1052.0,0
1053.0,0
1054.0,0
1055.0,0
1056.0,0
1057.0,0
1058.0,0
1059.0,0
1060.0,0
1061.0,0
1062.0,0
1063.0,0
1064.0,0
1065.0,0
1066.0,0
1067.0,0
1068.0,0
1069.0,0
1070.0,0
1071.0,0
1072.0,0
1073.0,0
1074.0,0
1075.0,0
1076.0,0
1077.0,0
1078.0,0
1079.0,0
1080.0,0
1081.0,0
1082.0,0
1083.0,0
1084.0,0
1085.0,0
1086.0,0
1087.0,0
1088.0,0
1089.0,0
1090.0,0
1091.0,0
1092.0,0
1093.0,0
1094.0,0
1095.0,0
1096.0,0
1097.0,0
1098.0,0
1099.0,0
1100.0,0
1101.0,0
1102.0,0
1103.0,0
1104.0,0
1105.0,0
1106.0,0
1107.0,0
1108.0,0
1109.0,0
1110.0,0
1111.0,0
1112.0,0
1113.0,0
1114.0,0
1115.0,0
1116.0,0
1117.0,0
1118.0,0
1119.0,0
1120.0,0
1121.0,0
1122.0,0
1123.0,0
1124.0,0
1125.0,0
1126.0,0
1127.0,0
1128.0,0
1129.0,0
1130.0,0
1131.0,0
1132.0,0
1133.0,0
1134.0,0
1135.0,0
1136.0,0
1137.0,0
1138.0,0
1139.0,0
1140.0,0
1141.0,0
1142.0,0
1143.0,0
1144.0,0
1145.0,0
1146.0,0
1147.0,0
1148.0,0
1149.0,0
1150.0,0
1151.0,0
1152.0,0
1153.0,225
1154.0,301
1155.0,313
1156.0,166
1157.0,126
1158.0,33
1159.0,0
1160.0,0
1161.0,0
1162.0,0
1163.0,0
1164.0,0
1165.0,11
1166.0,161
1167.0,161
1168.0,113
1169.0,117
1170.0,103
1171.0,105
1172.0,140
1173.0,243
1174.0,288
1175.0,304
1176.0,271
1177.0,199
1178.0,235
1179.0,238
1180.0,242
1181.0,220
1182.0,215
1183.0,218
1184.0,189
1185.0,202
1186.0,227
1187.0,233
1188.0,190
1189.0,215
1190.0,229
1191.0,234
1192.0,227
1193.0,192
1194.0,200
1195.0,207
1196.0,222
1197.0,235
1198.0,210
1199.0,193
1200.0,202
1201.0,201
1202.0,189
1203.0,212
1204.0,242
1205.0,231
1206.0,178
1207.0,176
1208.0,177
1209.0,174
1210.0,153
1211.0,167
1212.0,173
1213.0,153
1214.0,130
1215.0,106
1216.0,142
1217.0,174
1218.0,192
1219.0,187
1220.0,181
1221.0,165
1222.0,186
1223.0,191
1224.0,193
1225.0,170
1226.0,170
1227.0,162
1228.0,177
1229.0,173
1230.0,152
1231.0,134
1232.0,151
1233.0,173
1234.0,153
1235.0,148
1236.0,207
1237.0,206
1238.0,159
1239.0,148
1240.0,148
1241.0,155
1242.0,176
1243.0,167
1244.0,159
1245.0,82
1246.0,77
1247.0,79
1248.0,13
1249.0,0
1250.0,0
1251.0,0
1252.0,0
1253.0,0
1254.0,0
1255.0,110
1256.0,338
1257.0,353
1258.0,284
1259.0,243
1260.0,207
1261.0,221
1262.0,227
1263.0,232
1264.0,234
1265.0,205
1266.0,243
1267.0,240
1268.0,223
1269.0,230
1270.0,204
1271.0,212
1272.0,219
1273.0,194
1274.0,233
1275.0,239
1276.0,240
1277.0,263
1278.0,258
1279.0,255
1280.0,237
1281.0,244
1282.0,214
1283.0,201
1284.0,231
1285.0,243
1286.0,238
1287.0,238
1288.0,214
1289.0,243
1290.0,242
1291.0,215
1292.0,196
1293.0,189
1294.0,208
1295.0,170
1296.0,179
1297.0,148
1298.0,188
1299.0,178
1300.0,165
1301.0,141
1302.0,130
1303.0,131
1304.0,177
1305.0,207
1306.0,234
1307.0,190
1308.0,172
1309.0,154
1310.0,149
1311.0,160
1312.0,153
1313.0,192
1314.0,185
1315.0,179
1316.0,153
1317.0,135
1318.0,139
1319.0,155
1320.0,204
1321.0,192
1322.0,196
1323.0,203
1324.0,170
1325.0,172
1326.0,179
1327.0,206
1328.0,197
1329.0,196
1330.0,212
1331.0,213
1332.0,194
1333.0,196
1334.0,204
1335.0,207
1336.0,213
1337.0,205
1338.0,199
1339.0,209
1340.0,197
1341.0,217
1342.0,213
1343.0,203
1344.0,213
1345.0,214
1346.0,224
1347.0,202
1348.0,229
1349.0,241
1350.0,222
1351.0,198
1352.0,202
1353.0,198
1354.0,187
1355.0,192
1356.0,195
1357.0,194
1358.0,187
1359.0,195
1360.0,200
1361.0,177
1362.0,183
1363.0,184
1364.0,171
1365.0,154
1366.0,200
1367.0,224
1368.0,238
1369.0,201
1370.0,247
1371.0,229
1372.0,221
1373.0,211
1374.0,214
1375.0,195
1376.0,104
1377.0,0
1378.0,0
1379.0,0
1380.0,0
1381.0,0
1382.0,0
1383.0,0
1384.0,13
1385.0,5
1386.0,5
1387.0,5
1388.0,77
1389.0,252
1390.0,301
1391.0,196
1392.0,128
1393.0,179
1394.0,224
1395.0,210
1396.0,185
1397.0,149
1398.0,111
1399.0,0
1400.0,0
1401.0,0
1402.0,0
1403.0,0
1404.0,0
1405.0,0
1406.0,0
1407.0,0
1408.0,0
1409.0,0
1410.0,0
1411.0,0
1412.0,0
1413.0,0
1414.0,15
1415.0,52
1416.0,0
1417.0,0
1418.0,0
1419.0,0
1420.0,0
1421.0,0
1422.0,0
1423.0,0
1424.0,0
1425.0,108
1426.0,196
1427.0,198
1428.0,275
1429.0,274
1430.0,297
1431.0,309
1432.0,389
1433.0,371
1434.0,297
1435.0,245
1436.0,231
1437.0,196
1438.0,207
1439.0,228
1440.0,264
1441.0,227
1442.0,182
1443.0,117
1444.0,102
1445.0,73
1446.0,35
1447.0,261
1448.0,337
1449.0,207
1450.0,102
1451.0,69
1452.0,56
1453.0,67
1454.0,77
1455.0,93
1456.0,115
1457.0,125
1458.0,90
1459.0,71
1460.0,84
1461.0,53
1462.0,42
1463.0,71
1464.0,47
1465.0,0
1466.0,0
1467.0,0
1468.0,0
1469.0,0
1470.0,0
1471.0,0
1472.0,0
1473.0,43
1474.0,147
1475.0,139
1476.0,174
1477.0,162
1478.0,181
1479.0,233
1480.0,262
1481.0,273
1482.0,281
1483.0,311
1484.0,337
1485.0,283
1486.0,313
1487.0,303
1488.0,305
1489.0,301
1490.0,280
1491.0,277
1492.0,286
1493.0,266
1494.0,287
1495.0,278
1496.0,264
1497.0,257
1498.0,227
1499.0,249
1500.0,287
1501.0,300
1502.0,355
1503.0,332
1504.0,303
1505.0,376
1506.0,279
1507.0,227
1508.0,191
1509.0,183
1510.0,178
1511.0,171
1512.0,223
1513.0,256
1514.0,267
1515.0,193
1516.0,191
1517.0,230
1518.0,235
1519.0,226
1520.0,250
1521.0,237
1522.0,207
1523.0,202
1524.0,204
1525.0,168
1526.0,133
1527.0,174
1528.0,150
1529.0,137
1530.0,137
1531.0,153
1532.0,143
1533.0,148
1534.0,161
1535.0,168
1536.0,179
1537.0,158
1538.0,131
1539.0,134
1540.0,164
1541.0,191
1542.0,165
1543.0,166
1544.0,150
1545.0,117
1546.0,132
1547.0,154
1548.0,131
1549.0,131
1550.0,132
1551.0,102
1552.0,132
1553.0,139
1554.0,101
1555.0,107
1556.0,149
1557.0,111
1558.0,92
1559.0,90
1560.0,123
1561.0,109
1562.0,79
1563.0,33
1564.0,0
1565.0,0
1566.0,0
1567.0,185
1568.0,213
1569.0,158
1570.0,30
1571.0,0
1572.0,0
1573.0,0
1574.0,0
1575.0,0
1576.0,0
1577.0,0
1578.0,0
1579.0,0
1580.0,0
1581.0,0
1582.0,0
1583.0,0
1584.0,0
1585.0,0
1586.0,0
1587.0,0
1588.0,0
1589.0,0
1590.0,0
1591.0,3
1592.0,75
1593.0,268
1594.0,267
1595.0,279
1596.0,257
1597.0,258
1598.0,300
1599.0,348
1600.0,403
1601.0,284
1602.0,185
1603.0,193
1604.0,212
1605.0,198
1606.0,202
1607.0,157
1608.0,184
1609.0,212
1610.0,161
1611.0,144
1612.0,172
1613.0,249
1614.0,280
1615.0,264
1616.0,265
1617.0,305
1618.0,289
1619.0,308
1620.0,273
1621.0,262
1622.0,233
1623.0,286
1624.0,282
1625.0,267
1626.0,253
1627.0,254
1628.0,225
1629.0,210
1630.0,209
1631.0,186
1632.0,210
1633.0,240
1634.0,247
1635.0,175
1636.0,121
1637.0,148
1638.0,148
1639.0,174
1640.0,179
1641.0,167
1642.0,136
1643.0,119
1644.0,121
1645.0,133
1646.0,187
1647.0,248
1648.0,295
1649.0,330
1650.0,336
1651.0,281
1652.0,258
1653.0,247
1654.0,232
1655.0,245
1656.0,235
1657.0,236
1658.0,252
1659.0,238
1660.0,261
1661.0,275
1662.0,299
1663.0,279
1664.0,268
1665.0,271
1666.0,266
1667.0,193
1668.0,149
1669.0,159
1670.0,161
1671.0,176
1672.0,178
1673.0,225
1674.0,180
1675.0,195
1676.0,214
1677.0,228
1678.0,234
1679.0,217
1680.0,209
1681.0,199
1682.0,215
1683.0,198
1684.0,204
1685.0,209
1686.0,202
1687.0,196
1688.0,183
1689.0,191
1690.0,274
1691.0,362
1692.0,279
1693.0,259
1694.0,246
1695.0,276
1696.0,255
1697.0,269
1698.0,269
1699.0,278
1700.0,250
1701.0,252
1702.0,258
1703.0,252
1704.0,269
1705.0,268
1706.0,270
1707.0,248
1708.0,265
1709.0,255
1710.0,257
1711.0,235
1712.0,227
1713.0,245
1714.0,232
1715.0,270
1716.0,243
1717.0,269
1718.0,249
1719.0,252
1720.0,248
1721.0,247
1722.0,255
1723.0,254
1724.0,266
1725.0,256
1726.0,259
1727.0,270
1728.0,311
1729.0,316
1730.0,284
1731.0,222
1732.0,183
1733.0,181
1734.0,182
1735.0,220
1736.0,258
1737.0,229
1738.0,225
1739.0,265
1740.0,233
1741.0,204
1742.0,231
1743.0,235
1744.0,214
1745.0,209
1746.0,189
1747.0,179
1748.0,193
1749.0,152
1750.0,167
1751.0,197
1752.0,194
1753.0,213
1754.0,209
1755.0,260
1756.0,110
1757.0,0
1758.0,0
1759.0,0
1760.0,0
1761.0,0
1762.0,0
1763.0,0
1764.0,222
1765.0,410
1766.0,437
1767.0,450
1768.0,440
1769.0,443
1770.0,420
1771.0,294
1772.0,246
1773.0,220
1774.0,231
1775.0,297
1776.0,307
1777.0,298
1778.0,271
1779.0,280
1780.0,286
1781.0,273
1782.0,240
1783.0,255
1784.0,277
1785.0,277
1786.0,289
1787.0,286
1788.0,249
1789.0,250
1790.0,224
1791.0,230
1792.0,198
1793.0,173
1794.0,169
1795.0,169
1796.0,237
1797.0,261
1798.0,231
1799.0,223
1800.0,212
1801.0,199
1802.0,210
1803.0,229
1804.0,235
1805.0,237
1806.0,184
1807.0,229
1808.0,241
1809.0,274
1810.0,238
1811.0,230
1812.0,250
1813.0,266
1814.0,261
1815.0,274
1816.0,296
1817.0,273
1818.0,265
1819.0,281
1820.0,290
1821.0,285
1822.0,283
1823.0,267
1824.0,283
1825.0,284
1826.0,298
1827.0,314
1828.0,288
1829.0,260
1830.0,266
1831.0,237
1832.0,284
1833.0,291
1834.0,293
1835.0,295
1836.0,298
1837.0,243
1838.0,248
1839.0,305
1840.0,277
1841.0,243
1842.0,209
1843.0,187
1844.0,218
1845.0,218
1846.0,211
1847.0,195
1848.0,230
1849.0,292
1850.0,293
1851.0,283
1852.0,265
1853.0,250
1854.0,229
1855.0,251
1856.0,257
1857.0,267
1858.0,260
1859.0,215
1860.0,186
1861.0,183
1862.0,219
1863.0,231
1864.0,235
1865.0,247
1866.0,222
1867.0,228
1868.0,251
1869.0,252
1870.0,222
1871.0,252
1872.0,232
1873.0,220
1874.0,192
1875.0,75
1876.0,110
1877.0,305
1878.0,320
1879.0,280
1880.0,226
1881.0,180
1882.0,210
1883.0,249
1884.0,238
1885.0,249
1886.0,230
1887.0,191
1888.0,208
1889.0,252
1890.0,253
1891.0,221
1892.0,220
1893.0,211
1894.0,195
1895.0,190
1896.0,187
1897.0,197
1898.0,138
1899.0,153
1900.0,225
1901.0,257
1902.0,141
1903.0,104
1904.0,111
1905.0,127
1906.0,172
1907.0,223
1908.0,218
1909.0,236
1910.0,229
1911.0,252
1912.0,309
1913.0,315
1914.0,243
1915.0,224
1916.0,219
1917.0,175
1918.0,103
1919.0,124
1920.0,225
1921.0,196
1922.0,214
1923.0,239
1924.0,285
1925.0,258
1926.0,222
1927.0,216
1928.0,215
1929.0,219
1930.0,241
1931.0,206
1932.0,191
1933.0,211
1934.0,145
1935.0,199
1936.0,178
1937.0,220
1938.0,225
1939.0,182
1940.0,176
1941.0,182
1942.0,201
1943.0,221
1944.0,186
1945.0,202
1946.0,210
1947.0,199
1948.0,249
1949.0,207
1950.0,175
1951.0,179
1952.0,227
1953.0,214
1954.0,211
1955.0,225
1956.0,196
1957.0,159
1958.0,174
1959.0,236
1960.0,240
1961.0,230
1962.0,265
1963.0,261
1964.0,233
1965.0,253
1966.0,266
1967.0,256
1968.0,228
1969.0,178
1970.0,160
1971.0,184
1972.0,236
1973.0,228
1974.0,212
1975.0,216
1976.0,244
1977.0,239
1978.0,237
1979.0,230
1980.0,233
1981.0,231
1982.0,193
1983.0,173
1984.0,226
1985.0,190
1986.0,201
1987.0,221
1988.0,267
1989.0,240
1990.0,188
1991.0,166
1992.0,214
1993.0,218
1994.0,203
1995.0,202
1996.0,179
1997.0,149
1998.0,167
1999.0,152
2000.0,114
2001.0,126
2002.0,174
2003.0,209
2004.0,266
2005.0,310
2006.0,324
2007.0,292
2008.0,250
2009.0,241
2010.0,243
2011.0,243
2012.0,218
2013.0,192
2014.0,164
2015.0,192
2016.0,175
2017.0,126
2018.0,182
2019.0,195
2020.0,213
2021.0,205
2022.0,222
2023.0,212
2024.0,201
2025.0,190
2026.0,162
2027.0,200
2028.0,207
2029.0,187
2030.0,184
2031.0,176
2032.0,175
2033.0,204
2034.0,212
2035.0,189
2036.0,178
2037.0,195
2038.0,181
2039.0,126
2040.0,187
2041.0,255
2042.0,267
2043.0,241
2044.0,226
2045.0,216
2046.0,198
2047.0,193
2048.0,174
2049.0,195
2050.0,222
2051.0,233
2052.0,235
2053.0,241
2054.0,230
2055.0,206
2056.0,243
2057.0,231
2058.0,211
2059.0,166
2060.0,187
2061.0,195
2062.0,193
2063.0,217
2064.0,253
2065.0,254
2066.0,228
2067.0,205
2068.0,174
2069.0,202
2070.0,205
2071.0,220
2072.0,237
2073.0,235
2074.0,229
2075.0,220
2076.0,228
2077.0,221
2078.0,212
2079.0,207
2080.0,211
2081.0,242
2082.0,243
2083.0,218
2084.0,195
2085.0,177
2086.0,186
2087.0,218
2088.0,226
2089.0,208
2090.0,192
2091.0,151
2092.0,124
2093.0,97
2094.0,93
2095.0,83
2096.0,7
2097.0,0
2098.0,0
2099.0,0
2100.0,21
2101.0,166
2102.0,161
2103.0,207
2104.0,204
2105.0,228
2106.0,257
2107.0,248
2108.0,256
2109.0,258
2110.0,253
2111.0,270
2112.0,264
2113.0,223
2114.0,142
2115.0,140
2116.0,190
2117.0,236
2118.0,213
2119.0,187
2120.0,247
2121.0,202
2122.0,225
2123.0,248
2124.0,219
2125.0,207
2126.0,130
2127.0,145
2128.0,234
2129.0,173
2130.0,175
2131.0,174
2132.0,168
2133.0,163
2134.0,186
2135.0,210
2136.0,193
2137.0,199
2138.0,191
2139.0,159
2140.0,151
2141.0,186
2142.0,257
2143.0,232
2144.0,158
2145.0,155
2146.0,133
2147.0,127
2148.0,153
2149.0,195
2150.0,187
2151.0,135
2152.0,111
2153.0,28
2154.0,0
2155.0,0
2156.0,0
2157.0,0
2158.0,0
2159.0,0
2160.0,0
2161.0,0
2162.0,0
2163.0,0
2164.0,0
2165.0,185
2166.0,270
2167.0,291
2168.0,160
2169.0,17
2170.0,0
2171.0,0
2172.0,0
2173.0,0
2174.0,0
2175.0,0
2176.0,0
2177.0,117
2178.0,129
2179.0,97
2180.0,112
2181.0,90
2182.0,103
2183.0,133
2184.0,176
2185.0,112
2186.0,105
2187.0,129
2188.0,160
2189.0,118
2190.0,16
2191.0,98
2192.0,0
2193.0,0
2194.0,0
2195.0,0
2196.0,27
2197.0,328
2198.0,230
2199.0,157
2200.0,123
2201.0,153
2202.0,193
2203.0,147
2204.0,197
2205.0,138
2206.0,110
2207.0,158
2208.0,147
2209.0,141
2210.0,174
2211.0,184
2212.0,164
2213.0,204
2214.0,187
2215.0,227
2216.0,275
2217.0,246
2218.0,229
2219.0,222
2220.0,261
2221.0,253
2222.0,210
2223.0,192
2224.0,196
2225.0,181
2226.0,180
2227.0,197
2228.0,195
2229.0,239
2230.0,197
2231.0,151
2232.0,145
2233.0,223
2234.0,205
2235.0,155
2236.0,123
2237.0,140
2238.0,94
2239.0,134
2240.0,195
2241.0,173
2242.0,273
2243.0,293
2244.0,294
2245.0,227
2246.0,215
2247.0,221
2248.0,255
2249.0,179
2250.0,130
2251.0,221
2252.0,245
2253.0,221
2254.0,223
2255.0,182
2256.0,141
2257.0,163
2258.0,224
2259.0,225
2260.0,221
2261.0,217
2262.0,178
2263.0,164
2264.0,171
2265.0,215
2266.0,219
2267.0,238
2268.0,236
2269.0,166
2270.0,174
2271.0,193
2272.0,154
2273.0,142
2274.0,159
2275.0,217
2276.0,205
2277.0,173
2278.0,151
2279.0,162
2280.0,201
2281.0,182
2282.0,197
2283.0,156
2284.0,184
2285.0,192
2286.0,234
2287.0,246
2288.0,249
2289.0,243
2290.0,256
2291.0,232
2292.0,212
2293.0,182
2294.0,180
2295.0,179
2296.0,164
2297.0,195
2298.0,228
2299.0,225
2300.0,232
2301.0,226
2302.0,158
2303.0,172
2304.0,192
2305.0,257
2306.0,261
2307.0,273
2308.0,354
2309.0,391
2310.0,264
2311.0,358
2312.0,320
2313.0,242
2314.0,258
2315.0,236
2316.0,190
2317.0,144
2318.0,141
2319.0,199
2320.0,221
2321.0,214
2322.0,220
2323.0,211
2324.0,257
2325.0,217
2326.0,212
2327.0,205
2328.0,195
2329.0,209
2330.0,195
2331.0,214
2332.0,232
2333.0,203
2334.0,176
2335.0,174
2336.0,167
2337.0,178
2338.0,204
2339.0,200
2340.0,247
2341.0,235
2342.0,208
2343.0,259
2344.0,246
2345.0,239
2346.0,269
2347.0,233
2348.0,210
2349.0,252
2350.0,165
2351.0,161
2352.0,182
2353.0,222
2354.0,218
2355.0,228
2356.0,228
2357.0,159
2358.0,130
2359.0,250
2360.0,304
2361.0,1
2362.0,1
2363.0,1
2364.0,127
2365.0,347
2366.0,185
2367.0,155
2368.0,253
2369.0,198
2370.0,245
2371.0,489
2372.0,605
2373.0,524
2374.0,405
2375.0,321
2376.0,218
2377.0,169
2378.0,134
2379.0,146
2380.0,203
2381.0,227
2382.0,254
2383.0,270
2384.0,245
2385.0,253
2386.0,248
2387.0,249
2388.0,214
2389.0,183
2390.0,169
2391.0,121
2392.0,141
2393.0,178
2394.0,190
2395.0,208
2396.0,165
2397.0,152
2398.0,142
2399.0,91
2400.0,152
2401.0,178
2402.0,173
2403.0,196
2404.0,152
2405.0,144
2406.0,140
2407.0,124
2408.0,119
2409.0,251
2410.0,301
2411.0,306
2412.0,310
2413.0,236
2414.0,249
2415.0,231
2416.0,171
2417.0,171
2418.0,171
2419.0,138
2420.0,135
2421.0,102
2422.0,159
2423.0,196
2424.0,170
2425.0,139
2426.0,175
2427.0,135
2428.0,114
2429.0,126
2430.0,172
2431.0,199
2432.0,220
2433.0,228
2434.0,212
2435.0,221
2436.0,241
2437.0,228
2438.0,261
2439.0,256
2440.0,232
2441.0,202
2442.0,220
2443.0,217
2444.0,187
2445.0,203
2446.0,216
2447.0,243
2448.0,232
2449.0,270
2450.0,302
2451.0,365
2452.0,350
2453.0,318
2454.0,277
2455.0,162
2456.0,156
2457.0,186
2458.0,182
2459.0,172
2460.0,182
2461.0,196
2462.0,157
2463.0,91
2464.0,164
2465.0,208
2466.0,181
2467.0,162
2468.0,188
2469.0,249
2470.0,275
2471.0,270
2472.0,272
2473.0,251
2474.0,187
2475.0,111
2476.0,113
2477.0,19
2478.0,0
2479.0,0
2480.0,0
2481.0,0
2482.0,0
2483.0,0
2484.0,0
2485.0,0
2486.0,0
2487.0,70
2488.0,258
2489.0,140
2490.0,0
2491.0,0
2492.0,0
2493.0,0
2494.0,0
2495.0,0
2496.0,0
2497.0,0
2498.0,0
2499.0,81
2500.0,348
2501.0,424
2502.0,374
2503.0,289
2504.0,240
2505.0,197
2506.0,226
2507.0,245
2508.0,202
2509.0,127
2510.0,135
2511.0,181
2512.0,181
2513.0,128
2514.0,152
2515.0,139
2516.0,155
2517.0,167
2518.0,200
2519.0,208
2520.0,227
2521.0,244
2522.0,154
2523.0,397
2524.0,188
2525.0,123
2526.0,52
2527.0,0
2528.0,0
2529.0,0
2530.0,0
2531.0,0
2532.0,0
2533.0,0
2534.0,102
2535.0,355
2536.0,456
2537.0,497
2538.0,319
2539.0,82
2540.0,69
2541.0,170
2542.0,184
2543.0,172
2544.0,172
2545.0,163
2546.0,104
2547.0,122
2548.0,187
2549.0,136
2550.0,171
2551.0,215
2552.0,242
2553.0,245
2554.0,237
2555.0,306
2556.0,265
2557.0,205
2558.0,173
2559.0,171
2560.0,175
2561.0,175
2562.0,199
2563.0,216
2564.0,186
2565.0,185
2566.0,220
2567.0,231
2568.0,235
2569.0,242
2570.0,255
2571.0,228
2572.0,210
2573.0,218
2574.0,222
2575.0,224
2576.0,239
2577.0,248
2578.0,235
2579.0,227
2580.0,253
2581.0,226
2582.0,210
2583.0,216
2584.0,169
2585.0,165
2586.0,188
2587.0,222
2588.0,192
2589.0,187
2590.0,215
2591.0,218
2592.0,228
2593.0,180
2594.0,190
2595.0,201
2596.0,195
2597.0,211
2598.0,222
2599.0,233
2600.0,220
2601.0,195
2602.0,214
2603.0,208
2604.0,213
2605.0,247
2606.0,249
2607.0,219
2608.0,228
2609.0,212
2610.0,199
2611.0,225
2612.0,245
2613.0,182
2614.0,228
2615.0,239
2616.0,199
2617.0,162
2618.0,203
2619.0,205
2620.0,234
2621.0,213
2622.0,205
2623.0,231
2624.0,211
2625.0,151
2626.0,198
2627.0,216
2628.0,174
2629.0,179
2630.0,217
2631.0,164
2632.0,167
2633.0,167
2634.0,177
2635.0,188
2636.0,191
2637.0,189
2638.0,201
2639.0,227
2640.0,262
2641.0,219
2642.0,173
2643.0,235
2644.0,181
2645.0,193
2646.0,226
2647.0,166
2648.0,191
2649.0,226
2650.0,205
2651.0,164
2652.0,194
2653.0,177
2654.0,118
2655.0,137
2656.0,181
2657.0,144
2658.0,201
2659.0,198
2660.0,226
2661.0,275
2662.0,199
2663.0,86
2664.0,0
2665.0,0
2666.0,0
2667.0,0
2668.0,0
2669.0,0
2670.0,0
2671.0,0
2672.0,0
2673.0,0
2674.0,0
2675.0,59
2676.0,161
2677.0,223
2678.0,247
2679.0,194
2680.0,175
2681.0,169
2682.0,126
2683.0,81
2684.0,17
2685.0,3
2686.0,3
2687.0,4
2688.0,143
2689.0,261
2690.0,244
2691.0,282
2692.0,245
2693.0,189
2694.0,136
2695.0,96
2696.0,88
2697.0,102
2698.0,78
2699.0,78
2700.0,115
2701.0,141
2702.0,131
2703.0,118
2704.0,108
2705.0,149
2706.0,175
2707.0,195
2708.0,198
2709.0,191
2710.0,227
2711.0,233
2712.0,210
2713.0,225
2714.0,253
2715.0,242
2716.0,169
2717.0,110
2718.0,76
2719.0,117
2720.0,180
2721.0,205
2722.0,190
2723.0,220
2724.0,229
2725.0,218
2726.0,243
2727.0,207
2728.0,181
2729.0,195
2730.0,218
2731.0,232
2732.0,232
2733.0,262
2734.0,236
2735.0,221
2736.0,232
2737.0,228
2738.0,217
2739.0,250
2740.0,237
2741.0,194
2742.0,188
2743.0,175
2744.0,117
2745.0,73
2746.0,95
2747.0,103
2748.0,77
2749.0,8
2750.0,0
2751.0,0
2752.0,0
2753.0,0
2754.0,0
2755.0,0
2756.0,0
2757.0,0
2758.0,0
2759.0,298
2760.0,402
2761.0,426
2762.0,436
2763.0,355
2764.0,265
2765.0,233
2766.0,250
2767.0,254
2768.0,226
2769.0,214
2770.0,183
2771.0,222
2772.0,240
2773.0,254
2774.0,241
2775.0,230
2776.0,191
2777.0,176
2778.0,177
2779.0,201
2780.0,252
2781.0,231
2782.0,198
2783.0,102
2784.0,21
2785.0,0
2786.0,0
2787.0,0
2788.0,0
2789.0,0
2790.0,162
2791.0,20
2792.0,0
2793.0,0
2794.0,0
2795.0,0
2796.0,0
2797.0,0
2798.0,0
2799.0,92
2800.0,88
2801.0,205
2802.0,264
2803.0,332
2804.0,341
2805.0,288
2806.0,249
2807.0,234
2808.0,156
2809.0,25
2810.0,29
2811.0,4
2812.0,0
2813.0,0
2814.0,0
2815.0,0
2816.0,8
2817.0,126
2818.0,209
2819.0,229
2820.0,136
2821.0,95
2822.0,157
2823.0,104
2824.0,138
2825.0,174
2826.0,347
2827.0,453
2828.0,344
2829.0,172
2830.0,0
2831.0,0
2832.0,0
2833.0,5
2834.0,293
2835.0,304
2836.0,135
2837.0,0
2838.0,0
2839.0,0
2840.0,0
2841.0,0
2842.0,0
2843.0,0
2844.0,0
2845.0,0
2846.0,128
2847.0,299
2848.0,305
2849.0,274
2850.0,155
2851.0,58
2852.0,8
2853.0,114
2854.0,263
2855.0,233
2856.0,275
2857.0,276
2858.0,311
2859.0,311
2860.0,262
2861.0,221
2862.0,220
2863.0,227
2864.0,270
2865.0,275
2866.0,215
2867.0,239
2868.0,210
2869.0,148
2870.0,130
2871.0,76
2872.0,35
2873.0,45
2874.0,45
2875.0,45
2876.0,234
2877.0,180
2878.0,84
2879.0,65
2880.0,57
2881.0,65
2882.0,77
2883.0,84
2884.0,62
2885.0,50
2886.0,27
2887.0,27
2888.0,28
2889.0,254
2890.0,255
2891.0,217
2892.0,53
2893.0,123
2894.0,244
2895.0,228
2896.0,236
2897.0,181
2898.0,104
2899.0,144
2900.0,190
2901.0,346
2902.0,435
2903.0,372
2904.0,307
2905.0,181
2906.0,63
2907.0,44
2908.0,83
2909.0,114
2910.0,114
2911.0,107
2912.0,117
2913.0,172
2914.0,164
2915.0,190
2916.0,273
2917.0,298
2918.0,312
2919.0,276
2920.0,244
2921.0,216
2922.0,217
2923.0,183
2924.0,200
2925.0,168
2926.0,216
2927.0,264
2928.0,224
2929.0,202
2930.0,190
2931.0,175
2932.0,173
2933.0,193
2934.0,194
2935.0,205
2936.0,179
2937.0,185
2938.0,202
2939.0,203
2940.0,215
2941.0,209
2942.0,167
2943.0,182
2944.0,237
2945.0,246
2946.0,249
2947.0,223
2948.0,231
2949.0,238
2950.0,255
2951.0,204
2952.0,209
2953.0,204
2954.0,197
2955.0,191
2956.0,194
2957.0,218
2958.0,233
2959.0,218
2960.0,192
2961.0,193
2962.0,207
2963.0,204
2964.0,134
2965.0,119
2966.0,114
2967.0,74
2968.0,160
2969.0,163
2970.0,132
2971.0,90
2972.0,10
2973.0,11
2974.0,267
2975.0,310
2976.0,262
2977.0,343
2978.0,374
2979.0,296
2980.0,218
2981.0,249
2982.0,250
2983.0,266
2984.0,273
2985.0,239
2986.0,264
2987.0,274
2988.0,263
2989.0,248
2990.0,218
2991.0,212
2992.0,217
2993.0,219
2994.0,210
2995.0,206
2996.0,247
2997.0,209
2998.0,160
2999.0,164
3000.0,175
3001.0,159
3002.0,128
3003.0,185
3004.0,165
3005.0,158
3006.0,211
3007.0,246
3008.0,212
3009.0,208
3010.0,211
3011.0,209
3012.0,210
3013.0,226
3014.0,224
3015.0,215
3016.0,223
3017.0,203
3018.0,217
3019.0,188
3020.0,207
3021.0,231
3022.0,244
3023.0,250
3024.0,238
3025.0,252
3026.0,250
3027.0,268
3028.0,233
3029.0,231
3030.0,203
3031.0,188
3032.0,209
3033.0,227
3034.0,245
3035.0,224
3036.0,177
3037.0,174
3038.0,202
3039.0,226
3040.0,209
3041.0,210
3042.0,227
3043.0,227
3044.0,226
3045.0,249
3046.0,237
3047.0,225
3048.0,238
3049.0,224
3050.0,224
3051.0,235
3052.0,221
3053.0,174
3054.0,175
3055.0,212
3056.0,206
3057.0,214
3058.0,231
3059.0,202
3060.0,192
3061.0,222
3062.0,223
3063.0,229
3064.0,240
3065.0,240
3066.0,255
3067.0,248
3068.0,254
3069.0,291
3070.0,252
3071.0,217
3072.0,211
3073.0,234
3074.0,252
3075.0,215
3076.0,194
3077.0,206
3078.0,246
3079.0,264
3080.0,209
3081.0,201
3082.0,143
3083.0,141
3084.0,116
3085.0,144
3086.0,189
3087.0,184
3088.0,182
3089.0,217
3090.0,222
3091.0,200
3092.0,172
3093.0,140
3094.0,189
3095.0,215
3096.0,211
3097.0,199
3098.0,221
3099.0,230
3100.0,183
3101.0,211
3102.0,243
3103.0,260
3104.0,239
3105.0,217
3106.0,205
3107.0,245
3108.0,262
3109.0,219
3110.0,183
3111.0,167
3112.0,255
3113.0,296
3114.0,301
3115.0,305
3116.0,277
3117.0,297
3118.0,261
3119.0,222
3120.0,221
3121.0,216
3122.0,188
3123.0,186
3124.0,192
3125.0,200
3126.0,223
3127.0,216
3128.0,197
3129.0,189
3130.0,214
3131.0,189
3132.0,145
3133.0,169
3134.0,218
3135.0,219
3136.0,238
3137.0,257
3138.0,297
3139.0,272
3140.0,276
3141.0,267
3142.0,225
3143.0,184
3144.0,163
3145.0,144
3146.0,198
3147.0,209
3148.0,219
3149.0,203
3150.0,219
3151.0,225
3152.0,219
3153.0,243
3154.0,207
3155.0,190
3156.0,199
3157.0,221
3158.0,235
3159.0,214
3160.0,196
3161.0,183
3162.0,209
3163.0,214
3164.0,185
3165.0,183
3166.0,211
3167.0,206
3168.0,187
3169.0,180
3170.0,134
3171.0,28
3172.0,59
3173.0,79
3174.0,219
3175.0,329
3176.0,296
3177.0,163
3178.0,166
3179.0,236
3180.0,231
3181.0,182
3182.0,214
3183.0,256
3184.0,356
3185.0,297
3186.0,232
3187.0,157
3188.0,146
3189.0,178
3190.0,164
3191.0,179
3192.0,221
3193.0,219
3194.0,168
3195.0,167
3196.0,176
3197.0,215
3198.0,256
3199.0,242
3200.0,253
3201.0,290
3202.0,323
3203.0,282
3204.0,277
3205.0,249
3206.0,207
3207.0,209
3208.0,233
3209.0,223
3210.0,211
3211.0,200
3212.0,206
3213.0,242
3214.0,263
3215.0,283
3216.0,274
3217.0,236
3218.0,148
3219.0,56
3220.0,28
3221.0,98
3222.0,112
3223.0,130
3224.0,222
3225.0,534
3226.0,553
3227.0,493
3228.0,373
3229.0,291
3230.0,264
3231.0,262
3232.0,288
3233.0,270
3234.0,246
3235.0,292
3236.0,299
3237.0,299
3238.0,268
3239.0,246
3240.0,253
3241.0,299
3242.0,374
3243.0,383
3244.0,399
3245.0,448
3246.0,638
3247.0,527
3248.0,666
3249.0,640
3250.0,681
3251.0,723
3252.0,834
3253.0,861
3254.0,839
3255.0,792
3256.0,753
3257.0,672
3258.0,562
3259.0,640
3260.0,566
3261.0,630
3262.0,644
3263.0,678
3264.0,666
3265.0,637
3266.0,642
3267.0,590
3268.0,640
3269.0,609
3270.0,638
3271.0,614
3272.0,600
3273.0,551
3274.0,489
3275.0,379
3276.0,411
3277.0,407
3278.0,411
3279.0,428
3280.0,417
3281.0,389
3282.0,368
3283.0,397
3284.0,475
3285.0,576
3286.0,532
3287.0,489
3288.0,484
3289.0,477
3290.0,473
3291.0,502
3292.0,437
3293.0,458
3294.0,440
3295.0,405
3296.0,420
3297.0,394
3298.0,394
3299.0,393
3300.0,408
3301.0,413
3302.0,450
3303.0,419
3304.0,407
3305.0,470
3306.0,520
3307.0,445
3308.0,418
3309.0,403
3310.0,382
3311.0,302
3312.0,282
3313.0,280
3314.0,264
3315.0,248
3316.0,246
3317.0,304
3318.0,292
3319.0,260
3320.0,240
3321.0,225
3322.0,206
3323.0,238
3324.0,252
3325.0,238
3326.0,224
3327.0,329
3328.0,298
3329.0,486
3330.0,381
3331.0,303
3332.0,265
3333.0,226
3334.0,211
3335.0,167
3336.0,192
3337.0,137
3338.0,125
3339.0,109
3340.0,78
3341.0,53
3342.0,0
3343.0,0
3344.0,0
3345.0,128
3346.0,74
3347.0,10
3348.0,10
3349.0,12
3350.0,170
3351.0,192
3352.0,109
3353.0,97
3354.0,86
3355.0,99
3356.0,127
3357.0,174
3358.0,175
3359.0,183
3360.0,160
3361.0,156
3362.0,110
3363.0,91
3364.0,159
3365.0,223
3366.0,147
3367.0,13
3368.0,0
3369.0,0
3370.0,0
3371.0,0
3372.0,0
3373.0,268
3374.0,221
3375.0,241
3376.0,234
3377.0,221
3378.0,276
3379.0,317
3380.0,315
3381.0,289
3382.0,224
3383.0,145
3384.0,125
3385.0,153
3386.0,151
3387.0,202
3388.0,156
3389.0,153
3390.0,233
3391.0,222
3392.0,261
3393.0,243
3394.0,205
3395.0,184
3396.0,168
3397.0,125
3398.0,106
3399.0,133
3400.0,152
3401.0,122
3402.0,113
3403.0,145
3404.0,156
3405.0,110
3406.0,103
3407.0,74
3408.0,0
3409.0,0
3410.0,0
3411.0,0
3412.0,0
3413.0,0
3414.0,0
3415.0,0
3416.0,0
3417.0,0
3418.0,209
3419.0,320
3420.0,355
3421.0,344
3422.0,348
3423.0,421
3424.0,378
3425.0,305
3426.0,251
3427.0,242
3428.0,244
3429.0,245
3430.0,253
3431.0,245
3432.0,240
3433.0,269
3434.0,240
3435.0,223
3436.0,217
3437.0,250
3438.0,256
3439.0,240
3440.0,225
3441.0,227
3442.0,231
3443.0,195
3444.0,167
3445.0,159
3446.0,218
3447.0,263
3448.0,293
3449.0,310
3450.0,326
3451.0,317
3452.0,465
3453.0,489
3454.0,497
3455.0,428
3456.0,396
3457.0,257
3458.0,144
3459.0,56
3460.0,56
3461.0,57
3462.0,223
3463.0,145
3464.0,89
3465.0,0
3466.0,0
3467.0,0
3468.0,0
3469.0,0
3470.0,0
3471.0,0
3472.0,0
3473.0,0
3474.0,494
3475.0,405
3476.0,283
3477.0,203
3478.0,178
3479.0,219
3480.0,241
3481.0,184
3482.0,182
3483.0,191
3484.0,168
3485.0,167
3486.0,181
3487.0,206
3488.0,211
3489.0,220
3490.0,189
3491.0,199
3492.0,199
3493.0,221
3494.0,229
3495.0,245
3496.0,241
3497.0,210
3498.0,229
3499.0,268
3500.0,232
3501.0,225
3502.0,218
3503.0,214
3504.0,224
3505.0,199
3506.0,210
3507.0,227
3508.0,208
3509.0,211
3510.0,238
3511.0,245
3512.0,237
3513.0,204
3514.0,212
3515.0,206
3516.0,207
3517.0,198
3518.0,209
3519.0,216
3520.0,204
3521.0,220
3522.0,264
3523.0,248
3524.0,242
3525.0,241
3526.0,248
3527.0,241
3528.0,248
3529.0,236
3530.0,218
3531.0,230
3532.0,245
3533.0,222
3534.0,241
3535.0,236
3536.0,242
3537.0,229
3538.0,229
3539.0,225
3540.0,182
3541.0,149
3542.0,162
3543.0,182
3544.0,161
3545.0,153
3546.0,179
3547.0,191
3548.0,180
3549.0,200
3550.0,207
3551.0,204
3552.0,207
3553.0,176
3554.0,188
3555.0,202
3556.0,188
3557.0,211
3558.0,205
3559.0,202
3560.0,213
3561.0,231
3562.0,191
3563.0,224
3564.0,202
3565.0,196
3566.0,202
3567.0,202
3568.0,199
3569.0,199
3570.0,206
3571.0,198
3572.0,215
3573.0,198
3574.0,205
3575.0,242
3576.0,256
3577.0,230
3578.0,243
3579.0,252
3580.0,221
3581.0,219
3582.0,241
3583.0,236
3584.0,214
3585.0,221
3586.0,233
3587.0,265
3588.0,261
3589.0,270
3590.0,266
3591.0,239
3592.0,252
3593.0,238
3594.0,219
3595.0,233
3596.0,259
3597.0,271
3598.0,273
3599.0,256
3600.0,226
3601.0,196
3602.0,261
3603.0,267
3604.0,216
3605.0,194
3606.0,247
3607.0,245
3608.0,239
3609.0,241
3610.0,223
3611.0,213
3612.0,215
3613.0,209
3614.0,202
3615.0,171
3616.0,180
3617.0,200
3618.0,185
3619.0,202
3620.0,240
3621.0,253
3622.0,261
3623.0,242
3624.0,207
3625.0,234
3626.0,288
3627.0,274
3628.0,243
3629.0,246
3630.0,252
3631.0,254
3632.0,254
3633.0,235
3634.0,227
3635.0,212
3636.0,236
3637.0,270
3638.0,332
3639.0,313
3640.0,257
3641.0,200
3642.0,182
3643.0,216
3644.0,209
3645.0,192
3646.0,251
3647.0,287
3648.0,279
3649.0,274
3650.0,262
3651.0,246
3652.0,251
3653.0,249
3654.0,239
3655.0,231
3656.0,211
3657.0,239
3658.0,246
3659.0,233
3660.0,225
3661.0,236
3662.0,233
3663.0,236
3664.0,236
3665.0,236
3666.0,256
3667.0,232
3668.0,225
3669.0,213
3670.0,228
3671.0,250
3672.0,261
3673.0,239
3674.0,239
3675.0,224
3676.0,225
3677.0,246
3678.0,242
3679.0,227
3680.0,216
3681.0,207
3682.0,207
3683.0,195
3684.0,183
3685.0,194
3686.0,200
3687.0,212
3688.0,196
3689.0,231
3690.0,248
3691.0,246
3692.0,239
3693.0,220
3694.0,202
3695.0,199
3696.0,177
3697.0,160
3698.0,149
3699.0,160
3700.0,185
3701.0,221
3702.0,290
3703.0,279
3704.0,210
3705.0,107
3706.0,83
3707.0,87
3708.0,105
3709.0,88
3710.0,46
3711.0,0
3712.0,0
3713.0,0
3714.0,0
3715.0,0
3716.0,0
3717.0,0
3718.0,0
3719.0,0
3720.0,125
3721.0,236
3722.0,252
3723.0,246
3724.0,119
3725.0,51
3726.0,211
3727.0,301
3728.0,301
3729.0,312
3730.0,318
3731.0,259
3732.0,221
3733.0,182
3734.0,176
3735.0,163
3736.0,164
3737.0,181
3738.0,205
3739.0,186
3740.0,160
3741.0,164
3742.0,174
3743.0,196
3744.0,227
3745.0,243
3746.0,264
3747.0,221
3748.0,222
3749.0,233
3750.0,235
3751.0,217
3752.0,204
3753.0,186
3754.0,194
3755.0,218
3756.0,227
3757.0,226
3758.0,208
3759.0,195
3760.0,196
3761.0,199
3762.0,195
3763.0,218
3764.0,244
3765.0,242
3766.0,238
3767.0,254
3768.0,240
3769.0,229
3770.0,235
3771.0,239
3772.0,226
3773.0,213
3774.0,223
3775.0,205
3776.0,208
3777.0,208
3778.0,197
3779.0,206
3780.0,243
3781.0,242
3782.0,215
3783.0,203
3784.0,231
3785.0,240
3786.0,255
3787.0,237
3788.0,204
3789.0,198
3790.0,210
3791.0,223
3792.0,239
3793.0,230
3794.0,212
3795.0,191
3796.0,170
3797.0,192
3798.0,196
3799.0,173
3800.0,192
3801.0,169
3802.0,203
3803.0,214
3804.0,164
3805.0,99
3806.0,190
3807.0,213
3808.0,214
3809.0,185
3810.0,120
3811.0,113
3812.0,124
3813.0,166
3814.0,151
3815.0,148
3816.0,131
3817.0,150
3818.0,198
3819.0,230
3820.0,276
3821.0,337
3822.0,335
3823.0,304
3824.0,292
3825.0,305
3826.0,309
3827.0,303
3828.0,264
3829.0,276
3830.0,268
3831.0,269
3832.0,269
3833.0,249
3834.0,238
3835.0,234
3836.0,245
3837.0,255
3838.0,294
3839.0,305
3840.0,285
3841.0,278
3842.0,258
3843.0,236
3844.0,205
3845.0,222
3846.0,231
3847.0,267
3848.0,253
3849.0,251
3850.0,249
3851.0,243
3852.0,239
3853.0,228
3854.0,192
3855.0,187
3856.0,202
3857.0,219
3858.0,260
3859.0,271
3860.0,245
3861.0,232
3862.0,234
3863.0,233
3864.0,229
3865.0,250
3866.0,276
3867.0,261
3868.0,267
3869.0,271
3870.0,276
3871.0,281
3872.0,259
3873.0,260
3874.0,274
3875.0,261
3876.0,278
3877.0,278
3878.0,303
3879.0,291
3880.0,296
3881.0,329
3882.0,334
3883.0,327
3884.0,281
3885.0,258
3886.0,284
3887.0,262
3888.0,207
3889.0,191
3890.0,245
3891.0,287
3892.0,321
3893.0,300
3894.0,233
3895.0,243
3896.0,299
3897.0,322
3898.0,331
3899.0,338
3900.0,293
3901.0,250
3902.0,247
3903.0,302
3904.0,300
3905.0,293
3906.0,297
3907.0,311
3908.0,315
3909.0,321
3910.0,304
3911.0,303
3912.0,298
3913.0,285
3914.0,269
3915.0,265
3916.0,276
3917.0,304
3918.0,296
3919.0,307
3920.0,273
3921.0,276
3922.0,274
3923.0,273
3924.0,282
3925.0,268
3926.0,336
3927.0,329
3928.0,304
3929.0,310
3930.0,324
3931.0,325
3932.0,346
3933.0,343
3934.0,345
3935.0,338
3936.0,371
3937.0,608
3938.0,673
3939.0,696
3940.0,692
3941.0,653
3942.0,567
3943.0,607
3944.0,648
3945.0,625
3946.0,575
3947.0,550
3948.0,415
3949.0,462
3950.0,494
3951.0,481
3952.0,476
3953.0,473
3954.0,481
3955.0,478
3956.0,464
3957.0,505
3958.0,482
3959.0,447
3960.0,424
3961.0,410
3962.0,402
3963.0,303
3964.0,249
3965.0,286
3966.0,291
3967.0,263
3968.0,254
3969.0,293
3970.0,278
3971.0,260
3972.0,277
3973.0,263
3974.0,255
3975.0,273
3976.0,293
3977.0,302
3978.0,269
3979.0,270
3980.0,285
3981.0,296
3982.0,283
3983.0,274
3984.0,271
3985.0,243
3986.0,258
3987.0,257
3988.0,245
3989.0,263
3990.0,264
3991.0,274
3992.0,294
3993.0,299
3994.0,303
3995.0,304
3996.0,311
3997.0,342
3998.0,338
3999.0,304
4000.0,314
4001.0,317
4002.0,336
4003.0,329
4004.0,307
4005.0,308
4006.0,306
4007.0,278
4008.0,278
4009.0,301
4010.0,311
4011.0,302
4012.0,298
4013.0,288
4014.0,317
4015.0,304
4016.0,296
4017.0,277
4018.0,269
4019.0,296
4020.0,308
4021.0,286
4022.0,291
4023.0,278
4024.0,297
4025.0,301
4026.0,312
4027.0,309
4028.0,281
4029.0,271
4030.0,258
4031.0,259
4032.0,284
4033.0,294
4034.0,316
4035.0,300
4036.0,294
4037.0,239
4038.0,299
4039.0,315
4040.0,328
4041.0,348
4042.0,315
4043.0,292
4044.0,309
4045.0,334
4046.0,314
4047.0,307
4048.0,300
4049.0,292
4050.0,309
4051.0,303
4052.0,302
4053.0,299
4054.0,304
4055.0,309
4056.0,307
4057.0,293
4058.0,303
4059.0,296
4060.0,315
4061.0,361
4062.0,339
4063.0,317
4064.0,301
4065.0,322
4066.0,312
4067.0,304
4068.0,276
4069.0,273
4070.0,284
4071.0,285
4072.0,276
4073.0,247
4074.0,261
4075.0,262
4076.0,278
4077.0,313
4078.0,318
4079.0,312
4080.0,300
4081.0,278
4082.0,235
4083.0,249
4084.0,250
4085.0,223
4086.0,262
4087.0,277
4088.0,277
4089.0,251
4090.0,334
4091.0,298
4092.0,256
4093.0,40
4094.0,24
4095.0,24
4096.0,26
4097.0,154
4098.0,132
4099.0,157
4100.0,144
4101.0,250
4102.0,288
4103.0,309
4104.0,307
4105.0,330
4106.0,290
4107.0,281
4108.0,274
4109.0,297
4110.0,307
4111.0,283
4112.0,250
4113.0,272
4114.0,281
4115.0,249
4116.0,244
4117.0,231
4118.0,248
4119.0,258
4120.0,240
4121.0,191
4122.0,198
4123.0,229
4124.0,211
4125.0,228
4126.0,227
4127.0,228
4128.0,228
4129.0,212
4130.0,192
4131.0,187
4132.0,185
4133.0,167
4134.0,164
4135.0,190
4136.0,271
4137.0,243
4138.0,226
4139.0,247
4140.0,240
4141.0,240
4142.0,219
4143.0,235
4144.0,257
4145.0,230
4146.0,119
4147.0,142
4148.0,190
4149.0,217
4150.0,234
4151.0,253
4152.0,268
4153.0,242
4154.0,209
4155.0,188
4156.0,216
4157.0,217
4158.0,244
4159.0,243
4160.0,246
4161.0,258
4162.0,227
4163.0,241
4164.0,229
4165.0,207
4166.0,230
4167.0,216
4168.0,236
4169.0,229
4170.0,230
4171.0,226
4172.0,226
4173.0,242
4174.0,217
4175.0,205
4176.0,209
4177.0,194
4178.0,190
4179.0,209
4180.0,251
4181.0,248
4182.0,250
4183.0,249
4184.0,237
4185.0,204
4186.0,222
4187.0,187
4188.0,207
4189.0,160
4190.0,239
4191.0,171
4192.0,246
4193.0,260
4194.0,299
4195.0,314
4196.0,306
4197.0,244
4198.0,253
4199.0,241
4200.0,282
4201.0,269
4202.0,263
4203.0,218
4204.0,242
4205.0,239
4206.0,229
4207.0,225
4208.0,216
4209.0,177
4210.0,224
4211.0,263
4212.0,264
4213.0,250
4214.0,251
4215.0,269
4216.0,255
4217.0,238
4218.0,225
4219.0,211
4220.0,221
4221.0,212
4222.0,233
4223.0,236
4224.0,226
4225.0,201
4226.0,182
4227.0,180
4228.0,192
4229.0,205
4230.0,194
4231.0,204
4232.0,173
4233.0,183
4234.0,194
4235.0,202
4236.0,187
4237.0,215
4238.0,207
4239.0,215
4240.0,229
4241.0,220
4242.0,219
4243.0,209
4244.0,206
4245.0,228
4246.0,224
4247.0,217
4248.0,243
4249.0,235
4250.0,225
4251.0,230
4252.0,219
4253.0,227
4254.0,260
4255.0,274
4256.0,271
4257.0,245
4258.0,213
4259.0,243
4260.0,273
4261.0,328
4262.0,333
4263.0,256
4264.0,193
4265.0,211
4266.0,235
4267.0,267
4268.0,243
4269.0,201
4270.0,178
4271.0,209
4272.0,244
4273.0,196
4274.0,209
4275.0,245
4276.0,247
4277.0,248
4278.0,239
4279.0,224
4280.0,208
4281.0,209
4282.0,220
4283.0,222
4284.0,224
4285.0,239
4286.0,246
4287.0,229
4288.0,216
4289.0,217
4290.0,216
4291.0,186
4292.0,197
4293.0,250
4294.0,251
4295.0,250
4296.0,253
4297.0,237
4298.0,222
4299.0,215
4300.0,235
4301.0,226
4302.0,191
4303.0,192
4304.0,222
4305.0,223
4306.0,217
4307.0,227
4308.0,238
4309.0,260
4310.0,265
4311.0,236
4312.0,221
4313.0,224
4314.0,229
4315.0,226
4316.0,238
4317.0,234
4318.0,206
4319.0,195
4320.0,207
4321.0,195
4322.0,191
4323.0,176
4324.0,213
4325.0,216
4326.0,185
4327.0,216
4328.0,221
4329.0,210
4330.0,205
4331.0,193
4332.0,180
4333.0,192
4334.0,216
4335.0,178
4336.0,182
4337.0,232
4338.0,236
4339.0,235
4340.0,200
4341.0,191
4342.0,190
4343.0,197
4344.0,189
4345.0,201
4346.0,209
4347.0,184
4348.0,197
4349.0,202
4350.0,223
4351.0,196
4352.0,189
4353.0,194
4354.0,185
4355.0,215
4356.0,213
4357.0,194
4358.0,184
4359.0,203
4360.0,210
4361.0,215
4362.0,199
4363.0,213
4364.0,165
4365.0,188
4366.0,214
4367.0,209
4368.0,221
4369.0,205
4370.0,202
4371.0,202
4372.0,222
4373.0,209
4374.0,238
4375.0,224
4376.0,256
4377.0,257
4378.0,249
4379.0,259
4380.0,265
4381.0,229
4382.0,227
4383.0,237
4384.0,255
4385.0,242
4386.0,236
4387.0,215
4388.0,215
4389.0,227
4390.0,232
4391.0,239
4392.0,237
4393.0,212
4394.0,195
4395.0,185
4396.0,189
4397.0,201
4398.0,233
4399.0,238
4400.0,229
4401.0,225
4402.0,231
4403.0,216
4404.0,199
4405.0,191
4406.0,205
4407.0,201
4408.0,213
4409.0,218
4410.0,224
4411.0,240
4412.0,238
4413.0,247
4414.0,264
4415.0,236
4416.0,216
4417.0,234
4418.0,232
4419.0,217
4420.0,234
4421.0,236
4422.0,239
4423.0,242
4424.0,253
4425.0,231
4426.0,212
4427.0,191
4428.0,255
4429.0,224
4430.0,149
4431.0,295
4432.0,262
4433.0,239
4434.0,220
4435.0,217
4436.0,240
4437.0,232
4438.0,250
4439.0,235
4440.0,249
4441.0,228
4442.0,245
4443.0,266
4444.0,250
4445.0,206
4446.0,182
4447.0,207
4448.0,223
4449.0,262
4450.0,219
4451.0,206
4452.0,214
4453.0,237
4454.0,250
4455.0,238
4456.0,237
4457.0,222
4458.0,220
4459.0,239
4460.0,237
4461.0,226
4462.0,225
4463.0,245
4464.0,226
4465.0,220
4466.0,212
4467.0,224
4468.0,245
4469.0,246
4470.0,230
4471.0,208
4472.0,218
4473.0,211
4474.0,217
4475.0,238
4476.0,219
4477.0,198
4478.0,207
4479.0,237
4480.0,266
4481.0,303
4482.0,297
4483.0,285
4484.0,233
4485.0,221
4486.0,227
4487.0,217
4488.0,212
4489.0,188
4490.0,191
4491.0,174
4492.0,185
4493.0,181
4494.0,173
4495.0,227
4496.0,204
4497.0,201
4498.0,240
4499.0,251
4500.0,212
4501.0,222
4502.0,205
4503.0,199
4504.0,168
4505.0,181
4506.0,196
4507.0,225
4508.0,210
4509.0,206
4510.0,200
4511.0,206
4512.0,235
4513.0,247
4514.0,231
4515.0,243
4516.0,212
4517.0,237
4518.0,240
4519.0,240
4520.0,213
4521.0,201
4522.0,194
4523.0,216
4524.0,235
4525.0,210
4526.0,205
4527.0,270
4528.0,132
4529.0,248
4530.0,248
4531.0,233
4532.0,195
4533.0,209
4534.0,215
4535.0,224
4536.0,228
4537.0,234
4538.0,216
4539.0,202
4540.0,219
4541.0,224
4542.0,211
4543.0,183
4544.0,187
4545.0,189
4546.0,191
4547.0,229
4548.0,200
4549.0,228
4550.0,224
4551.0,214
4552.0,220
4553.0,199
4554.0,183
4555.0,196
4556.0,209
4557.0,210
4558.0,222
4559.0,206
4560.0,203
4561.0,213
4562.0,199
4563.0,199
4564.0,189
4565.0,147
4566.0,133
4567.0,42
4568.0,0
4569.0,0
4570.0,0
4571.0,174
4572.0,312
4573.0,336
4574.0,426
4575.0,411
4576.0,270
4577.0,206
4578.0,176
4579.0,166
4580.0,132
4581.0,172
4582.0,204
4583.0,186
4584.0,188
4585.0,221
4586.0,209
4587.0,199
4588.0,232
4589.0,237
4590.0,225
4591.0,236
4592.0,236
4593.0,245
4594.0,254
4595.0,250
4596.0,263
4597.0,280
4598.0,274
4599.0,260
4600.0,271
4601.0,218
4602.0,216
4603.0,231
4604.0,187
4605.0,194
4606.0,259
4607.0,279
4608.0,261
4609.0,254
4610.0,226
4611.0,239
4612.0,249
4613.0,272
4614.0,243
4615.0,229
4616.0,240
4617.0,266
4618.0,340
4619.0,342
4620.0,240
4621.0,145
4622.0,182
4623.0,255
4624.0,250
4625.0,224
4626.0,196
4627.0,203
4628.0,139
4629.0,142
4630.0,221
4631.0,236
4632.0,236
4633.0,244
4634.0,228
4635.0,266
4636.0,265
4637.0,256
4638.0,271
4639.0,242
4640.0,250
4641.0,232
4642.0,190
4643.0,215
4644.0,231
4645.0,228
4646.0,223
4647.0,222
4648.0,216
4649.0,228
4650.0,200
4651.0,184
4652.0,194
4653.0,214
4654.0,233
4655.0,241
4656.0,252
4657.0,231
4658.0,221
4659.0,238
4660.0,240
4661.0,221
4662.0,217
4663.0,203
4664.0,221
4665.0,227
4666.0,239
4667.0,228
4668.0,232
4669.0,232
4670.0,258
4671.0,235
4672.0,257
4673.0,248
4674.0,251
4675.0,242
4676.0,257
4677.0,241
4678.0,253
4679.0,248
4680.0,239
4681.0,237
4682.0,213
4683.0,212
4684.0,217
4685.0,219
4686.0,219
4687.0,238
4688.0,235
4689.0,202
4690.0,210
4691.0,197
4692.0,187
4693.0,193
4694.0,197
4695.0,207
4696.0,184
4697.0,184
4698.0,203
4699.0,215
4700.0,196
4701.0,194
4702.0,197
4703.0,195
4704.0,192
4705.0,200
4706.0,212
4707.0,228
4708.0,222
4709.0,209
4710.0,195
4711.0,201
4712.0,204
4713.0,192
4714.0,201
4715.0,216
4716.0,215
4717.0,225
4718.0,219
4719.0,230
4720.0,218
4721.0,221
4722.0,209
4723.0,208
4724.0,213
4725.0,238
4726.0,237
4727.0,208
4728.0,221
4729.0,238
4730.0,230
4731.0,218
4732.0,235
4733.0,233
4734.0,234
4735.0,215
4736.0,227
4737.0,219
4738.0,195
4739.0,218
4740.0,186
4741.0,213
4742.0,224
4743.0,221
4744.0,111
4745.0,1
4746.0,71
4747.0,195
4748.0,215
4749.0,193
4750.0,173
4751.0,175
4752.0,215
4753.0,203
4754.0,193
4755.0,182
4756.0,199
4757.0,224
4758.0,205
4759.0,177
4760.0,190
4761.0,227
4762.0,199
4763.0,189
4764.0,180
4765.0,180
4766.0,192
4767.0,167
4768.0,160
4769.0,174
4770.0,164
4771.0,193
4772.0,178
4773.0,166
4774.0,163
4775.0,150
4776.0,142
4777.0,134
4778.0,41
4779.0,0
4780.0,0
4781.0,0
4782.0,0
4783.0,0
4784.0,0
4785.0,0
4786.0,0
4787.0,0
4788.0,0
4789.0,0
4790.0,0
4791.0,0
4792.0,0
4793.0,0
4794.0,0
4795.0,0
4796.0,0
4797.0,0
4798.0,190
4799.0,216
4800.0,195
4801.0,204
4802.0,238
4803.0,265
4804.0,214
4805.0,146
4806.0,133
4807.0,148
4808.0,153
4809.0,21
4810.0,0
4811.0,0
4812.0,0
4813.0,0
4814.0,0
4815.0,0
4816.0,33
4817.0,301
4818.0,371
4819.0,344
4820.0,304
4821.0,232
4822.0,188
4823.0,144
4824.0,137
4825.0,158
4826.0,225
4827.0,293
4828.0,430
4829.0,419
4830.0,430
4831.0,429
4832.0,405
4833.0,395
4834.0,395
4835.0,376
4836.0,351
4837.0,211
4838.0,173
4839.0,163
4840.0,251
4841.0,268
4842.0,246
4843.0,328
4844.0,257
4845.0,201
4846.0,206
4847.0,200
4848.0,216
4849.0,205
4850.0,244
4851.0,227
4852.0,203
4853.0,222
4854.0,301
4855.0,267
4856.0,230
4857.0,219
4858.0,232
4859.0,231
4860.0,253
4861.0,279
4862.0,262
4863.0,258
4864.0,220
4865.0,209
4866.0,210
4867.0,224
4868.0,220
4869.0,186
4870.0,221
4871.0,211
4872.0,226
4873.0,278
4874.0,245
4875.0,231
4876.0,216
4877.0,187
4878.0,184
4879.0,185
4880.0,222
4881.0,214
4882.0,215
4883.0,230
4884.0,214
4885.0,213
4886.0,193
4887.0,226
4888.0,236
4889.0,251
4890.0,251
4891.0,251
4892.0,261
4893.0,214
4894.0,172
4895.0,157
4896.0,203
4897.0,235
4898.0,224
4899.0,214
4900.0,224
4901.0,211
4902.0,190
4903.0,125
4904.0,126
4905.0,149
4906.0,150
4907.0,87
4908.0,1
4909.0,0
4910.0,0
4911.0,0
4912.0,0
4913.0,120
4914.0,141
4915.0,139
4916.0,113
4917.0,54
4918.0,0
4919.0,0
4920.0,0
4921.0,0
4922.0,0
4923.0,0
4924.0,0
4925.0,0
4926.0,0
4927.0,0
4928.0,0
4929.0,0
4930.0,0
4931.0,0
4932.0,0
4933.0,0
4934.0,0
4935.0,94
4936.0,293
4937.0,232
4938.0,47
4939.0,0
4940.0,0
4941.0,0
4942.0,0
4943.0,0
4944.0,0
4945.0,108
4946.0,165
4947.0,187
4948.0,167
4949.0,148
4950.0,44
4951.0,0
4952.0,0
4953.0,0
4954.0,0
4955.0,0
4956.0,0
4957.0,0
4958.0,39
4959.0,92
4960.0,45
4961.0,24
4962.0,24
4963.0,193
4964.0,36
4965.0,27
4966.0,72
4967.0,0
4968.0,0
4969.0,0
4970.0,0
4971.0,249
4972.0,180
4973.0,171
4974.0,112
4975.0,0
4976.0,0
4977.0,0
4978.0,102
4979.0,299
4980.0,258
4981.0,119
4982.0,33
4983.0,24
4984.0,25
4985.0,95
4986.0,114
4987.0,109
4988.0,76
4989.0,100
4990.0,132
4991.0,113
4992.0,110
4993.0,158
4994.0,128
4995.0,109
4996.0,177
4997.0,234
4998.0,229
4999.0,148
5000.0,93
5001.0,84
5002.0,66
5003.0,52
5004.0,0
5005.0,0
5006.0,0
5007.0,0
5008.0,0
5009.0,0
5010.0,170
5011.0,237
5012.0,232
5013.0,212
5014.0,144
5015.0,136
5016.0,167
5017.0,183
5018.0,191
5019.0,143
5020.0,109
5021.0,125
5022.0,123
5023.0,27
5024.0,1
5025.0,0
5026.0,0
5027.0,0
5028.0,0
5029.0,0
5030.0,0
5031.0,0
5032.0,0
5033.0,0
5034.0,0
5035.0,0
5036.0,0
5037.0,0
5038.0,0
5039.0,0
5040.0,0
5041.0,0
5042.0,0
5043.0,0
5044.0,0
5045.0,0
5046.0,0
5047.0,0
5048.0,0
5049.0,0
5050.0,0
5051.0,0
5052.0,0
5053.0,0
5054.0,0
5055.0,0
5056.0,0
5057.0,0
5058.0,0
5059.0,0
5060.0,0
5061.0,0
5062.0,0
5063.0,0
5064.0,0
5065.0,0
5066.0,0
5067.0,0
5068.0,0
5069.0,0
5070.0,0
5071.0,0
5072.0,0
5073.0,0
5074.0,0
5075.0,0
5076.0,0
5077.0,0
5078.0,0
5079.0,0
5080.0,0
5081.0,0
5082.0,0
5083.0,0
5084.0,0
5085.0,0
5086.0,0
5087.0,0
5088.0,0
5089.0,0
5090.0,0
5091.0,0
5092.0,0
5093.0,0
5094.0,0
5095.0,0
5096.0,0
5097.0,0
5098.0,0
5099.0,0
5100.0,0
5101.0,0
5102.0,0
5103.0,0
5104.0,0
5105.0,0
5106.0,0
5107.0,0
5108.0,0
5109.0,0
5110.0,0
5111.0,0
5112.0,0
5113.0,0
5114.0,0
5115.0,0
5116.0,0
5117.0,0
5118.0,0
5119.0,0
5120.0,0
5121.0,0
5122.0,0
5123.0,0
5124.0,0
5125.0,0
5126.0,0
5127.0,0
5128.0,0
5129.0,0
5130.0,0
5131.0,0
5132.0,0
5133.0,0
5134.0,0
5135.0,0
5136.0,0
5137.0,0
5138.0,0
5139.0,0
5140.0,0
5141.0,0
5142.0,0
5143.0,0
5144.0,0
5145.0,0
5146.0,0
5147.0,0
5148.0,0
5149.0,0
5150.0,0
5151.0,0
5152.0,0
5153.0,0
5154.0,0
5155.0,0
5156.0,0
5157.0,0
5158.0,0
5159.0,0
5160.0,0
5161.0,0
5162.0,0
5163.0,0
5164.0,0
5165.0,0
5166.0,0
5167.0,0
5168.0,0
5169.0,0
5170.0,0
5171.0,0
5172.0,0
5173.0,0
5174.0,0
5175.0,0
5176.0,0
5177.0,0
5178.0,0
5179.0,0
5180.0,0
5181.0,0
5182.0,0
5183.0,0
5184.0,0
5185.0,0
5186.0,0
5187.0,0
5188.0,0
5189.0,0
5190.0,0
5191.0,0
5192.0,0
5193.0,0
5194.0,0
5195.0,0
5196.0,0
5197.0,0
5198.0,0
5199.0,0
5200.0,0
5201.0,0
5202.0,0
5203.0,0
5204.0,0
5205.0,0
5206.0,0
5207.0,0
5208.0,0
5209.0,0
5210.0,0
5211.0,0
5212.0,0
5213.0,0
5214.0,0
5215.0,0
5216.0,0
5217.0,0
5218.0,0
5219.0,0
5220.0,0
5221.0,0
5222.0,0
5223.0,0
5224.0,0
5225.0,0
5226.0,0
5227.0,0
5228.0,0
5229.0,0
5230.0,0
5231.0,0
5232.0,0
5233.0,0
5234.0,0
5235.0,0
5236.0,0
5237.0,0
5238.0,0
5239.0,0
5240.0,0
5241.0,0
5242.0,0
5243.0,0
5244.0,0
5245.0,0
5246.0,0
5247.0,0
5248.0,0
5249.0,0
5250.0,0
5251.0,0
5252.0,0
5253.0,0
5254.0,0
5255.0,0
5256.0,0
5257.0,0
5258.0,0
5259.0,0
5260.0,0
5261.0,0
5262.0,0
5263.0,0
5264.0,0
5265.0,0
5266.0,0
5267.0,0
5268.0,0
5269.0,0
5270.0,0
5271.0,0
5272.0,0
5273.0,0
5274.0,0
5275.0,0
5276.0,0
5277.0,0
5278.0,0
5279.0,0
5280.0,0
5281.0,0
5282.0,0
5283.0,0
5284.0,0
5285.0,0
5286.0,0
5287.0,0
5288.0,0
5289.0,0
5290.0,0
5291.0,0
5292.0,0
5293.0,0
5294.0,0
5295.0,0
5296.0,0
5297.0,0
5298.0,0
5299.0,0
5300.0,0
5301.0,0
5302.0,0
5303.0,0
5304.0,0
5305.0,0
5306.0,0
5307.0,0
5308.0,0
5309.0,0
5310.0,0
5311.0,0
5312.0,0
5313.0,0
5314.0,0
5315.0,0
5316.0,0
5317.0,0
5318.0,0
5319.0,0
5320.0,0
5321.0,0
5322.0,0
5323.0,0
5324.0,0
5325.0,0
5326.0,0
5327.0,0
5328.0,0
5329.0,0
5330.0,0
5331.0,0
5332.0,0
5333.0,0
5334.0,0
5335.0,0
5336.0,0
5337.0,0
5338.0,0
5339.0,0
5340.0,0
5341.0,0
5342.0,0
5343.0,0
5344.0,0
5345.0,0
5346.0,0
5347.0,0
5348.0,0
5349.0,0
5350.0,0
5351.0,0
5352.0,0
5353.0,0
5354.0,0
5355.0,0
5356.0,0
5357.0,0
5358.0,0
5359.0,0
5360.0,0
5361.0,0
5362.0,0
5363.0,0
5364.0,0
5365.0,0
5366.0,0
5367.0,0
5368.0,0
5369.0,0
5370.0,0
5371.0,0
5372.0,0
5373.0,0
5374.0,0
5375.0,0
5376.0,0
5377.0,0
5378.0,0
5379.0,0
5380.0,0
5381.0,0
5382.0,0
5383.0,0
5384.0,0
5385.0,0
5386.0,0
5387.0,0
5388.0,0
5389.0,0
5390.0,0
5391.0,0
5392.0,0
5393.0,0
5394.0,0
5395.0,0
5396.0,0
5397.0,0
5398.0,0
5399.0,0
5400.0,0
5401.0,0
5402.0,0
5403.0,0
5404.0,0
5405.0,0
5406.0,0
5407.0,0
5408.0,0
5409.0,0
5410.0,0
5411.0,0
5412.0,0
5413.0,0
5414.0,0
5415.0,0
5416.0,0
5417.0,0
5418.0,0
5419.0,0
5420.0,0
5421.0,0
5422.0,0
5423.0,0
5424.0,0
5425.0,0
5426.0,0
5427.0,0
5428.0,0
5429.0,0
5430.0,0
5431.0,0
5432.0,0
5433.0,0
5434.0,0
5435.0,0
5436.0,0
5437.0,0
5438.0,0
5439.0,0
5440.0,0
5441.0,0
5442.0,0
5443.0,0
5444.0,0
5445.0,0
5446.0,0
5447.0,0
5448.0,0
5449.0,0
5450.0,0
5451.0,0
5452.0,0
5453.0,0
5454.0,0
5455.0,0
5456.0,0
5457.0,0
5458.0,0
5459.0,0
5460.0,0
5461.0,0
5462.0,0
5463.0,0
5464.0,0
5465.0,0
5466.0,0
5467.0,0
5468.0,0
5469.0,0
5470.0,0
5471.0,0
5472.0,0
5473.0,0
5474.0,0
5475.0,0
5476.0,0
5477.0,0
5478.0,0
5479.0,0
5480.0,0
5481.0,0
5482.0,0
5483.0,0
5484.0,0
5485.0,0
5486.0,0
5487.0,0
5488.0,0
5489.0,0
5490.0,0
5491.0,0
5492.0,0
5493.0,0
5494.0,0
5495.0,0
5496.0,0
5497.0,0
5498.0,0
5499.0,0
5500.0,0
5501.0,0
5502.0,0
5503.0,0
5504.0,0
5505.0,0
5506.0,0
5507.0,0
5508.0,0
5509.0,0
5510.0,0
5511.0,0
5512.0,0
5513.0,0
5514.0,0
5515.0,0
5516.0,0
5517.0,0
5518.0,0
5519.0,0
5520.0,0
5521.0,0
5522.0,0
5523.0,0
5524.0,0
5525.0,0
5526.0,0
5527.0,0
5528.0,0
5529.0,0
5530.0,0
5531.0,0
5532.0,0
5533.0,0
5534.0,0
5535.0,0
5536.0,0
5537.0,0
5538.0,0
5539.0,0
5540.0,0
5541.0,0
5542.0,0
5543.0,0
5544.0,0
5545.0,0
5546.0,0
5547.0,0
5548.0,0
5549.0,0
5550.0,0
5551.0,0
5552.0,0
5553.0,0
5554.0,0
5555.0,0
5556.0,0
5557.0,0
5558.0,0
5559.0,0
5560.0,0
5561.0,0
5562.0,0
5563.0,0
5564.0,0
5565.0,0
5566.0,0
5567.0,0
5568.0,0
5569.0,0
5570.0,0
5571.0,0
5572.0,0
5573.0,0
5574.0,0
5575.0,0
5576.0,0
5577.0,0
5578.0,0
5579.0,0
5580.0,0
5581.0,0
5582.0,0
5583.0,0
5584.0,0
5585.0,0
5586.0,0
5587.0,0
5588.0,0
5589.0,0
5590.0,0
5591.0,0
5592.0,0
5593.0,0
5594.0,0
5595.0,0
5596.0,0
5597.0,0
5598.0,0
5599.0,0
5600.0,0
5601.0,0
5602.0,0
5603.0,0
5604.0,0
5605.0,0
5606.0,0
5607.0,0
5608.0,0
5609.0,0
5610.0,0
5611.0,0
5612.0,0
5613.0,0
5614.0,0
5615.0,0
5616.0,0
5617.0,0
5618.0,0
5619.0,0
5620.0,0
5621.0,0
5622.0,0
5623.0,0
5624.0,0
5625.0,0
5626.0,0
5627.0,0
5628.0,0
5629.0,0
5630.0,0
5631.0,0
5632.0,0
5633.0,0
5634.0,0
5635.0,0
5636.0,0
5637.0,0
5638.0,0
5639.0,0
5640.0,0
5641.0,0
5642.0,0
5643.0,0
5644.0,0
5645.0,0
5646.0,0
5647.0,0
5648.0,0
5649.0,0
5650.0,0
5651.0,0
5652.0,0
5653.0,0
5654.0,0
5655.0,0
5656.0,0
5657.0,0
5658.0,0
5659.0,0
5660.0,0
5661.0,0
5662.0,0
5663.0,0
5664.0,0
5665.0,0
5666.0,0
5667.0,0
5668.0,0
5669.0,0
5670.0,0
5671.0,0
5672.0,0
5673.0,0
5674.0,0
5675.0,0
5676.0,0
5677.0,0
5678.0,0
5679.0,0
5680.0,0
5681.0,0
5682.0,0
5683.0,0
5684.0,0
5685.0,0
5686.0,0
5687.0,0
5688.0,0
5689.0,0
5690.0,0
5691.0,0
5692.0,0
5693.0,0
5694.0,0
5695.0,0
5696.0,0
5697.0,0
5698.0,0
5699.0,0
5700.0,0
5701.0,0
5702.0,0
5703.0,0
5704.0,0
5705.0,0
5706.0,0
5707.0,0
5708.0,0
5709.0,0
5710.0,0
5711.0,0
5712.0,0
5713.0,0
5714.0,0
5715.0,0
5716.0,0
5717.0,0
5718.0,0
5719.0,0
5720.0,0
5721.0,0
5722.0,0
5723.0,0
5724.0,0
5725.0,0
5726.0,0
5727.0,0
5728.0,0
5729.0,0
5730.0,0
5731.0,0
5732.0,0
5733.0,0
5734.0,0
5735.0,0
5736.0,0
5737.0,0
5738.0,0
5739.0,0
5740.0,0
5741.0,0
5742.0,0
5743.0,0
5744.0,0
5745.0,0
5746.0,0
5747.0,0
5748.0,0
5749.0,0
5750.0,0
5751.0,0
5752.0,0
5753.0,0
5754.0,0
5755.0,0
5756.0,0
5757.0,0
5758.0,0
5759.0,0
5760.0,0
5761.0,0
5762.0,0
5763.0,0
5764.0,0
5765.0,0
5766.0,0
5767.0,0
5768.0,0
5769.0,0
5770.0,0
5771.0,0
5772.0,0
5773.0,0
5774.0,0
5775.0,0
5776.0,0
5777.0,0
5778.0,0
5779.0,0
5780.0,0
5781.0,0
5782.0,0
5783.0,0
5784.0,0
5785.0,0
5786.0,0
5787.0,0
5788.0,0
5789.0,0
5790.0,0
5791.0,0
5792.0,0
5793.0,0
5794.0,0
5795.0,0
5796.0,0
5797.0,0
5798.0,0
5799.0,0
5800.0,0
5801.0,0
5802.0,0
5803.0,0
5804.0,0
5805.0,0
5806.0,0
5807.0,0
5808.0,0
5809.0,0
5810.0,0
5811.0,0
5812.0,0
5813.0,0
5814.0,0
5815.0,0
5816.0,0
5817.0,0
5818.0,0
5819.0,0
5820.0,0
5821.0,0
5822.0,0
5823.0,0
5824.0,0
5825.0,0
5826.0,0
5827.0,0
5828.0,0
5829.0,0
5830.0,0
5831.0,0
5832.0,0
5833.0,0
5834.0,0
5835.0,0
5836.0,0
5837.0,0
5838.0,0
5839.0,0
5840.0,0
5841.0,0
5842.0,0
5843.0,0
5844.0,0
5845.0,0
5846.0,0
5847.0,0
5848.0,0
5849.0,0
5850.0,0
5851.0,0
5852.0,0
5853.0,0
5854.0,0
5855.0,0
5856.0,0
5857.0,0
5858.0,0
5859.0,0
5860.0,0
5861.0,0
5862.0,0
5863.0,0
5864.0,0
5865.0,0
5866.0,0
5867.0,0
5868.0,0
5869.0,0
5870.0,0
5871.0,0
5872.0,0
5873.0,0
5874.0,0
5875.0,0
5876.0,0
5877.0,0
5878.0,0
5879.0,0
5880.0,0
5881.0,0
5882.0,0
5883.0,0
5884.0,0
5885.0,0
5886.0,0
5887.0,0
5888.0,0
5889.0,0
5890.0,0
5891.0,0
5892.0,0
5893.0,0
5894.0,0
5895.0,0
5896.0,0
5897.0,0
5898.0,0
5899.0,0
5900.0,0
5901.0,0
5902.0,0
5903.0,0
5904.0,0
5905.0,0
5906.0,0
5907.0,0
5908.0,0
5909.0,0
5910.0,0
5911.0,0
5912.0,0
5913.0,0
5914.0,0
5915.0,0
5916.0,0
5917.0,0
5918.0,0
5919.0,0
5920.0,0
5921.0,0
5922.0,0
5923.0,0
5924.0,0
5925.0,0
5926.0,0
5927.0,0
5928.0,0
5929.0,0
5930.0,0
5931.0,0
5932.0,0
5933.0,0
5934.0,0
5935.0,0
5936.0,0
5937.0,0
5938.0,0
5939.0,0
5940.0,0
5941.0,0
5942.0,0
5943.0,0
5944.0,0
5945.0,0
5946.0,0
5947.0,0
5948.0,0
5949.0,0
5950.0,0
5951.0,0
5952.0,0
5953.0,0
5954.0,0
5955.0,0
5956.0,0
5957.0,0
5958.0,0
5959.0,0
5960.0,0
5961.0,0
5962.0,0
5963.0,0
5964.0,0
5965.0,0
5966.0,0
5967.0,0
5968.0,0
5969.0,0
5970.0,0
5971.0,0
5972.0,0
5973.0,0
5974.0,0
5975.0,0
5976.0,0
5977.0,0
5978.0,0
5979.0,0
5980.0,0
5981.0,0
5982.0,0
5983.0,0
5984.0,0
5985.0,0
5986.0,0
5987.0,0
5988.0,0
5989.0,0
5990.0,0
5991.0,0
5992.0,0
5993.0,0
5994.0,0
5995.0,0
5996.0,0
5997.0,0
5998.0,0
5999.0,0
6000.0,0
6001.0,0
6002.0,0
6003.0,0
6004.0,0
6005.0,0
6006.0,0
6007.0,0
6008.0,0
6009.0,0
6010.0,0
6011.0,0
6012.0,0
6013.0,0
6014.0,0
6015.0,0
6016.0,0
6017.0,0
6018.0,0
6019.0,0
6020.0,0
6021.0,0
6022.0,0
6023.0,0
6024.0,0
6025.0,0
6026.0,0
6027.0,0
6028.0,0
6029.0,0
6030.0,0
6031.0,0
6032.0,0
6033.0,0
6034.0,0
6035.0,0
6036.0,0
6037.0,0
6038.0,0
6039.0,0
6040.0,0
6041.0,0
6042.0,0
6043.0,0
6044.0,0
6045.0,0
6046.0,0
6047.0,0
6048.0,0
6049.0,0
6050.0,0
6051.0,0
6052.0,0
6053.0,0
6054.0,0
6055.0,0
6056.0,0
6057.0,0
6058.0,0
6059.0,0
6060.0,0
6061.0,0
6062.0,0
6063.0,0
6064.0,0
6065.0,0
6066.0,0
6067.0,0
6068.0,0
6069.0,0
6070.0,0
6071.0,0
6072.0,0
6073.0,0
6074.0,0
6075.0,0
6076.0,0
6077.0,0
6078.0,0
6079.0,0
6080.0,0
6081.0,0
6082.0,0
6083.0,0
6084.0,0
6085.0,0
6086.0,0
6087.0,0
6088.0,0
6089.0,0
6090.0,0
6091.0,0
6092.0,0
6093.0,0
6094.0,0
6095.0,0
6096.0,0
6097.0,0
6098.0,0
6099.0,0
6100.0,0
6101.0,0
6102.0,0
6103.0,0
6104.0,0
6105.0,0
6106.0,0
6107.0,0
6108.0,0
6109.0,0
6110.0,0
6111.0,0
6112.0,0
6113.0,0
6114.0,0
6115.0,0
6116.0,0
6117.0,0
6118.0,0
6119.0,0
6120.0,0
6121.0,0
6122.0,0
6123.0,0
6124.0,0
6125.0,0
6126.0,0
6127.0,0
6128.0,0
6129.0,0
6130.0,0
6131.0,0
6132.0,0
6133.0,0
6134.0,0
6135.0,0
6136.0,0
6137.0,0
6138.0,0
6139.0,0
6140.0,0
6141.0,0
6142.0,0
6143.0,0
6144.0,0
6145.0,0
6146.0,0
6147.0,0
6148.0,0
6149.0,0
6150.0,0
6151.0,0
6152.0,0
6153.0,0
6154.0,0
6155.0,0
6156.0,0
6157.0,0
6158.0,0
6159.0,0
6160.0,0
6161.0,0
6162.0,0
6163.0,0
6164.0,0
6165.0,0
6166.0,0
6167.0,0
6168.0,0
6169.0,0
6170.0,0
6171.0,0
6172.0,0
6173.0,0
6174.0,0
6175.0,0
6176.0,0
6177.0,0
6178.0,0
6179.0,0
6180.0,0
6181.0,0
6182.0,0
6183.0,0
6184.0,0
6185.0,0
6186.0,0
6187.0,0
6188.0,0
6189.0,0
6190.0,0
6191.0,0
6192.0,0
6193.0,0
6194.0,0
6195.0,0
6196.0,0
6197.0,0
6198.0,0
6199.0,0
6200.0,0
6201.0,0
6202.0,0
6203.0,0
6204.0,0
6205.0,0
6206.0,0
6207.0,0
6208.0,0
6209.0,0
6210.0,0
6211.0,0
6212.0,0
6213.0,0
6214.0,0
6215.0,0
6216.0,0
6217.0,0
6218.0,0
6219.0,0
6220.0,0
6221.0,0
6222.0,0
6223.0,0
6224.0,0
6225.0,0
6226.0,0
6227.0,0
6228.0,0
6229.0,0
6230.0,0
6231.0,0
6232.0,0
6233.0,0
6234.0,0
6235.0,0
6236.0,0
6237.0,0
6238.0,0
6239.0,0
6240.0,0
6241.0,0
6242.0,0
6243.0,0
6244.0,0
6245.0,0
6246.0,0
6247.0,0
6248.0,0
6249.0,0
6250.0,0
6251.0,0
6252.0,0
6253.0,0
6254.0,0
6255.0,0
6256.0,0
6257.0,0
6258.0,0
6259.0,0
6260.0,0
6261.0,0
6262.0,0
6263.0,0
6264.0,0
6265.0,0
6266.0,0
6267.0,0
6268.0,0
6269.0,0
6270.0,0
6271.0,0
6272.0,0
6273.0,0
6274.0,0
6275.0,0
6276.0,0
6277.0,6
6278.0,135
6279.0,221
6280.0,274
6281.0,236
6282.0,168
6283.0,39
6284.0,23
6285.0,23
6286.0,25
6287.0,72
6288.0,77
6289.0,167
6290.0,208
6291.0,170
6292.0,134
6293.0,115
6294.0,115
6295.0,143
6296.0,98
6297.0,42
6298.0,97
6299.0,142
6300.0,83
6301.0,15
6302.0,0
6303.0,0
6304.0,0
6305.0,0
6306.0,0
6307.0,0
6308.0,0
6309.0,0
6310.0,0
6311.0,0
6312.0,0
6313.0,47
6314.0,111
6315.0,37
6316.0,46
6317.0,15
6318.0,0
6319.0,0
6320.0,0
6321.0,0
6322.0,0
6323.0,0
6324.0,0
6325.0,0
6326.0,0
6327.0,0
6328.0,0
6329.0,0
6330.0,28
6331.0,115
6332.0,142
6333.0,180
6334.0,297
6335.0,324
6336.0,299
6337.0,228
6338.0,150
6339.0,98
6340.0,101
6341.0,93
6342.0,96
6343.0,107
6344.0,79
6345.0,0
6346.0,0
6347.0,0
6348.0,0
6349.0,0
6350.0,0
6351.0,0
6352.0,0
6353.0,0
6354.0,0
6355.0,0
6356.0,131
6357.0,60
6358.0,30
6359.0,44
6360.0,44
6361.0,44
6362.0,243
6363.0,221
6364.0,164
6365.0,137
6366.0,96
6367.0,114
6368.0,148
6369.0,154
6370.0,141
6371.0,146
6372.0,182
6373.0,191
6374.0,177
6375.0,170
6376.0,215
6377.0,245
6378.0,233
6379.0,225
6380.0,238
6381.0,238
6382.0,196
6383.0,205
6384.0,251
6385.0,223
6386.0,215
6387.0,278
6388.0,269
6389.0,240
6390.0,214
6391.0,191
6392.0,201
6393.0,247
6394.0,269
6395.0,257
6396.0,216
6397.0,173
6398.0,151
6399.0,156
6400.0,140
6401.0,163
6402.0,126
6403.0,149
6404.0,178
6405.0,180
6406.0,176
6407.0,219
6408.0,235
6409.0,220
6410.0,207
6411.0,194
6412.0,180
6413.0,191
6414.0,214
6415.0,210
6416.0,235
6417.0,210
6418.0,206
6419.0,199
6420.0,207
6421.0,215
6422.0,212
6423.0,190
6424.0,188
6425.0,189
6426.0,186
6427.0,188
6428.0,197
6429.0,209
6430.0,206
6431.0,188
6432.0,143
6433.0,73
6434.0,46
6435.0,31
6436.0,28
6437.0,94
6438.0,64
6439.0,261
6440.0,412
6441.0,275
6442.0,404
6443.0,448
6444.0,306
6445.0,263
6446.0,230
6447.0,212
6448.0,281
6449.0,141
6450.0,341
6451.0,388
6452.0,246
6453.0,172
6454.0,317
6455.0,245
6456.0,244
6457.0,236
6458.0,266
6459.0,280
6460.0,261
6461.0,235
6462.0,244
6463.0,267
6464.0,264
6465.0,258
6466.0,242
6467.0,250
6468.0,247
6469.0,240
6470.0,229
6471.0,236
6472.0,220
6473.0,196
6474.0,111
6475.0,107
6476.0,74
6477.0,126
6478.0,180
6479.0,252
6480.0,221
6481.0,198
6482.0,176
6483.0,149
6484.0,135
6485.0,119
6486.0,37
6487.0,1
6488.0,4
6489.0,4
6490.0,5
6491.0,13
6492.0,7
6493.0,245
6494.0,284
6495.0,250
6496.0,226
6497.0,211
6498.0,221
6499.0,204
6500.0,254
6501.0,266
6502.0,228
6503.0,235
6504.0,225
6505.0,229
6506.0,255
6507.0,255
6508.0,244
6509.0,241
6510.0,229
6511.0,202
6512.0,207
6513.0,227
6514.0,240
6515.0,222
6516.0,197
6517.0,215
6518.0,197
6519.0,194
6520.0,224
6521.0,229
6522.0,223
6523.0,215
6524.0,215
6525.0,198
6526.0,196
6527.0,199
6528.0,229
6529.0,237
6530.0,249
6531.0,252
6532.0,238
6533.0,232
6534.0,241
6535.0,229
6536.0,230
6537.0,241
6538.0,232
6539.0,217
6540.0,211
6541.0,206
6542.0,227
6543.0,227
6544.0,254
6545.0,231
6546.0,233
6547.0,239
6548.0,229
6549.0,205
6550.0,207
6551.0,207
6552.0,208
6553.0,233
6554.0,233
6555.0,231
6556.0,232
6557.0,226
6558.0,237
6559.0,242
6560.0,200
6561.0,204
6562.0,227
6563.0,238
6564.0,224
6565.0,221
6566.0,208
6567.0,231
6568.0,258
6569.0,248
6570.0,241
6571.0,250
6572.0,212
6573.0,200
6574.0,195
6575.0,165
6576.0,147
6577.0,169
6578.0,200
6579.0,253
6580.0,253
6581.0,199
6582.0,132
6583.0,32
6584.0,49
6585.0,296
6586.0,345
6587.0,348
6588.0,287
6589.0,181
6590.0,36
6591.0,0
6592.0,0
6593.0,0
6594.0,0
6595.0,0
6596.0,0
6597.0,142
6598.0,358
6599.0,384
6600.0,333
6601.0,264
6602.0,175
6603.0,136
6604.0,136
6605.0,126
6606.0,37
6607.0,0
6608.0,0
6609.0,0
6610.0,0
6611.0,0
6612.0,0
6613.0,0
6614.0,0
6615.0,0
6616.0,0
6617.0,0
6618.0,86
6619.0,237
6620.0,288
6621.0,318
6622.0,287
6623.0,275
6624.0,229
6625.0,228
6626.0,215
6627.0,209
6628.0,225
6629.0,255
6630.0,244
6631.0,235
6632.0,259
6633.0,289
6634.0,333
6635.0,410
6636.0,407
6637.0,381
6638.0,388
6639.0,324
6640.0,309
6641.0,314
6642.0,307
6643.0,309
6644.0,292
6645.0,284
6646.0,247
6647.0,251
6648.0,260
6649.0,294
6650.0,319
6651.0,316
6652.0,272
6653.0,238
6654.0,250
6655.0,255
6656.0,298
6657.0,294
6658.0,277
6659.0,221
6660.0,263
6661.0,270
6662.0,266
6663.0,256
6664.0,237
6665.0,224
6666.0,232
6667.0,224
6668.0,172
6669.0,175
6670.0,206
6671.0,211
6672.0,207
6673.0,218
6674.0,203
6675.0,221
6676.0,242
6677.0,212
6678.0,190
6679.0,185
6680.0,194
6681.0,154
6682.0,189
6683.0,206
6684.0,212
6685.0,242
6686.0,206
6687.0,187
6688.0,206
6689.0,204
6690.0,175
6691.0,191
6692.0,216
6693.0,229
6694.0,217
6695.0,197
6696.0,213
6697.0,179
6698.0,158
6699.0,176
6700.0,209
6701.0,213
6702.0,225
6703.0,200
6704.0,200
6705.0,190
6706.0,197
6707.0,214
6708.0,201
6709.0,196
6710.0,212
6711.0,208
6712.0,218
6713.0,243
6714.0,223
6715.0,187
6716.0,173
6717.0,230
6718.0,227
6719.0,222
6720.0,218
6721.0,197
6722.0,214
6723.0,238
6724.0,187
6725.0,196
6726.0,220
6727.0,231
6728.0,232
6729.0,239
6730.0,242
6731.0,242
6732.0,234
6733.0,245
6734.0,194
6735.0,206
6736.0,196
6737.0,187
6738.0,227
6739.0,229
6740.0,221
6741.0,214
6742.0,229
6743.0,252
6744.0,236
6745.0,234
6746.0,238
6747.0,235
6748.0,245
6749.0,231
6750.0,228
6751.0,220
6752.0,215
6753.0,249
6754.0,267
6755.0,189
6756.0,116
6757.0,174
6758.0,199
6759.0,235
6760.0,251
6761.0,221
6762.0,233
6763.0,228
6764.0,237
6765.0,206
6766.0,0
6767.0,0
6768.0,0
6769.0,0
6770.0,0
6771.0,351
6772.0,407
6773.0,421
6774.0,421
6775.0,427
6776.0,374
6777.0,349
6778.0,304
6779.0,274
6780.0,248
6781.0,274
6782.0,260
6783.0,283
6784.0,277
6785.0,304
6786.0,306
6787.0,288
6788.0,277
6789.0,295
6790.0,309
6791.0,290
6792.0,283
6793.0,267
6794.0,254
6795.0,248
6796.0,258
6797.0,269
6798.0,268
6799.0,241
6800.0,228
6801.0,242
6802.0,252
6803.0,234
6804.0,249
6805.0,268
6806.0,270
6807.0,269
6808.0,231
6809.0,210
6810.0,223
6811.0,233
6812.0,248
6813.0,254
6814.0,257
6815.0,259
6816.0,259
6817.0,241
6818.0,252
6819.0,228
6820.0,223
6821.0,245
6822.0,287
6823.0,244
6824.0,239
6825.0,271
6826.0,263
6827.0,260
6828.0,287
6829.0,298
6830.0,287
6831.0,309
6832.0,298
6833.0,214
6834.0,222
6835.0,226
6836.0,234
6837.0,229
6838.0,273
6839.0,279
6840.0,263
6841.0,261
6842.0,263
6843.0,266
6844.0,217
6845.0,223
6846.0,235
6847.0,225
6848.0,207
6849.0,201
6850.0,266
6851.0,256
6852.0,237
6853.0,209
6854.0,220
6855.0,248
6856.0,253
6857.0,223
6858.0,218
6859.0,219
6860.0,236
6861.0,245
6862.0,241
6863.0,221
6864.0,205
6865.0,181
6866.0,180
6867.0,224
6868.0,189
6869.0,189
6870.0,189
6871.0,203
6872.0,216
6873.0,219
6874.0,224
6875.0,205
6876.0,227
6877.0,213
6878.0,214
6879.0,212
6880.0,224
6881.0,210
6882.0,195
6883.0,204
6884.0,208
6885.0,212
6886.0,173
6887.0,154
6888.0,164
6889.0,195
6890.0,203
6891.0,225
6892.0,239
6893.0,250
6894.0,243
6895.0,202
6896.0,203
6897.0,214
6898.0,201
6899.0,182
6900.0,119
6901.0,97
6902.0,24
6903.0,0
6904.0,0
6905.0,0
6906.0,0
6907.0,0
6908.0,0
6909.0,0
6910.0,0
6911.0,0
6912.0,0
6913.0,0
6914.0,441
6915.0,539
6916.0,473
6917.0,316
6918.0,357
6919.0,389
6920.0,274
6921.0,230
6922.0,274
6923.0,226
6924.0,202
6925.0,219
6926.0,205
6927.0,165
6928.0,167
6929.0,138
6930.0,112
6931.0,88
6932.0,92
6933.0,84
6934.0,127
6935.0,166
6936.0,197
6937.0,186
6938.0,150
6939.0,169
6940.0,110
6941.0,94
6942.0,99
6943.0,120
6944.0,151
6945.0,153
6946.0,283
6947.0,421
6948.0,396
6949.0,253
6950.0,138
6951.0,133
6952.0,216
6953.0,214
6954.0,185
6955.0,166
6956.0,171
6957.0,198
6958.0,195
6959.0,214
6960.0,234
6961.0,230
6962.0,219
6963.0,217
6964.0,219
6965.0,262
6966.0,249
6967.0,208
6968.0,144
6969.0,201
6970.0,180
6971.0,170
6972.0,205
6973.0,243
6974.0,231
6975.0,202
6976.0,167
6977.0,113
6978.0,31
6979.0,15
6980.0,0
6981.0,0
6982.0,0
6983.0,0
6984.0,0
6985.0,0
6986.0,0
6987.0,212
6988.0,397
6989.0,368
6990.0,266
6991.0,200
6992.0,112
6993.0,27
6994.0,2
6995.0,2
6996.0,23
6997.0,315
6998.0,311
6999.0,290
7000.0,283
7001.0,235
7002.0,245
7003.0,225
7004.0,232
7005.0,239
7006.0,228
7007.0,212
7008.0,220
7009.0,215
7010.0,201
7011.0,195
7012.0,200
7013.0,210
7014.0,223
7015.0,241
7016.0,240
7017.0,209
7018.0,226
7019.0,241
7020.0,235
7021.0,229
7022.0,231
7023.0,233
7024.0,257
7025.0,263
7026.0,252
7027.0,257
7028.0,246
7029.0,235
7030.0,258
7031.0,275
7032.0,292
7033.0,261
7034.0,264
7035.0,249
7036.0,243
7037.0,247
7038.0,261
7039.0,267
7040.0,248
7041.0,232
7042.0,241
7043.0,249
7044.0,250
7045.0,253
7046.0,234
7047.0,289
7048.0,266
7049.0,253
7050.0,246
7051.0,240
7052.0,245
7053.0,237
7054.0,244
7055.0,234
7056.0,248
7057.0,251
7058.0,237
7059.0,226
7060.0,220
7061.0,213
7062.0,217
7063.0,221
7064.0,219
7065.0,224
7066.0,211
7067.0,201
7068.0,201
7069.0,192
7070.0,207
7071.0,230
7072.0,234
7073.0,247
7074.0,257
7075.0,273
7076.0,281
7077.0,276
7078.0,299
7079.0,310
7080.0,338
7081.0,341
7082.0,301
7083.0,302
7084.0,326
7085.0,333
7086.0,291
7087.0,268
7088.0,277
7089.0,289
7090.0,290
7091.0,292
7092.0,310
7093.0,287
7094.0,312
7095.0,307
7096.0,307
7097.0,316
7098.0,314
7099.0,285
7100.0,258
7101.0,297
7102.0,296
7103.0,285
7104.0,275
7105.0,293
7106.0,288
7107.0,293
7108.0,282
7109.0,273
7110.0,291
7111.0,283
7112.0,277
7113.0,264
7114.0,274
7115.0,276
7116.0,272
7117.0,276
7118.0,309
7119.0,310
7120.0,297
7121.0,288
7122.0,287
7123.0,307
7124.0,324
7125.0,320
7126.0,313
7127.0,321
7128.0,332
7129.0,317
7130.0,312
7131.0,263
7132.0,254
7133.0,248
7134.0,230
7135.0,247
7136.0,260
7137.0,268
7138.0,284
7139.0,311
7140.0,314
7141.0,297
7142.0,246
7143.0,271
7144.0,292
7145.0,276
7146.0,275
7147.0,277
7148.0,291
7149.0,262
7150.0,268
7151.0,271
7152.0,263
7153.0,272
7154.0,271
7155.0,271
7156.0,289
7157.0,279
7158.0,266
7159.0,274
7160.0,280
7161.0,270
7162.0,265
7163.0,220
7164.0,281
7165.0,277
7166.0,289
7167.0,288
7168.0,310
7169.0,304
7170.0,307
7171.0,289
7172.0,283
7173.0,285
7174.0,280
7175.0,282
7176.0,293
7177.0,281
7178.0,269
7179.0,233
7180.0,178
7181.0,156
7182.0,212
7183.0,221
7184.0,227
7185.0,117
7186.0,0
7187.0,0
7188.0,0
7189.0,0
7190.0,0
7191.0,317
7192.0,312
7193.0,328
7194.0,331
7195.0,296
7196.0,334
7197.0,317
7198.0,340
7199.0,339
7200.0,360
7201.0,384
7202.0,426
7203.0,413
7204.0,374
7205.0,313
7206.0,256
7207.0,200
7208.0,165
7209.0,133
7210.0,121
7211.0,113
7212.0,137
7213.0,48
7214.0,3
7215.0,3
7216.0,3
7217.0,290
7218.0,305
7219.0,247
7220.0,271
7221.0,282
7222.0,314
7223.0,306
7224.0,281
7225.0,284
7226.0,292
7227.0,276
7228.0,287
7229.0,294
7230.0,305
7231.0,311
7232.0,304
7233.0,278
7234.0,285
7235.0,282
7236.0,282
7237.0,300
7238.0,283
7239.0,278
7240.0,262
7241.0,312
7242.0,304
7243.0,318
7244.0,318
7245.0,288
7246.0,276
7247.0,276
7248.0,296
7249.0,292
7250.0,272
7251.0,266
7252.0,276
7253.0,276
7254.0,292
7255.0,301
7256.0,284
7257.0,291
7258.0,301
7259.0,293
7260.0,295
7261.0,305
7262.0,282
7263.0,304
7264.0,299
7265.0,271
7266.0,270
7267.0,243
7268.0,227
7269.0,201
7270.0,181
7271.0,71
7272.0,0
7273.0,0
7274.0,0
7275.0,0
7276.0,0
7277.0,140
7278.0,144
7279.0,5
7280.0,0
7281.0,0
7282.0,0
7283.0,60
7284.0,308
7285.0,319
7286.0,320
7287.0,285
7288.0,238
7289.0,229
7290.0,238
7291.0,216
7292.0,235
7293.0,249
7294.0,234
7295.0,250
7296.0,247
7297.0,306
7298.0,175
7299.0,7
7300.0,0
7301.0,0
7302.0,0
7303.0,0
7304.0,0
7305.0,0
7306.0,0
7307.0,0
7308.0,0
7309.0,10
7310.0,66
7311.0,88
7312.0,91
7313.0,57
7314.0,83
7315.0,97
7316.0,103
7317.0,111
7318.0,80
7319.0,72
7320.0,57
7321.0,12
7322.0,8
7323.0,8
7324.0,10
7325.0,0
7326.0,0
7327.0,0
7328.0,0
7329.0,0
7330.0,0
7331.0,0
7332.0,0
7333.0,0
7334.0,0
7335.0,0
7336.0,0
7337.0,0
7338.0,0
7339.0,0
7340.0,0
7341.0,0
7342.0,0
7343.0,0
7344.0,0
7345.0,0
7346.0,0
7347.0,0
7348.0,0
7349.0,0
7350.0,0
7351.0,0
7352.0,0
7353.0,0
7354.0,0
7355.0,0
7356.0,0
7357.0,0
7358.0,0
7359.0,0
7360.0,0
7361.0,0
7362.0,0
7363.0,0
7364.0,0
7365.0,106
7366.0,220
7367.0,233
7368.0,170
7369.0,186
7370.0,292
7371.0,311
7372.0,315
7373.0,336
7374.0,315
7375.0,276
7376.0,284
7377.0,339
7378.0,324
7379.0,316
7380.0,301
7381.0,299
7382.0,309
7383.0,292
7384.0,288
7385.0,305
7386.0,322
7387.0,319
7388.0,270
7389.0,268
7390.0,272
7391.0,268
7392.0,295
7393.0,286
7394.0,273
7395.0,291
7396.0,289
7397.0,266
7398.0,263
7399.0,260
7400.0,254
7401.0,265
7402.0,251
7403.0,229
7404.0,240
7405.0,265
7406.0,261
7407.0,293
7408.0,313
7409.0,307
7410.0,305
7411.0,283
7412.0,317
7413.0,264
7414.0,263
7415.0,255
7416.0,245
7417.0,248
7418.0,249
7419.0,305
7420.0,311
7421.0,315
7422.0,316
7423.0,295
7424.0,295
7425.0,299
7426.0,337
7427.0,272
7428.0,237
7429.0,196
7430.0,175
7431.0,168
7432.0,109
7433.0,65
7434.0,3
7435.0,22
7436.0,13
7437.0,0
7438.0,0
7439.0,0
7440.0,0
7441.0,0
7442.0,0
7443.0,0
7444.0,0
7445.0,150
7446.0,431
7447.0,463
7448.0,380
7449.0,373
7450.0,337
7451.0,300
7452.0,244
7453.0,247
7454.0,251
7455.0,233
7456.0,273
7457.0,271
7458.0,249
7459.0,276
7460.0,282
7461.0,275
7462.0,250
7463.0,261
7464.0,267
7465.0,289
7466.0,270
7467.0,290
7468.0,284
7469.0,307
7470.0,348
7471.0,296
7472.0,286
7473.0,301
7474.0,293
7475.0,303
7476.0,297
7477.0,285
7478.0,303
7479.0,240
7480.0,285
7481.0,307
7482.0,323
7483.0,340
7484.0,338
7485.0,325
7486.0,338
7487.0,277
7488.0,268
7489.0,284
7490.0,291
7491.0,282
7492.0,300
7493.0,303
7494.0,282
7495.0,292
7496.0,275
7497.0,277
7498.0,268
7499.0,278
7500.0,269
7501.0,272
7502.0,281
7503.0,268
7504.0,289
7505.0,291
7506.0,270
7507.0,294
7508.0,318
7509.0,315
7510.0,303
7511.0,284
7512.0,290
7513.0,276
7514.0,271
7515.0,307
7516.0,319
7517.0,314
7518.0,300
7519.0,320
7520.0,310
7521.0,291
7522.0,271
7523.0,287
7524.0,282
7525.0,281
7526.0,295
7527.0,302
7528.0,294
7529.0,290
7530.0,290
7531.0,305
7532.0,309
7533.0,292
7534.0,285
7535.0,284
7536.0,296
7537.0,313
7538.0,317
7539.0,314
7540.0,317
7541.0,322
7542.0,300
7543.0,307
7544.0,327
7545.0,325
7546.0,286
7547.0,314
7548.0,318
7549.0,355
7550.0,353
7551.0,316
7552.0,303
7553.0,287
7554.0,306
7555.0,275
7556.0,309
7557.0,287
7558.0,276
7559.0,321
7560.0,309
7561.0,302
7562.0,274
7563.0,286
7564.0,260
7565.0,272
7566.0,271
7567.0,256
7568.0,273
7569.0,251
7570.0,233
7571.0,223
7572.0,243
7573.0,269
7574.0,282
7575.0,308
7576.0,329
7577.0,313
7578.0,297
7579.0,304
7580.0,301
7581.0,299
7582.0,286
7583.0,290
7584.0,265
7585.0,253
7586.0,314
7587.0,337
7588.0,294
7589.0,303
7590.0,311
7591.0,308
7592.0,268
7593.0,326
7594.0,309
7595.0,331
7596.0,324
7597.0,344
7598.0,320
7599.0,325
7600.0,304
7601.0,332
7602.0,317
7603.0,308
7604.0,307
7605.0,290
7606.0,330
7607.0,326
7608.0,347
7609.0,345
7610.0,349
7611.0,331
7612.0,350
7613.0,348
7614.0,343
7615.0,355
7616.0,340
7617.0,354
7618.0,343
7619.0,338
7620.0,310
7621.0,319
7622.0,314
7623.0,316
7624.0,319
7625.0,313
7626.0,299
7627.0,293
7628.0,252
7629.0,282
7630.0,302
7631.0,333
7632.0,359
7633.0,321
7634.0,276
7635.0,318
7636.0,286
7637.0,243
7638.0,251
7639.0,281
7640.0,271
7641.0,338
7642.0,328
7643.0,305
7644.0,304
7645.0,309
7646.0,297
7647.0,287
7648.0,294
7649.0,279
7650.0,309
7651.0,299
7652.0,301
7653.0,295
7654.0,296
7655.0,348
7656.0,333
7657.0,329
7658.0,327
7659.0,304
7660.0,279
7661.0,286
7662.0,244
7663.0,182
7664.0,242
7665.0,311
7666.0,352
7667.0,317
7668.0,314
7669.0,317
7670.0,327
7671.0,357
7672.0,376
7673.0,366
7674.0,333
7675.0,273
7676.0,234
7677.0,266
7678.0,283
7679.0,301
7680.0,266
7681.0,241
7682.0,268
7683.0,286
7684.0,274
7685.0,263
7686.0,273
7687.0,278
7688.0,297
7689.0,324
7690.0,322
7691.0,330
7692.0,362
7693.0,369
7694.0,349
7695.0,329
7696.0,299
7697.0,282
7698.0,272
7699.0,286
7700.0,254
7701.0,260
7702.0,303
7703.0,280
7704.0,292
7705.0,293
7706.0,283
7707.0,305
7708.0,308
7709.0,314
7710.0,306
7711.0,314
7712.0,331
7713.0,309
7714.0,275
7715.0,283
7716.0,276
7717.0,279
7718.0,291
7719.0,289
7720.0,331
7721.0,354
7722.0,332
7723.0,309
7724.0,347
7725.0,336
7726.0,324
7727.0,314
7728.0,284
7729.0,280
7730.0,250
7731.0,269
7732.0,292
7733.0,293
7734.0,284
7735.0,283
7736.0,284
7737.0,291
7738.0,305
7739.0,295
7740.0,334
7741.0,330
7742.0,328
7743.0,290
7744.0,296
7745.0,270
7746.0,274
7747.0,271
7748.0,281
7749.0,297
7750.0,300
7751.0,328
7752.0,311
7753.0,284
7754.0,334
7755.0,323
7756.0,281
7757.0,296
7758.0,281
7759.0,299
7760.0,300
7761.0,291
7762.0,276
7763.0,284
7764.0,275
7765.0,250
7766.0,276
7767.0,281
7768.0,279
7769.0,323
7770.0,328
7771.0,317
7772.0,298
7773.0,298
7774.0,295
7775.0,282
7776.0,272
7777.0,256
7778.0,247
7779.0,236
7780.0,225
7781.0,245
7782.0,258
7783.0,272
7784.0,270
7785.0,277
7786.0,272
7787.0,276
7788.0,275
7789.0,278
7790.0,268
7791.0,281
7792.0,299
7793.0,308
7794.0,300
7795.0,311
7796.0,321
7797.0,294
7798.0,293
7799.0,245
7800.0,293
7801.0,314
7802.0,274
7803.0,274
7804.0,268
7805.0,299
7806.0,301
7807.0,301
7808.0,287
7809.0,284
7810.0,327
7811.0,349
7812.0,314
7813.0,319
7814.0,332
7815.0,337
7816.0,353
7817.0,315
7818.0,306
7819.0,305
7820.0,279
7821.0,270
7822.0,317
7823.0,290
7824.0,295
7825.0,312
7826.0,310
7827.0,294
7828.0,260
7829.0,333
7830.0,296
7831.0,311
7832.0,305
7833.0,309
7834.0,301
7835.0,286
7836.0,290
7837.0,307
7838.0,267
7839.0,249
7840.0,218
7841.0,231
7842.0,230
7843.0,234
7844.0,259
7845.0,320
7846.0,282
7847.0,76
7848.0,0
7849.0,0
7850.0,0
7851.0,0
7852.0,0
7853.0,0
7854.0,41
7855.0,241
7856.0,357
7857.0,260
7858.0,260
7859.0,316
7860.0,331
7861.0,336
7862.0,281
7863.0,275
7864.0,282
7865.0,242
7866.0,236
7867.0,260
7868.0,304
7869.0,364
7870.0,393
7871.0,314
7872.0,291
7873.0,299
7874.0,296
7875.0,302
7876.0,302
7877.0,335
7878.0,342
7879.0,341
7880.0,331
7881.0,304
7882.0,318
7883.0,330
7884.0,299
7885.0,314
7886.0,309
7887.0,280
7888.0,282
7889.0,309
7890.0,273
7891.0,323
7892.0,300
7893.0,271
7894.0,284
7895.0,247
7896.0,230
7897.0,253
7898.0,263
7899.0,247
7900.0,286
7901.0,258
7902.0,264
7903.0,258
7904.0,296
7905.0,325
7906.0,306
7907.0,301
7908.0,318
7909.0,285
7910.0,301
7911.0,276
7912.0,274
7913.0,302
7914.0,280
7915.0,288
7916.0,259
7917.0,229
7918.0,313
7919.0,331
7920.0,299
7921.0,271
7922.0,267
7923.0,262
7924.0,258
7925.0,289
7926.0,331
7927.0,296
7928.0,289
7929.0,266
7930.0,302
7931.0,312
7932.0,304
7933.0,284
7934.0,298
7935.0,287
7936.0,306
7937.0,301
7938.0,304
7939.0,344
7940.0,320
7941.0,309
7942.0,352
7943.0,349
7944.0,339
7945.0,311
7946.0,336
7947.0,354
7948.0,352
7949.0,336
7950.0,322
7951.0,319
7952.0,321
7953.0,310
7954.0,323
7955.0,337
7956.0,286
7957.0,322
7958.0,309
7959.0,306
7960.0,319
7961.0,343
7962.0,340
7963.0,328
7964.0,298
7965.0,343
7966.0,353
7967.0,315
7968.0,262
7969.0,285
7970.0,329
7971.0,313
7972.0,309
7973.0,330
7974.0,323
7975.0,333
7976.0,312
7977.0,303
7978.0,325
7979.0,319
7980.0,342
7981.0,342
7982.0,339
7983.0,324
7984.0,292
7985.0,285
7986.0,304
7987.0,292
7988.0,305
7989.0,335
7990.0,351
7991.0,360
7992.0,358
7993.0,357
7994.0,342
7995.0,358
7996.0,334
7997.0,316
7998.0,343
7999.0,317
8000.0,309
8001.0,299
8002.0,281
8003.0,293
8004.0,319
8005.0,323
8006.0,339
8007.0,320
8008.0,310
8009.0,310
8010.0,305
8011.0,279
8012.0,318
8013.0,309
8014.0,312
8015.0,320
8016.0,299
8017.0,298
8018.0,315
8019.0,304
8020.0,296
8021.0,313
8022.0,297
8023.0,307
8024.0,304
8025.0,293
8026.0,306
8027.0,291
8028.0,290
8029.0,315
8030.0,320
8031.0,318
8032.0,311
8033.0,324
8034.0,304
8035.0,297
8036.0,297
8037.0,301
8038.0,301
8039.0,324
8040.0,322
8041.0,306
8042.0,300
8043.0,307
8044.0,297
8045.0,263
8046.0,266
8047.0,306
8048.0,311
8049.0,301
8050.0,307
8051.0,289
8052.0,298
8053.0,302
8054.0,306
8055.0,316
8056.0,309
8057.0,298
8058.0,282
8059.0,290
8060.0,298
8061.0,307
8062.0,327
8063.0,326
8064.0,346
8065.0,332
8066.0,336
8067.0,333
8068.0,336
8069.0,315
8070.0,305
8071.0,319
8072.0,325
8073.0,315
8074.0,317
8075.0,322
8076.0,323
8077.0,330
8078.0,348
8079.0,330
8080.0,298
8081.0,323
8082.0,299
8083.0,308
8084.0,328
8085.0,324
8086.0,324
8087.0,324
8088.0,300
8089.0,303
8090.0,301
8091.0,306
8092.0,310
8093.0,312
8094.0,305
8095.0,306
8096.0,311
8097.0,293
8098.0,304
8099.0,311
8100.0,298
8101.0,300
8102.0,305
8103.0,298
8104.0,293
8105.0,314
8106.0,304
8107.0,298
8108.0,298
8109.0,294
8110.0,287
8111.0,263
8112.0,273
8113.0,292
8114.0,307
8115.0,306
8116.0,300
8117.0,324
8118.0,331
8119.0,323
8120.0,313
8121.0,316
8122.0,282
8123.0,274
8124.0,278
8125.0,303
8126.0,274
8127.0,287
8128.0,299
8129.0,299
8130.0,297
8131.0,305
8132.0,284
8133.0,294
8134.0,336
8135.0,358
8136.0,347
8137.0,323
8138.0,348
8139.0,339
8140.0,347
8141.0,331
8142.0,326
8143.0,296
8144.0,285
8145.0,295
8146.0,292
8147.0,280
8148.0,304
8149.0,307
8150.0,285
8151.0,294
8152.0,289
8153.0,279
8154.0,281
8155.0,265
8156.0,274
8157.0,274
8158.0,280
8159.0,296
8160.0,310
8161.0,314
8162.0,315
8163.0,285
8164.0,298
8165.0,275
8166.0,295
8167.0,294
8168.0,261
8169.0,283
8170.0,320
8171.0,276
8172.0,474
8173.0,420
8174.0,331
8175.0,263
8176.0,255
8177.0,199
8178.0,186
8179.0,214
8180.0,241
8181.0,261
8182.0,297
8183.0,290
8184.0,308
8185.0,310
8186.0,338
8187.0,335
8188.0,335
8189.0,297
8190.0,275
8191.0,255
8192.0,271
8193.0,272
8194.0,243
8195.0,257
8196.0,242
8197.0,248
8198.0,246
8199.0,240
8200.0,243
8201.0,241
8202.0,254
8203.0,241
8204.0,229
8205.0,236
8206.0,256
8207.0,284
8208.0,244
8209.0,242
8210.0,265
8211.0,273
8212.0,290
8213.0,284
8214.0,272
8215.0,261
8216.0,259
8217.0,236
8218.0,233
8219.0,204
8220.0,252
8221.0,286
8222.0,295
8223.0,273
8224.0,274
8225.0,264
8226.0,238
8227.0,297
8228.0,293
8229.0,289
8230.0,268
8231.0,309
8232.0,291
8233.0,218
8234.0,224
8235.0,98
8236.0,5
8237.0,5
8238.0,154
8239.0,129
8240.0,61
8241.0,0
8242.0,0
8243.0,0
8244.0,0
8245.0,87
8246.0,208
8247.0,189
8248.0,161
8249.0,117
8250.0,129
8251.0,125
8252.0,125
8253.0,148
8254.0,151
8255.0,113
8256.0,116
8257.0,117
8258.0,126
8259.0,127
8260.0,118
8261.0,0
8262.0,0
8263.0,0
8264.0,0
8265.0,0
8266.0,0
8267.0,0
8268.0,0
8269.0,0
8270.0,0
8271.0,0
8272.0,0
8273.0,0
8274.0,0
8275.0,0
8276.0,0
8277.0,0
8278.0,0
8279.0,0
8280.0,0
8281.0,0
8282.0,0
8283.0,0
8284.0,0
8285.0,0
8286.0,0
8287.0,0
8288.0,0
8289.0,0
8290.0,0
8291.0,0
8292.0,0
8293.0,0
8294.0,0
8295.0,0
8296.0,0
8297.0,136
8298.0,177
8299.0,222
8300.0,250
8301.0,79
8302.0,56
8303.0,90
8304.0,148
8305.0,130
8306.0,138
8307.0,132
8308.0,131
8309.0,129
8310.0,121
8311.0,122
8312.0,110
8313.0,100
8314.0,101
8315.0,86
8316.0,73
8317.0,8
8318.0,0
8319.0,0
8320.0,0
8321.0,0
8322.0,0
8323.0,0
8324.0,0
8325.0,0
8326.0,0
8327.0,0
8328.0,0
8329.0,0
8330.0,0
8331.0,0
8332.0,0
8333.0,0
8334.0,5
8335.0,2
8336.0,1
8337.0,7
8338.0,97
8339.0,145
8340.0,144
8341.0,125
8342.0,130
8343.0,146
8344.0,133
8345.0,128
8346.0,122
8347.0,140
8348.0,137
8349.0,123
8350.0,117
8351.0,109
8352.0,117
8353.0,106
8354.0,125
8355.0,131
8356.0,115
8357.0,104
8358.0,111
8359.0,118
8360.0,120
8361.0,102
8362.0,0
8363.0,0
8364.0,0
8365.0,0
8366.0,0
8367.0,88
8368.0,176
8369.0,143
8370.0,120
8371.0,79
8372.0,0
8373.0,0
8374.0,0
8375.0,0
8376.0,0
8377.0,0
8378.0,0
8379.0,0
8380.0,0
8381.0,0
8382.0,0
8383.0,0
8384.0,0
8385.0,0
8386.0,0
8387.0,0
8388.0,0
8389.0,0
8390.0,0
8391.0,0
8392.0,0
8393.0,0
8394.0,0
8395.0,0
8396.0,0
8397.0,0
8398.0,0
8399.0,0
8400.0,0
8401.0,0
8402.0,0
8403.0,0
8404.0,0
8405.0,21
8406.0,0
8407.0,0
8408.0,0
8409.0,0
8410.0,0
8411.0,0
8412.0,0
8413.0,0
8414.0,0
8415.0,0
8416.0,43
8417.0,126
8418.0,196
8419.0,219
8420.0,180
8421.0,155
8422.0,246
8423.0,256
8424.0,172
8425.0,160
8426.0,202
8427.0,196
8428.0,167
8429.0,141
8430.0,143
8431.0,180
8432.0,206
8433.0,247
8434.0,256
8435.0,226
8436.0,181
8437.0,166
8438.0,115
8439.0,97
8440.0,138
8441.0,176
8442.0,188
8443.0,195
8444.0,204
8445.0,251
8446.0,214
8447.0,53
8448.0,18
8449.0,18
8450.0,18
8451.0,297
8452.0,337
8453.0,342
8454.0,311
8455.0,270
8456.0,269
8457.0,227
8458.0,245
8459.0,207
8460.0,227
8461.0,210
8462.0,263
8463.0,278
8464.0,312
8465.0,301
8466.0,204
8467.0,161
8468.0,115
8469.0,91
8470.0,87
8471.0,134
8472.0,201
8473.0,158
8474.0,136
8475.0,133
8476.0,149
8477.0,127
8478.0,191
8479.0,225
8480.0,232
8481.0,292
8482.0,245
8483.0,261
8484.0,270
8485.0,253
8486.0,225
8487.0,158
8488.0,205
8489.0,185
8490.0,155
8491.0,148
8492.0,152
8493.0,168
8494.0,177
8495.0,134
8496.0,152
8497.0,260
8498.0,268
8499.0,253
8500.0,206
8501.0,209
8502.0,182
8503.0,142
8504.0,118
8505.0,95
8506.0,184
8507.0,199
8508.0,212
8509.0,218
8510.0,213
8511.0,243
8512.0,237
8513.0,211
8514.0,130
8515.0,44
8516.0,17
8517.0,161
8518.0,136
8519.0,166
8520.0,184
8521.0,183
8522.0,262
8523.0,261
8524.0,235
8525.0,224
8526.0,201
8527.0,149
8528.0,172
8529.0,141
8530.0,144
8531.0,209
8532.0,188
8533.0,172
8534.0,170
8535.0,232
8536.0,231
8537.0,204
8538.0,221
8539.0,208
8540.0,207
8541.0,233
8542.0,200
8543.0,220
8544.0,156
8545.0,129
8546.0,115
8547.0,151
8548.0,121
8549.0,73
8550.0,80
8551.0,72
8552.0,47
8553.0,66
8554.0,126
8555.0,214
8556.0,181
8557.0,118
8558.0,68
8559.0,49
8560.0,90
8561.0,102
8562.0,99
8563.0,126
8564.0,152
8565.0,175
8566.0,230
8567.0,207
8568.0,155
8569.0,112
8570.0,99
8571.0,105
8572.0,132
8573.0,212
8574.0,234
8575.0,242
8576.0,281
8577.0,246
8578.0,267
8579.0,237
8580.0,211
8581.0,214
8582.0,141
8583.0,133
8584.0,147
8585.0,165
8586.0,148
8587.0,139
8588.0,155
8589.0,178
8590.0,174
8591.0,152
8592.0,128
8593.0,120
8594.0,132
8595.0,111
8596.0,117
8597.0,136
8598.0,139
8599.0,137
8600.0,157
8601.0,170
8602.0,106
8603.0,143
8604.0,153
8605.0,151
8606.0,160
8607.0,164
8608.0,145
8609.0,152
8610.0,156
8611.0,155
8612.0,182
8613.0,144
8614.0,135
8615.0,111
8616.0,135
8617.0,99
8618.0,90
8619.0,124
8620.0,112
8621.0,213
8622.0,225
8623.0,177
8624.0,166
8625.0,149
8626.0,156
8627.0,129
8628.0,92
8629.0,58
8630.0,62
8631.0,62
8632.0,62
8633.0,240
8634.0,164
8635.0,67
8636.0,0
8637.0,0
8638.0,0
8639.0,0
8640.0,0
8641.0,0
8642.0,0
8643.0,0
8644.0,0
8645.0,0
8646.0,0
8647.0,0
8648.0,0
8649.0,0
8650.0,0
8651.0,0
8652.0,109
8653.0,21
8654.0,0
8655.0,0
8656.0,0
8657.0,0
8658.0,0
8659.0,0
8660.0,0
8661.0,0
8662.0,0
8663.0,0
8664.0,36
8665.0,197
8666.0,228
8667.0,192
8668.0,244
8669.0,264
8670.0,209
8671.0,172
8672.0,117
8673.0,59
8674.0,13
8675.0,0
8676.0,0
8677.0,0
8678.0,0
8679.0,0
8680.0,0
8681.0,0
8682.0,0
8683.0,0
8684.0,0
8685.0,0
8686.0,169
8687.0,202
8688.0,47
8689.0,22
8690.0,64
8691.0,121
8692.0,0
8693.0,0
8694.0,0
8695.0,0
8696.0,0
8697.0,0
8698.0,0
8699.0,0
8700.0,0
8701.0,0
8702.0,0
8703.0,0
8704.0,0
8705.0,0
8706.0,0
8707.0,44
8708.0,123
8709.0,291
8710.0,319
8711.0,332
8712.0,331
8713.0,366
8714.0,271
8715.0,235
8716.0,283
8717.0,295
8718.0,270
8719.0,314
8720.0,367
8721.0,336
8722.0,294
8723.0,278
8724.0,300
8725.0,282
8726.0,248
8727.0,272
8728.0,254
8729.0,236
8730.0,246
8731.0,264
8732.0,288
8733.0,283
8734.0,229
8735.0,247
8736.0,309
8737.0,305
8738.0,281
8739.0,283
8740.0,270
8741.0,261
8742.0,242
8743.0,284
8744.0,264
8745.0,229
8746.0,241
8747.0,264
8748.0,289
8749.0,257
8750.0,261
8751.0,280
8752.0,262
8753.0,261
8754.0,246
8755.0,283
8756.0,295
8757.0,287
8758.0,304
8759.0,314
8760.0,283
8761.0,271
8762.0,272
8763.0,292
8764.0,304
8765.0,265
8766.0,288
8767.0,259
8768.0,250
8769.0,254
8770.0,263
8771.0,282
8772.0,281
8773.0,276
8774.0,282
8775.0,300
8776.0,291
8777.0,292
8778.0,294
8779.0,277
8780.0,262
8781.0,264
8782.0,273
8783.0,277
8784.0,258
8785.0,256
8786.0,268
8787.0,287
8788.0,287
8789.0,277
8790.0,271
8791.0,252
8792.0,244
8793.0,249
8794.0,239
8795.0,279
8796.0,314
8797.0,296
8798.0,328
8799.0,318
8800.0,293
8801.0,276
8802.0,295
8803.0,302
8804.0,292
8805.0,304
8806.0,292
8807.0,270
8808.0,282
8809.0,311
8810.0,272
8811.0,268
8812.0,262
8813.0,265
8814.0,266
8815.0,286
8816.0,283
8817.0,268
8818.0,256
8819.0,256
8820.0,262
8821.0,242
8822.0,240
8823.0,261
8824.0,265
8825.0,281
8826.0,281
8827.0,280
8828.0,281
8829.0,284
8830.0,278
8831.0,291
8832.0,256
8833.0,248
8834.0,274
8835.0,274
8836.0,304
8837.0,295
8838.0,311
8839.0,309
8840.0,326
8841.0,323
8842.0,314
8843.0,302
8844.0,305
8845.0,308
8846.0,305
8847.0,302
8848.0,294
8849.0,298
8850.0,286
8851.0,290
8852.0,319
8853.0,297
8854.0,308
8855.0,309
8856.0,320
8857.0,308
8858.0,303
8859.0,307
8860.0,310
8861.0,330
8862.0,305
8863.0,309
8864.0,317
8865.0,348
8866.0,332
8867.0,333
8868.0,286
8869.0,308
8870.0,305
8871.0,272
8872.0,276
8873.0,287
8874.0,298
8875.0,294
8876.0,291
8877.0,271
8878.0,234
8879.0,259
8880.0,268
8881.0,277
8882.0,269
8883.0,284
8884.0,275
8885.0,275
8886.0,282
8887.0,276
8888.0,274
8889.0,269
8890.0,253
8891.0,257
8892.0,285
8893.0,265
8894.0,257
8895.0,278
8896.0,274
8897.0,266
8898.0,260
8899.0,330
8900.0,303
8901.0,285
8902.0,307
8903.0,270
8904.0,273
8905.0,267
8906.0,263
8907.0,264
8908.0,279
8909.0,266
8910.0,271
8911.0,280
8912.0,281
8913.0,269
8914.0,283
8915.0,302
8916.0,285
8917.0,292
8918.0,296
8919.0,284
8920.0,289
8921.0,293
8922.0,284
8923.0,287
8924.0,294
8925.0,297
8926.0,299
8927.0,277
8928.0,296
8929.0,291
8930.0,273
8931.0,268
8932.0,291
8933.0,311
8934.0,304
8935.0,314
8936.0,292
8937.0,294
8938.0,287
8939.0,281
8940.0,276
8941.0,263
8942.0,263
8943.0,268
8944.0,289
8945.0,301
8946.0,321
8947.0,301
8948.0,327
8949.0,339
8950.0,325
8951.0,328
8952.0,323
8953.0,311
8954.0,289
8955.0,289
8956.0,276
8957.0,326
8958.0,313
8959.0,307
8960.0,311
8961.0,305
8962.0,265
8963.0,284
8964.0,310
8965.0,306
8966.0,328
8967.0,303
8968.0,276
8969.0,251
8970.0,277
8971.0,283
8972.0,280
8973.0,259
8974.0,233
8975.0,256
8976.0,266
8977.0,237
8978.0,208
8979.0,219
8980.0,236
8981.0,265
8982.0,240
8983.0,235
8984.0,255
8985.0,265
8986.0,256
8987.0,251
8988.0,254
8989.0,254
8990.0,276
8991.0,301
8992.0,309
8993.0,290
8994.0,260
8995.0,265
8996.0,257
8997.0,260
8998.0,283
8999.0,310
9000.0,313
9001.0,276
9002.0,287
9003.0,278
9004.0,279
9005.0,278
9006.0,287
9007.0,299
9008.0,301
9009.0,338
9010.0,366
9011.0,334
9012.0,314
9013.0,306
9014.0,284
9015.0,249
9016.0,303
9017.0,304
9018.0,295
9019.0,311
9020.0,309
9021.0,302
9022.0,323
9023.0,313
9024.0,277
9025.0,280
9026.0,292
9027.0,304
9028.0,318
9029.0,315
9030.0,308
9031.0,305
9032.0,277
9033.0,261
9034.0,326
9035.0,337
9036.0,345
9037.0,340
9038.0,324
9039.0,283
9040.0,306
9041.0,309
9042.0,295
9043.0,291
9044.0,286
9045.0,294
9046.0,292
9047.0,285
9048.0,292
9049.0,288
9050.0,282
9051.0,295
9052.0,303
9053.0,293
9054.0,289
9055.0,267
9056.0,265
9057.0,249
9058.0,242
9059.0,235
9060.0,230
9061.0,239
9062.0,281
9063.0,285
9064.0,294
9065.0,293
9066.0,280
9067.0,300
9068.0,284
9069.0,309
9070.0,313
9071.0,303
9072.0,297
9073.0,268
9074.0,285
9075.0,306
9076.0,315
9077.0,317
9078.0,323
9079.0,321
9080.0,333
9081.0,309
9082.0,269
9083.0,301
9084.0,307
9085.0,325
9086.0,335
9087.0,313
9088.0,325
9089.0,324
9090.0,331
9091.0,308
9092.0,309
9093.0,293
9094.0,309
9095.0,305
9096.0,267
9097.0,278
9098.0,276
9099.0,298
9100.0,308
9101.0,317
9102.0,323
9103.0,313
9104.0,282
9105.0,256
9106.0,262
9107.0,306
9108.0,336
9109.0,339
9110.0,340
9111.0,307
9112.0,317
9113.0,287
9114.0,274
9115.0,290
9116.0,311
9117.0,315
9118.0,327
9119.0,337
9120.0,310
9121.0,343
9122.0,220
9123.0,246
9124.0,245
9125.0,260
9126.0,294
9127.0,290
9128.0,329
9129.0,297
9130.0,291
9131.0,285
9132.0,277
9133.0,320
9134.0,329
9135.0,351
9136.0,352
9137.0,313
9138.0,305
9139.0,292
9140.0,304
9141.0,306
9142.0,320
9143.0,307
9144.0,308
9145.0,305
9146.0,285
9147.0,284
9148.0,272
9149.0,269
9150.0,263
9151.0,253
9152.0,285
9153.0,288
9154.0,272
9155.0,288
9156.0,295
9157.0,283
9158.0,289
9159.0,307
9160.0,290
9161.0,291
9162.0,291
9163.0,307
9164.0,309
9165.0,306
9166.0,290
9167.0,297
9168.0,306
9169.0,287
9170.0,274
9171.0,276
9172.0,281
9173.0,311
9174.0,312
9175.0,323
9176.0,305
9177.0,287
9178.0,298
9179.0,312
9180.0,328
9181.0,304
9182.0,265
9183.0,280
9184.0,318
9185.0,333
9186.0,311
9187.0,296
9188.0,298
9189.0,292
9190.0,279
9191.0,283
9192.0,270
9193.0,303
9194.0,311
9195.0,295
9196.0,323
9197.0,338
9198.0,325
9199.0,328
9200.0,320
9201.0,319
9202.0,343
9203.0,332
9204.0,282
9205.0,278
9206.0,288
9207.0,294
9208.0,302
9209.0,325
9210.0,321
9211.0,295
9212.0,283
9213.0,263
9214.0,270
9215.0,285
9216.0,311
9217.0,340
9218.0,326
9219.0,340
9220.0,336
9221.0,341
9222.0,321
9223.0,303
9224.0,267
9225.0,266
9226.0,258
9227.0,266
9228.0,261
9229.0,266
9230.0,309
9231.0,310
9232.0,306
9233.0,314
9234.0,326
9235.0,328
9236.0,332
9237.0,320
9238.0,335
9239.0,328
9240.0,307
9241.0,288
9242.0,308
9243.0,326
9244.0,366
9245.0,350
9246.0,317
9247.0,298
9248.0,329
9249.0,319
9250.0,313
9251.0,314
9252.0,339
9253.0,334
9254.0,340
9255.0,322
9256.0,292
9257.0,277
9258.0,284
9259.0,276
9260.0,282
9261.0,277
9262.0,281
9263.0,297
9264.0,281
9265.0,282
9266.0,271
9267.0,265
9268.0,313
9269.0,351
9270.0,330
9271.0,310
9272.0,291
9273.0,303
9274.0,305
9275.0,306
9276.0,322
9277.0,311
9278.0,337
9279.0,346
9280.0,368
9281.0,336
9282.0,316
9283.0,328
9284.0,338
9285.0,350
9286.0,335
9287.0,317
9288.0,342
9289.0,340
9290.0,332
9291.0,319
9292.0,315
9293.0,301
9294.0,277
9295.0,287
9296.0,301
9297.0,315
9298.0,297
9299.0,280
9300.0,294
9301.0,315
9302.0,314
9303.0,344
9304.0,331
9305.0,311
9306.0,325
9307.0,299
9308.0,260
9309.0,265
9310.0,303
9311.0,312
9312.0,305
9313.0,280
9314.0,293
9315.0,298
9316.0,300
9317.0,307
9318.0,321
9319.0,314
9320.0,289
9321.0,275
9322.0,288
9323.0,279
9324.0,287
9325.0,302
9326.0,294
9327.0,300
9328.0,300
9329.0,335
9330.0,331
9331.0,320
9332.0,318
9333.0,292
9334.0,289
9335.0,279
9336.0,298
9337.0,301
9338.0,320
9339.0,308
9340.0,321
9341.0,310
9342.0,314
9343.0,300
9344.0,329
9345.0,307
9346.0,297
9347.0,297
9348.0,309
9349.0,309
9350.0,305
9351.0,311
9352.0,338
9353.0,318
9354.0,322
9355.0,326
9356.0,299
9357.0,281
9358.0,246
9359.0,256
9360.0,274
9361.0,255
9362.0,265
9363.0,294
9364.0,290
9365.0,282
9366.0,291
9367.0,309
9368.0,311
9369.0,287
9370.0,290
9371.0,282
9372.0,298
9373.0,280
9374.0,263
9375.0,277
9376.0,296
9377.0,283
9378.0,280
9379.0,298
9380.0,302
9381.0,314
9382.0,305
9383.0,293
9384.0,334
9385.0,369
9386.0,383
9387.0,362
9388.0,389
9389.0,399
9390.0,371
9391.0,280
9392.0,294
9393.0,343
9394.0,333
9395.0,331
9396.0,337
9397.0,349
9398.0,317
9399.0,281
9400.0,256
9401.0,278
9402.0,279
9403.0,310
9404.0,317
9405.0,293
9406.0,292
9407.0,280
9408.0,276
9409.0,277
9410.0,294
9411.0,320
9412.0,299
9413.0,271
9414.0,291
9415.0,279
9416.0,230
9417.0,237
9418.0,257
9419.0,268
9420.0,247
9421.0,254
9422.0,246
9423.0,217
9424.0,251
9425.0,276
9426.0,267
9427.0,262
9428.0,274
9429.0,293
9430.0,294
9431.0,268
9432.0,283
9433.0,323
9434.0,347
9435.0,347
9436.0,346
9437.0,354
9438.0,314
9439.0,316
9440.0,323
9441.0,304
9442.0,308
9443.0,309
9444.0,348
9445.0,359
9446.0,342
9447.0,330
9448.0,329
9449.0,318
9450.0,288
9451.0,271
9452.0,278
9453.0,274
9454.0,315
9455.0,302
9456.0,289
9457.0,285
9458.0,272
9459.0,253
9460.0,241
9461.0,203
9462.0,175
9463.0,125
9464.0,25
9465.0,0
9466.0,0
9467.0,0
9468.0,0
9469.0,0
9470.0,0
9471.0,0
9472.0,0
9473.0,0
9474.0,0
9475.0,0
9476.0,0
9477.0,0
9478.0,0
9479.0,0
9480.0,0
9481.0,0
9482.0,0
9483.0,0
9484.0,0
9485.0,0
9486.0,0
9487.0,0
9488.0,0
9489.0,0
9490.0,0
9491.0,0
9492.0,0
9493.0,0
9494.0,0
9495.0,0
9496.0,0
9497.0,0
9498.0,0
9499.0,0
9500.0,0
9501.0,0
9502.0,0
9503.0,0
9504.0,0
9505.0,0
9506.0,0
9507.0,0
9508.0,0
9509.0,0
9510.0,0
9511.0,0
9512.0,0
9513.0,0
9514.0,0
9515.0,0
9516.0,0
9517.0,0
9518.0,0
9519.0,0
9520.0,0
9521.0,0
9522.0,0
9523.0,0
9524.0,0
9525.0,0
9526.0,0
9527.0,0
9528.0,0
9529.0,0
9530.0,0
9531.0,0
9532.0,0
9533.0,0
9534.0,0
9535.0,0
9536.0,0
9537.0,0
9538.0,0
9539.0,0
9540.0,0
9541.0,0
9542.0,0
9543.0,0
9544.0,0
9545.0,0
9546.0,0
9547.0,0
9548.0,0
9549.0,0
9550.0,0
9551.0,0
9552.0,0
9553.0,0
9554.0,0
9555.0,0
9556.0,0
9557.0,0
9558.0,0
9559.0,0
9560.0,0
9561.0,0
9562.0,0
9563.0,0
9564.0,0
9565.0,0
9566.0,0
9567.0,0
9568.0,0
9569.0,0
9570.0,0
9571.0,0
9572.0,0
9573.0,0
9574.0,0
9575.0,0
9576.0,0
9577.0,0
9578.0,0
9579.0,0
9580.0,0
9581.0,0
9582.0,0
9583.0,0
9584.0,0
9585.0,0
9586.0,0
9587.0,0
9588.0,0
9589.0,0
9590.0,0
9591.0,0
9592.0,0
9593.0,0
9594.0,0
9595.0,0
9596.0,0
9597.0,443
9598.0,465
9599.0,245
9600.0,198
9601.0,196
9602.0,208
9603.0,39
9604.0,0
9605.0,0
9606.0,0
9607.0,0
9608.0,0
9609.0,198
9610.0,216
9611.0,270
9612.0,293
9613.0,296
9614.0,295
9615.0,307
9616.0,353
9617.0,358
9618.0,296
9619.0,277
9620.0,279
9621.0,288
9622.0,282
9623.0,292
9624.0,299
9625.0,302
9626.0,303
9627.0,294
9628.0,262
9629.0,255
9630.0,249
9631.0,254
9632.0,243
9633.0,240
9634.0,240
9635.0,233
9636.0,238
9637.0,227
9638.0,232
9639.0,232
9640.0,240
9641.0,227
9642.0,247
9643.0,228
9644.0,263
9645.0,275
9646.0,278
9647.0,276
9648.0,271
9649.0,303
9650.0,319
9651.0,329
9652.0,316
9653.0,299
9654.0,318
9655.0,291
9656.0,251
9657.0,253
9658.0,252
9659.0,251
9660.0,308
9661.0,302
9662.0,282
9663.0,281
9664.0,246
9665.0,217
9666.0,232
9667.0,265
9668.0,236
9669.0,301
9670.0,312
9671.0,244
9672.0,223
9673.0,232
9674.0,207
9675.0,208
9676.0,223
9677.0,194
9678.0,181
9679.0,182
9680.0,180
9681.0,175
9682.0,187
9683.0,188
9684.0,208
9685.0,249
9686.0,276
9687.0,280
9688.0,268
9689.0,332
9690.0,346
9691.0,313
9692.0,335
9693.0,323
9694.0,335
9695.0,351
9696.0,344
9697.0,314
9698.0,303
9699.0,320
9700.0,292
9701.0,228
9702.0,216
9703.0,289
9704.0,260
9705.0,221
9706.0,222
9707.0,206
9708.0,231
9709.0,225
9710.0,249
9711.0,270
9712.0,288
9713.0,278
9714.0,293
9715.0,308
9716.0,293
9717.0,263
9718.0,266
9719.0,268
9720.0,248
9721.0,255
9722.0,306
9723.0,323
9724.0,328
9725.0,303
9726.0,313
9727.0,305
9728.0,262
9729.0,246
9730.0,212
9731.0,218
9732.0,212
9733.0,209
9734.0,218
9735.0,251
9736.0,283
9737.0,313
9738.0,330
9739.0,305
9740.0,172
9741.0,318
9742.0,340
9743.0,319
9744.0,315
9745.0,286
9746.0,313
9747.0,330
9748.0,324
9749.0,329
9750.0,331
9751.0,358
9752.0,329
9753.0,298
9754.0,297
9755.0,270
9756.0,251
9757.0,252
9758.0,254
9759.0,246
9760.0,298
9761.0,297
9762.0,159
9763.0,267
9764.0,297
9765.0,294
9766.0,284
9767.0,266
9768.0,254
9769.0,247
9770.0,237
9771.0,215
9772.0,225
9773.0,232
9774.0,261
9775.0,253
9776.0,234
9777.0,217
9778.0,207
9779.0,200
9780.0,201
9781.0,240
9782.0,251
9783.0,277
9784.0,251
9785.0,255
9786.0,223
9787.0,206
9788.0,202
9789.0,227
9790.0,276
9791.0,287
9792.0,274
9793.0,221
9794.0,86
9795.0,187
9796.0,227
9797.0,268
9798.0,259
9799.0,273
9800.0,222
9801.0,260
9802.0,261
9803.0,245
9804.0,281
9805.0,276
9806.0,330
9807.0,304
9808.0,300
9809.0,279
9810.0,280
9811.0,350
9812.0,351
9813.0,364
9814.0,383
9815.0,360
9816.0,331
9817.0,304
9818.0,320
9819.0,291
9820.0,301
9821.0,279
9822.0,236
9823.0,247
9824.0,250
9825.0,283
9826.0,290
9827.0,319
9828.0,272
9829.0,287
9830.0,291
9831.0,268
9832.0,258
9833.0,239
9834.0,243
9835.0,276
9836.0,283
9837.0,276
9838.0,261
9839.0,247
9840.0,250
9841.0,251
9842.0,258
9843.0,239
9844.0,233
9845.0,226
9846.0,226
9847.0,230
9848.0,220
9849.0,248
9850.0,272
9851.0,349
9852.0,266
9853.0,285
9854.0,291
9855.0,317
9856.0,337
9857.0,261
9858.0,245
9859.0,308
9860.0,323
9861.0,353
9862.0,381
9863.0,399
9864.0,388
9865.0,367
9866.0,359
9867.0,367
9868.0,342
9869.0,310
9870.0,283
9871.0,269
9872.0,284
9873.0,285
9874.0,286
9875.0,283
9876.0,264
9877.0,253
9878.0,229
9879.0,210
9880.0,218
9881.0,195
9882.0,229
9883.0,292
9884.0,264
9885.0,238
9886.0,245
9887.0,253
9888.0,238
9889.0,235
9890.0,198
9891.0,199
9892.0,173
9893.0,163
9894.0,166
9895.0,177
9896.0,216
9897.0,206
9898.0,50
9899.0,0
9900.0,0
9901.0,0
9902.0,0
9903.0,0
9904.0,0
9905.0,0
9906.0,0
9907.0,0
9908.0,0
9909.0,0
9910.0,0
9911.0,0
9912.0,0
9913.0,0
9914.0,0
9915.0,0
9916.0,0
9917.0,0
9918.0,0
9919.0,0
9920.0,0
9921.0,0
9922.0,0
9923.0,0
9924.0,0
9925.0,0
9926.0,0
9927.0,0
9928.0,0
9929.0,0
9930.0,0
9931.0,0
9932.0,0
9933.0,0
9934.0,0
9935.0,0
9936.0,0
9937.0,71
9938.0,151
9939.0,31
9940.0,31
9941.0,177
9942.0,171
9943.0,172
9944.0,176
9945.0,157
9946.0,151
9947.0,88
9948.0,50
9949.0,34
9950.0,95
9951.0,169
9952.0,177
9953.0,174
9954.0,163
9955.0,152
9956.0,134
9957.0,134
9958.0,149
9959.0,152
9960.0,139
9961.0,145
9962.0,133
9963.0,119
9964.0,132
9965.0,120
9966.0,144
9967.0,116
9968.0,100
9969.0,97
9970.0,103
9971.0,115
9972.0,124
9973.0,98
9974.0,84
9975.0,0
9976.0,0
9977.0,0
9978.0,0
9979.0,0
9980.0,0
9981.0,0
9982.0,0
9983.0,0
9984.0,0
9985.0,0
9986.0,0
9987.0,0
9988.0,0
9989.0,0
9990.0,0
9991.0,0
9992.0,0
9993.0,0
9994.0,0
9995.0,0
9996.0,0
9997.0,0
9998.0,0
9999.0,0
10000.0,0
10001.0,0
10002.0,0
10003.0,0
10004.0,0
10005.0,0
10006.0,0
10007.0,0
10008.0,0
10009.0,0
10010.0,0
10011.0,202
10012.0,261
10013.0,236
10014.0,218
10015.0,191
10016.0,180
10017.0,158
10018.0,173
10019.0,104
10020.0,105
10021.0,126
10022.0,141
10023.0,169
10024.0,184
10025.0,192
10026.0,185
10027.0,177
10028.0,139
10029.0,92
10030.0,190
10031.0,193
10032.0,195
10033.0,185
10034.0,200
10035.0,193
10036.0,176
10037.0,191
10038.0,238
10039.0,206
10040.0,212
10041.0,215
10042.0,247
10043.0,273
10044.0,250
10045.0,246
10046.0,236
10047.0,219
10048.0,229
10049.0,257
10050.0,239
10051.0,233
10052.0,243
10053.0,230
10054.0,220
10055.0,194
10056.0,157
10057.0,152
10058.0,143
10059.0,143
10060.0,153
10061.0,155
10062.0,147
10063.0,146
10064.0,145
10065.0,161
10066.0,159
10067.0,123
10068.0,109
10069.0,115
10070.0,134
10071.0,130
10072.0,143
10073.0,191
10074.0,164
10075.0,165
10076.0,180
10077.0,181
10078.0,173
10079.0,162
10080.0,149
10081.0,162
10082.0,164
10083.0,161
10084.0,172
10085.0,162
10086.0,164
10087.0,162
10088.0,194
10089.0,179
10090.0,139
10091.0,170
10092.0,196
10093.0,197
10094.0,173
10095.0,153
10096.0,152
10097.0,124
10098.0,86
10099.0,62
10100.0,18
10101.0,0
10102.0,0
10103.0,0
10104.0,0
10105.0,0
10106.0,0
10107.0,0
10108.0,0
10109.0,0
10110.0,0
10111.0,0
10112.0,0
10113.0,0
10114.0,0
10115.0,0
10116.0,0
10117.0,0
10118.0,0
10119.0,0
10120.0,0
10121.0,0
10122.0,0
10123.0,0
10124.0,0
10125.0,0
10126.0,0
10127.0,0
10128.0,0
10129.0,0
10130.0,0
10131.0,0
10132.0,0
10133.0,0
10134.0,0
10135.0,0
10136.0,0
10137.0,0
10138.0,0
10139.0,0
10140.0,0
10141.0,0
10142.0,0
10143.0,0
10144.0,0
10145.0,0
10146.0,0
10147.0,0
10148.0,0
10149.0,0
10150.0,0
10151.0,0
10152.0,0
10153.0,0
10154.0,0
10155.0,0
10156.0,0
10157.0,0
10158.0,0
10159.0,0
10160.0,94
10161.0,40
10162.0,0
10163.0,0
10164.0,0
10165.0,0
10166.0,0
10167.0,0
10168.0,0
10169.0,0
10170.0,0
10171.0,0
10172.0,0
10173.0,0
10174.0,0
10175.0,0
10176.0,0
10177.0,0
10178.0,0
10179.0,0
10180.0,0
10181.0,0
10182.0,0
10183.0,0
10184.0,0
10185.0,0
10186.0,0
10187.0,0
10188.0,0
10189.0,0
10190.0,0
10191.0,0
10192.0,0
10193.0,0
10194.0,0
10195.0,0
10196.0,94
10197.0,196
10198.0,186
10199.0,190
10200.0,183
10201.0,287
10202.0,264
10203.0,259
10204.0,236
10205.0,236
10206.0,231
10207.0,219
10208.0,231
10209.0,181
10210.0,145
10211.0,152
10212.0,138
10213.0,124
10214.0,96
10215.0,94
10216.0,103
10217.0,93
10218.0,96
10219.0,99
10220.0,99
10221.0,87
10222.0,95
10223.0,105
10224.0,98
10225.0,105
10226.0,121
10227.0,113
10228.0,120
10229.0,113
10230.0,121
10231.0,123
10232.0,125
10233.0,125
10234.0,111
10235.0,101
10236.0,107
10237.0,138
10238.0,152
10239.0,169
10240.0,175
10241.0,167
10242.0,182
10243.0,196
10244.0,204
10245.0,198
10246.0,182
10247.0,98
10248.0,235
10249.0,248
10250.0,238
10251.0,238
10252.0,231
10253.0,218
10254.0,237
10255.0,225
10256.0,227
10257.0,230
10258.0,223
10259.0,224
10260.0,213
10261.0,209
10262.0,243
10263.0,264
10264.0,256
10265.0,266
10266.0,286
10267.0,264
10268.0,286
10269.0,265
10270.0,270
10271.0,285
10272.0,238
10273.0,182
10274.0,211
10275.0,232
10276.0,221
10277.0,203
10278.0,222
10279.0,220
10280.0,225
10281.0,232
10282.0,206
10283.0,171
10284.0,199
10285.0,238
10286.0,234
10287.0,233
10288.0,236
10289.0,222
10290.0,221
10291.0,228
10292.0,237
10293.0,246
10294.0,243
10295.0,227
10296.0,223
10297.0,216
10298.0,210
10299.0,198
10300.0,225
10301.0,240
10302.0,204
10303.0,182
10304.0,199
10305.0,217
10306.0,205
10307.0,208
10308.0,221
10309.0,220
10310.0,223
10311.0,214
10312.0,220
10313.0,217
10314.0,237
10315.0,242
10316.0,231
10317.0,224
10318.0,228
10319.0,231
10320.0,236
10321.0,260
10322.0,260
10323.0,234
10324.0,225
10325.0,204
10326.0,213
10327.0,193
10328.0,194
10329.0,191
10330.0,174
10331.0,184
10332.0,184
10333.0,174
10334.0,163
10335.0,186
10336.0,209
10337.0,184
10338.0,222
10339.0,219
10340.0,211
10341.0,199
10342.0,190
10343.0,180
10344.0,189
10345.0,198
10346.0,214
10347.0,208
10348.0,208
10349.0,213
10350.0,208
10351.0,207
10352.0,198
10353.0,213
10354.0,212
10355.0,205
10356.0,213
10357.0,203
10358.0,188
10359.0,213
10360.0,223
10361.0,212
10362.0,220
10363.0,216
10364.0,212
10365.0,214
10366.0,213
10367.0,204
10368.0,209
10369.0,204
10370.0,183
10371.0,186
10372.0,179
10373.0,167
10374.0,173
10375.0,161
10376.0,177
10377.0,165
10378.0,167
10379.0,186
10380.0,190
10381.0,223
10382.0,221
10383.0,203
10384.0,198
10385.0,204
10386.0,200
10387.0,200
10388.0,226
10389.0,217
10390.0,208
10391.0,207
10392.0,188
10393.0,170
10394.0,180
10395.0,195
10396.0,193
10397.0,191
10398.0,160
10399.0,174
10400.0,190
10401.0,182
10402.0,171
10403.0,178
10404.0,209
10405.0,218
10406.0,199
10407.0,209
10408.0,210
10409.0,212
10410.0,213
10411.0,211
10412.0,213
10413.0,216
10414.0,205
10415.0,202
10416.0,178
10417.0,175
10418.0,173
10419.0,179
10420.0,152
10421.0,151
10422.0,129
10423.0,162
10424.0,183
10425.0,183
10426.0,179
10427.0,174
10428.0,164
10429.0,168
10430.0,173
10431.0,173
10432.0,167
10433.0,178
10434.0,185
10435.0,180
10436.0,181
10437.0,184
10438.0,176
10439.0,182
10440.0,203
10441.0,201
10442.0,203
10443.0,196
10444.0,194
10445.0,205
10446.0,225
10447.0,232
10448.0,236
10449.0,244
10450.0,242
10451.0,247
10452.0,246
10453.0,240
10454.0,232
10455.0,241
10456.0,234
10457.0,234
10458.0,240
10459.0,252
10460.0,246
10461.0,246
10462.0,235
10463.0,199
10464.0,200
10465.0,130
10466.0,176
10467.0,205
10468.0,189
10469.0,172
10470.0,169
10471.0,183
10472.0,208
10473.0,211
10474.0,206
10475.0,222
10476.0,216
10477.0,221
10478.0,234
10479.0,226
10480.0,218
10481.0,214
10482.0,195
10483.0,194
10484.0,179
10485.0,189
10486.0,190
10487.0,171
10488.0,180
10489.0,173
10490.0,159
10491.0,144
10492.0,140
10493.0,149
10494.0,148
10495.0,165
10496.0,184
10497.0,207
10498.0,203
10499.0,191
10500.0,190
10501.0,165
10502.0,165
10503.0,168
10504.0,166
10505.0,143
10506.0,144
10507.0,143
10508.0,151
10509.0,163
10510.0,167
10511.0,176
10512.0,173
10513.0,171
10514.0,187
10515.0,193
10516.0,180
10517.0,177
10518.0,170
10519.0,243
10520.0,182
10521.0,143
10522.0,229
10523.0,208
10524.0,171
10525.0,147
10526.0,126
10527.0,139
10528.0,136
10529.0,131
10530.0,123
10531.0,119
10532.0,139
10533.0,150
10534.0,143
10535.0,164
10536.0,185
10537.0,162
10538.0,170
10539.0,177
10540.0,169
10541.0,189
10542.0,169
10543.0,174
10544.0,164
10545.0,148
10546.0,153
10547.0,205
10548.0,195
10549.0,162
10550.0,152
10551.0,156
10552.0,159
10553.0,162
10554.0,152
10555.0,151
10556.0,161
10557.0,144
10558.0,152
10559.0,156
10560.0,170
10561.0,190
10562.0,174
10563.0,164
10564.0,154
10565.0,131
10566.0,136
10567.0,139
10568.0,128
10569.0,120
10570.0,136
10571.0,148
10572.0,141
10573.0,118
10574.0,114
10575.0,131
10576.0,152
10577.0,165
10578.0,166
10579.0,174
10580.0,172
10581.0,183
10582.0,178
10583.0,177
10584.0,174
10585.0,166
10586.0,181
10587.0,188
10588.0,188
10589.0,180
10590.0,180
10591.0,188
10592.0,203
10593.0,200
10594.0,156
10595.0,206
10596.0,218
10597.0,195
10598.0,189
10599.0,176
10600.0,164
10601.0,174
10602.0,161
10603.0,152
10604.0,170
10605.0,145
10606.0,145
10607.0,172
10608.0,174
10609.0,162
10610.0,176
10611.0,156
10612.0,138
10613.0,142
10614.0,150
10615.0,157
10616.0,180
10617.0,212
10618.0,224
10619.0,80
10620.0,250
10621.0,245
10622.0,184
10623.0,168
10624.0,161
10625.0,149
10626.0,159
10627.0,165
10628.0,158
10629.0,155
10630.0,149
10631.0,153
10632.0,156
10633.0,152
10634.0,161
10635.0,153
10636.0,159
10637.0,177
10638.0,176
10639.0,174
10640.0,192
10641.0,192
10642.0,192
10643.0,187
10644.0,189
10645.0,190
10646.0,190
10647.0,191
10648.0,182
10649.0,175
10650.0,176
10651.0,184
10652.0,198
10653.0,192
10654.0,188
10655.0,187
10656.0,174
10657.0,158
10658.0,178
10659.0,187
10660.0,185
10661.0,174
10662.0,198
10663.0,223
10664.0,216
10665.0,223
10666.0,214
10667.0,196
10668.0,195
10669.0,221
10670.0,226
10671.0,223
10672.0,217
10673.0,206
10674.0,201
10675.0,234
10676.0,219
10677.0,239
10678.0,226
10679.0,199
10680.0,200
10681.0,225
10682.0,233
10683.0,226
10684.0,207
10685.0,256
10686.0,266
10687.0,211
10688.0,195
10689.0,226
10690.0,192
10691.0,167
10692.0,152
10693.0,142
10694.0,173
10695.0,220
10696.0,184
10697.0,167
10698.0,165
10699.0,151
10700.0,150
10701.0,153
10702.0,152
10703.0,149
10704.0,151
10705.0,154
10706.0,161
10707.0,172
10708.0,190
10709.0,195
10710.0,210
10711.0,234
10712.0,221
10713.0,195
10714.0,158
10715.0,166
10716.0,176
10717.0,160
10718.0,170
10719.0,170
10720.0,193
10721.0,189
10722.0,210
10723.0,206
10724.0,203
10725.0,190
10726.0,175
10727.0,149
10728.0,119
10729.0,140
10730.0,148
10731.0,135
10732.0,144
10733.0,171
10734.0,163
10735.0,150
10736.0,178
10737.0,183
10738.0,188
10739.0,154
10740.0,144
10741.0,140
10742.0,146
10743.0,157
10744.0,150
10745.0,137
10746.0,122
10747.0,137
10748.0,138
10749.0,134
10750.0,137
10751.0,141
10752.0,161
10753.0,182
10754.0,202
10755.0,203
10756.0,187
10757.0,186
10758.0,207
10759.0,206
10760.0,194
10761.0,197
10762.0,193
10763.0,191
10764.0,202
10765.0,225
10766.0,226
10767.0,198
10768.0,199
10769.0,209
10770.0,224
10771.0,212
10772.0,220
10773.0,197
10774.0,206
10775.0,237
10776.0,235
10777.0,249
10778.0,241
10779.0,238
10780.0,236
10781.0,225
10782.0,225
10783.0,226
10784.0,224
10785.0,232
10786.0,222
10787.0,219
10788.0,217
10789.0,227
10790.0,223
10791.0,228
10792.0,225
10793.0,215
10794.0,210
10795.0,186
10796.0,193
10797.0,175
10798.0,178
10799.0,177
10800.0,192
10801.0,176
10802.0,177
10803.0,169
10804.0,162
10805.0,166
10806.0,173
10807.0,180
10808.0,177
10809.0,172
10810.0,193
10811.0,176
10812.0,172
10813.0,175
10814.0,170
10815.0,167
10816.0,186
10817.0,203
10818.0,220
10819.0,212
10820.0,205
10821.0,210
10822.0,208
10823.0,194
10824.0,183
10825.0,171
10826.0,170
10827.0,187
10828.0,188
10829.0,156
10830.0,122
10831.0,213
10832.0,151
10833.0,79
10834.0,149
10835.0,3
10836.0,3
10837.0,5
10838.0,76
10839.0,185
10840.0,171
10841.0,137
10842.0,111
10843.0,116
10844.0,100
10845.0,122
10846.0,123
10847.0,112
10848.0,108
10849.0,119
10850.0,122
10851.0,0
10852.0,0
10853.0,0
10854.0,0
10855.0,0
10856.0,0
10857.0,0
10858.0,0
10859.0,0
10860.0,0
10861.0,0
10862.0,0
10863.0,0
10864.0,0
10865.0,0
10866.0,0
10867.0,0
10868.0,0
10869.0,0
10870.0,0
10871.0,0
10872.0,0
10873.0,0
10874.0,0
10875.0,0
10876.0,0
10877.0,0
10878.0,0
10879.0,0
10880.0,0
10881.0,0
10882.0,0
10883.0,0
10884.0,0
10885.0,78
10886.0,266
10887.0,230
10888.0,195
10889.0,199
10890.0,250
10891.0,252
10892.0,238
10893.0,244
10894.0,235
10895.0,225
10896.0,232
10897.0,236
10898.0,204
10899.0,198
10900.0,176
10901.0,162
10902.0,152
10903.0,147
10904.0,140
10905.0,141
10906.0,132
10907.0,121
10908.0,118
10909.0,125
10910.0,145
10911.0,141
10912.0,143
10913.0,142
10914.0,158
10915.0,165
10916.0,154
10917.0,166
10918.0,187
10919.0,207
10920.0,175
10921.0,159
10922.0,276
10923.0,252
10924.0,248
10925.0,269
10926.0,292
10927.0,309
10928.0,309
10929.0,275
10930.0,267
10931.0,279
10932.0,237
10933.0,203
10934.0,194
10935.0,229
10936.0,268
10937.0,272
10938.0,281
10939.0,269
10940.0,251
10941.0,211
10942.0,238
10943.0,221
10944.0,208
10945.0,231
10946.0,239
10947.0,234
10948.0,201
10949.0,188
10950.0,177
10951.0,184
10952.0,192
10953.0,208
10954.0,201
10955.0,190
10956.0,180
10957.0,168
10958.0,176
10959.0,199
10960.0,208
10961.0,223
10962.0,230
10963.0,206
10964.0,196
10965.0,209
10966.0,201
10967.0,219
10968.0,208
10969.0,202
10970.0,207
10971.0,194
10972.0,185
10973.0,170
10974.0,163
10975.0,165
10976.0,156
10977.0,165
10978.0,165
10979.0,169
10980.0,173
10981.0,179
10982.0,197
10983.0,185
10984.0,223
10985.0,201
10986.0,197
10987.0,278
10988.0,116
10989.0,134
10990.0,240
10991.0,205
10992.0,174
10993.0,176
10994.0,157
10995.0,128
10996.0,152
10997.0,140
10998.0,134
10999.0,147
11000.0,123
11001.0,112
11002.0,107
11003.0,103
11004.0,101
11005.0,97
11006.0,42
11007.0,0
11008.0,0
11009.0,0
11010.0,0
11011.0,149
11012.0,162
11013.0,147
11014.0,128
11015.0,125
11016.0,121
11017.0,143
11018.0,137
11019.0,131
11020.0,116
11021.0,107
11022.0,120
11023.0,117
11024.0,148
11025.0,162
11026.0,140
11027.0,128
11028.0,139
11029.0,135
11030.0,128
11031.0,123
11032.0,112
11033.0,110
11034.0,134
11035.0,140
11036.0,144
11037.0,155
11038.0,166
11039.0,174
11040.0,175
11041.0,185
11042.0,201
11043.0,192
11044.0,178
11045.0,213
11046.0,227
11047.0,242
11048.0,208
11049.0,222
11050.0,216
11051.0,209
11052.0,209
11053.0,203
11054.0,208
11055.0,203
11056.0,194
11057.0,190
11058.0,216
11059.0,205
11060.0,200
11061.0,252
11062.0,232
11063.0,208
11064.0,225
11065.0,229
11066.0,228
11067.0,201
11068.0,197
11069.0,185
11070.0,175
11071.0,199
11072.0,208
11073.0,215
11074.0,231
11075.0,230
11076.0,204
11077.0,231
11078.0,199
11079.0,224
11080.0,209
11081.0,223
11082.0,208
11083.0,217
11084.0,202
11085.0,208
11086.0,220
11087.0,218
11088.0,226
11089.0,218
11090.0,220
11091.0,209
11092.0,220
11093.0,220
11094.0,211
11095.0,208
11096.0,216
11097.0,236
11098.0,229
11099.0,224
11100.0,229
11101.0,222
11102.0,220
11103.0,200
11104.0,213
11105.0,226
11106.0,224
11107.0,219
11108.0,238
11109.0,244
11110.0,247
11111.0,262
11112.0,273
11113.0,271
11114.0,274
11115.0,263
11116.0,261
11117.0,248
11118.0,244
11119.0,237
11120.0,243
11121.0,241
11122.0,230
11123.0,229
11124.0,231
11125.0,253
11126.0,247
11127.0,240
11128.0,245
11129.0,251
11130.0,247
11131.0,243
11132.0,242
11133.0,238
11134.0,261
11135.0,247
11136.0,244
11137.0,241
11138.0,253
11139.0,253
11140.0,260
11141.0,244
11142.0,262
11143.0,262
11144.0,254
11145.0,233
11146.0,246
11147.0,239
11148.0,253
11149.0,234
11150.0,234
11151.0,253
11152.0,254
11153.0,263
11154.0,239
11155.0,236
11156.0,247
11157.0,270
11158.0,263
11159.0,236
11160.0,233
11161.0,224
11162.0,216
11163.0,199
11164.0,203
11165.0,186
11166.0,202
11167.0,190
11168.0,201
11169.0,216
11170.0,176
11171.0,178
11172.0,182
11173.0,173
11174.0,183
11175.0,183
11176.0,187
11177.0,172
11178.0,164
11179.0,153
11180.0,152
11181.0,140
11182.0,130
11183.0,178
11184.0,154
11185.0,148
11186.0,158
11187.0,96
11188.0,122
11189.0,197
11190.0,0
11191.0,0
11192.0,0
11193.0,0
11194.0,0
11195.0,0
11196.0,0
11197.0,132
11198.0,148
11199.0,141
11200.0,130
11201.0,124
11202.0,112
11203.0,135
11204.0,129
11205.0,122
11206.0,117
11207.0,110
11208.0,133
11209.0,0
11210.0,0
11211.0,0
11212.0,0
11213.0,0
11214.0,0
11215.0,0
11216.0,0
11217.0,0
11218.0,0
11219.0,0
11220.0,0
11221.0,0
11222.0,0
11223.0,0
11224.0,0
11225.0,0
11226.0,0
11227.0,0
11228.0,0
11229.0,0
11230.0,0
11231.0,0
11232.0,0
11233.0,0
11234.0,0
11235.0,0
11236.0,0
11237.0,0
11238.0,0
11239.0,0
11240.0,0
11241.0,0
11242.0,0
11243.0,0
11244.0,0
11245.0,0
11246.0,0
11247.0,0
11248.0,0
11249.0,0
11250.0,0
11251.0,0
11252.0,0
11253.0,0
11254.0,0
11255.0,0
11256.0,0
11257.0,0
11258.0,0
11259.0,0
11260.0,0
11261.0,0
11262.0,0
11263.0,52
11264.0,82
11265.0,0
11266.0,0
11267.0,0
11268.0,0
11269.0,0
11270.0,0
11271.0,0
11272.0,6
11273.0,151
11274.0,39
11275.0,124
11276.0,166
11277.0,155
11278.0,161
11279.0,144
11280.0,144
11281.0,132
11282.0,123
11283.0,82
11284.0,79
11285.0,0
11286.0,0
11287.0,0
11288.0,0
11289.0,0
11290.0,0
11291.0,0
11292.0,0
11293.0,0
11294.0,0
11295.0,0
11296.0,0
11297.0,0
11298.0,0
11299.0,0
11300.0,0
11301.0,0
11302.0,0
11303.0,0
11304.0,0
11305.0,0
11306.0,0
11307.0,0
11308.0,0
11309.0,0
11310.0,0
11311.0,135
11312.0,143
11313.0,128
11314.0,133
11315.0,151
11316.0,143
11317.0,133
11318.0,138
11319.0,142
11320.0,144
11321.0,126
11322.0,113
11323.0,108
11324.0,115
11325.0,119
11326.0,118
11327.0,111
11328.0,104
11329.0,112
11330.0,110
11331.0,120
11332.0,118
11333.0,112
11334.0,110
11335.0,99
11336.0,96
11337.0,33
11338.0,8
11339.0,8
11340.0,8
11341.0,8
11342.0,94
11343.0,186
11344.0,150
11345.0,151
11346.0,158
11347.0,145
11348.0,149
11349.0,155
11350.0,155
11351.0,146
11352.0,129
11353.0,150
11354.0,130
11355.0,104
11356.0,106
11357.0,117
11358.0,105
11359.0,87
11360.0,85
11361.0,105
11362.0,90
11363.0,0
11364.0,0
11365.0,0
11366.0,0
11367.0,241
11368.0,226
11369.0,255
11370.0,279
11371.0,223
11372.0,266
11373.0,226
11374.0,182
11375.0,133
11376.0,172
11377.0,207
11378.0,226
11379.0,209
11380.0,196
11381.0,186
11382.0,182
11383.0,183
11384.0,160
11385.0,155
11386.0,134
11387.0,150
11388.0,161
11389.0,179
11390.0,171
11391.0,164
11392.0,171
11393.0,151
11394.0,150
11395.0,162
11396.0,143
11397.0,155
11398.0,161
11399.0,165
11400.0,162
11401.0,163
11402.0,149
11403.0,167
11404.0,182
11405.0,179
11406.0,168
11407.0,151
11408.0,141
11409.0,155
11410.0,154
11411.0,147
11412.0,144
11413.0,153
11414.0,158
11415.0,157
11416.0,161
11417.0,137
11418.0,151
11419.0,166
11420.0,148
11421.0,127
11422.0,110
11423.0,112
11424.0,131
11425.0,127
11426.0,139
11427.0,150
11428.0,166
11429.0,172
11430.0,162
11431.0,144
11432.0,132
11433.0,122
11434.0,109
11435.0,114
11436.0,103
11437.0,127
11438.0,163
11439.0,175
11440.0,158
11441.0,164
11442.0,182
11443.0,170
11444.0,159
11445.0,144
11446.0,149
11447.0,158
11448.0,139
11449.0,150
11450.0,154
11451.0,147
11452.0,134
11453.0,138
11454.0,148
11455.0,163
11456.0,169
11457.0,193
11458.0,193
11459.0,169
11460.0,176
11461.0,175
11462.0,170
11463.0,160
11464.0,162
11465.0,164
11466.0,155
11467.0,157
11468.0,145
11469.0,144
11470.0,154
11471.0,129
11472.0,118
11473.0,146
11474.0,161
11475.0,174
11476.0,177
11477.0,188
11478.0,177
11479.0,154
11480.0,145
11481.0,134
11482.0,142
11483.0,163
11484.0,169
11485.0,184
11486.0,163
11487.0,138
11488.0,132
11489.0,139
11490.0,153
11491.0,188
11492.0,166
11493.0,165
11494.0,160
11495.0,163
11496.0,171
11497.0,178
11498.0,164
11499.0,156
11500.0,162
11501.0,158
11502.0,161
11503.0,160
11504.0,170
11505.0,177
11506.0,176
11507.0,237
11508.0,230
11509.0,212
11510.0,178
11511.0,165
11512.0,151
11513.0,154
11514.0,165
11515.0,178
11516.0,189
11517.0,191
11518.0,182
11519.0,167
11520.0,168
11521.0,172
11522.0,175
11523.0,173
11524.0,185
11525.0,202
11526.0,203
11527.0,213
11528.0,208
11529.0,202
11530.0,236
11531.0,237
11532.0,213
11533.0,216
11534.0,221
11535.0,201
11536.0,186
11537.0,157
11538.0,160
11539.0,164
11540.0,152
11541.0,151
11542.0,173
11543.0,170
11544.0,164
11545.0,161
11546.0,159
11547.0,158
11548.0,154
11549.0,159
11550.0,155
11551.0,135
11552.0,133
11553.0,133
11554.0,136
11555.0,55
11556.0,0
11557.0,0
11558.0,0
11559.0,0
11560.0,0
11561.0,0
11562.0,0
11563.0,0
11564.0,44
11565.0,157
11566.0,150
11567.0,144
11568.0,129
11569.0,152
11570.0,139
11571.0,125
11572.0,119
11573.0,132
11574.0,125
11575.0,144
11576.0,139
11577.0,116
11578.0,108
11579.0,109
11580.0,102
11581.0,63
11582.0,117
11583.0,128
11584.0,127
11585.0,152
11586.0,157
11587.0,151
11588.0,133
11589.0,154
11590.0,163
11591.0,155
11592.0,143
11593.0,144
11594.0,168
11595.0,162
11596.0,153
11597.0,164
11598.0,180
11599.0,166
11600.0,155
11601.0,154
11602.0,171
11603.0,165
11604.0,174
11605.0,167
11606.0,120
11607.0,107
11608.0,138
11609.0,181
11610.0,167
11611.0,185
11612.0,194
11613.0,167
11614.0,149
11615.0,166
11616.0,161
11617.0,149
11618.0,141
11619.0,164
11620.0,155
11621.0,142
11622.0,160
11623.0,171
11624.0,195
11625.0,195
11626.0,175
11627.0,178
11628.0,168
11629.0,158
11630.0,163
11631.0,165
11632.0,149
11633.0,146
11634.0,162
11635.0,139
11636.0,130
11637.0,148
11638.0,166
11639.0,149
11640.0,170
11641.0,151
11642.0,159
11643.0,144
11644.0,172
11645.0,171
11646.0,155
11647.0,149
11648.0,151
11649.0,135
11650.0,136
11651.0,127
11652.0,107
11653.0,101
11654.0,105
11655.0,125
11656.0,134
11657.0,122
11658.0,127
11659.0,121
11660.0,141
11661.0,139
11662.0,135
11663.0,143
11664.0,123
11665.0,141
11666.0,145
11667.0,144
11668.0,189
11669.0,183
11670.0,220
11671.0,182
11672.0,159
11673.0,137
11674.0,101
11675.0,0
11676.0,0
11677.0,0
11678.0,0
11679.0,0
11680.0,0
11681.0,0
11682.0,0
11683.0,0
11684.0,0
11685.0,0
11686.0,0
11687.0,0
11688.0,0
11689.0,86
11690.0,171
11691.0,174
11692.0,161
11693.0,148
11694.0,136
11695.0,138
11696.0,126
11697.0,135
11698.0,172
11699.0,166
11700.0,132
11701.0,158
11702.0,150
11703.0,144
11704.0,165
11705.0,144
11706.0,62
11707.0,0
11708.0,0
11709.0,0
11710.0,0
11711.0,0
11712.0,0
11713.0,0
11714.0,54
11715.0,123
11716.0,53
11717.0,32
11718.0,32
11719.0,33
11720.0,96
11721.0,119
11722.0,133
11723.0,155
11724.0,182
11725.0,185
11726.0,185
11727.0,174
11728.0,191
11729.0,179
11730.0,179
11731.0,171
11732.0,195
11733.0,207
11734.0,207
11735.0,192
11736.0,214
11737.0,187
11738.0,51
11739.0,180
11740.0,213
11741.0,196
11742.0,200
11743.0,199
11744.0,210
11745.0,192
11746.0,213
11747.0,217
11748.0,214
11749.0,214
11750.0,203
11751.0,187
11752.0,162
11753.0,174
11754.0,167
11755.0,166
11756.0,142
11757.0,212
11758.0,192
11759.0,171
11760.0,183
11761.0,184
11762.0,207
11763.0,198
11764.0,210
11765.0,221
11766.0,220
11767.0,221
11768.0,230
11769.0,240
11770.0,218
11771.0,205
11772.0,204
11773.0,208
11774.0,224
11775.0,222
11776.0,221
11777.0,205
11778.0,207
11779.0,203
11780.0,204
11781.0,217
11782.0,216
11783.0,203
11784.0,189
11785.0,205
11786.0,197
11787.0,200
11788.0,220
11789.0,230
11790.0,255
11791.0,226
11792.0,211
11793.0,213
11794.0,205
11795.0,180
11796.0,182
11797.0,197
11798.0,207
11799.0,219
11800.0,211
11801.0,216
11802.0,216
11803.0,203
11804.0,207
11805.0,193
11806.0,197
11807.0,194
11808.0,189
11809.0,193
11810.0,206
11811.0,202
11812.0,196
11813.0,197
11814.0,193
11815.0,193
11816.0,197
11817.0,207
11818.0,203
11819.0,202
11820.0,201
11821.0,190
11822.0,192
11823.0,205
11824.0,201
11825.0,197
11826.0,208
11827.0,208
11828.0,192
11829.0,195
11830.0,211
11831.0,223
11832.0,220
11833.0,210
11834.0,196
11835.0,181
11836.0,166
11837.0,174
11838.0,169
11839.0,177
11840.0,197
11841.0,187
11842.0,187
11843.0,184
11844.0,178
11845.0,190
11846.0,218
11847.0,231
11848.0,220
11849.0,211
11850.0,199
11851.0,204
11852.0,200
11853.0,212
11854.0,205
11855.0,202
11856.0,196
11857.0,180
11858.0,177
11859.0,174
11860.0,166
11861.0,174
11862.0,170
11863.0,180
11864.0,182
11865.0,172
11866.0,180
11867.0,193
11868.0,187
11869.0,182
11870.0,176
11871.0,195
11872.0,179
11873.0,174
11874.0,174
11875.0,170
11876.0,167
11877.0,190
11878.0,196
11879.0,201
11880.0,200
11881.0,192
11882.0,180
11883.0,191
11884.0,198
11885.0,190
11886.0,222
11887.0,233
11888.0,228
11889.0,212
11890.0,200
11891.0,210
11892.0,201
11893.0,193
11894.0,188
11895.0,204
11896.0,208
11897.0,213
11898.0,193
11899.0,177
11900.0,190
11901.0,195
11902.0,197
11903.0,189
11904.0,182
11905.0,178
11906.0,183
11907.0,217
11908.0,214
11909.0,197
11910.0,219
11911.0,222
11912.0,226
11913.0,222
11914.0,189
11915.0,197
11916.0,204
11917.0,216
11918.0,211
11919.0,197
11920.0,196
11921.0,187
11922.0,187
11923.0,176
11924.0,180
11925.0,173
11926.0,177
11927.0,179
11928.0,197
11929.0,198
11930.0,201
11931.0,200
11932.0,210
11933.0,207
11934.0,201
11935.0,188
11936.0,186
11937.0,207
11938.0,211
11939.0,227
11940.0,197
11941.0,184
11942.0,208
11943.0,190
11944.0,190
11945.0,188
11946.0,200
11947.0,193
11948.0,190
11949.0,177
11950.0,180
11951.0,196
11952.0,183
11953.0,184
11954.0,204
11955.0,217
11956.0,195
11957.0,197
11958.0,193
11959.0,189
11960.0,206
11961.0,218
11962.0,229
11963.0,232
11964.0,218
11965.0,188
11966.0,183
11967.0,204
11968.0,193
11969.0,182
11970.0,182
11971.0,206
11972.0,221
11973.0,233
11974.0,227
11975.0,222
11976.0,233
11977.0,251
11978.0,243
11979.0,230
11980.0,233
11981.0,233
11982.0,224
11983.0,243
11984.0,227
11985.0,220
11986.0,211
11987.0,197
11988.0,201
11989.0,207
11990.0,207
11991.0,193
11992.0,174
11993.0,155
11994.0,157
11995.0,144
11996.0,126
11997.0,113
11998.0,109
11999.0,113
12000.0,108
12001.0,134
12002.0,132
12003.0,118
12004.0,124
12005.0,138
12006.0,134
12007.0,130
12008.0,133
12009.0,133
12010.0,143
12011.0,158
12012.0,170
12013.0,172
12014.0,186
12015.0,208
12016.0,238
12017.0,246
12018.0,233
12019.0,244
12020.0,255
12021.0,216
12022.0,153
12023.0,166
12024.0,216
12025.0,231
12026.0,215
12027.0,198
12028.0,186
12029.0,164
12030.0,160
12031.0,151
12032.0,167
12033.0,196
12034.0,188
12035.0,189
12036.0,184
12037.0,174
12038.0,174
12039.0,178
12040.0,151
12041.0,151
12042.0,171
12043.0,135
12044.0,160
12045.0,180
12046.0,180
12047.0,174
12048.0,216
12049.0,219
12050.0,141
12051.0,200
12052.0,193
12053.0,202
12054.0,223
12055.0,196
12056.0,212
12057.0,201
12058.0,197
12059.0,201
12060.0,207
12061.0,229
12062.0,242
12063.0,236
12064.0,232
12065.0,199
12066.0,169
12067.0,218
12068.0,236
12069.0,236
12070.0,230
12071.0,208
12072.0,215
12073.0,208
12074.0,183
12075.0,190
12076.0,202
12077.0,200
12078.0,201
12079.0,211
12080.0,211
12081.0,191
12082.0,174
12083.0,149
12084.0,126
12085.0,108
12086.0,75
12087.0,22
12088.0,23
12089.0,127
12090.0,147
12091.0,129
12092.0,155
12093.0,165
12094.0,171
12095.0,154
12096.0,155
12097.0,155
12098.0,170
12099.0,177
12100.0,194
12101.0,189
12102.0,194
12103.0,181
12104.0,180
12105.0,194
12106.0,221
12107.0,218
12108.0,208
12109.0,160
12110.0,143
12111.0,192
12112.0,206
12113.0,215
12114.0,208
12115.0,200
12116.0,205
12117.0,204
12118.0,235
12119.0,207
12120.0,210
12121.0,196
12122.0,161
12123.0,173
12124.0,181
12125.0,179
12126.0,159
12127.0,156
12128.0,164
12129.0,169
12130.0,179
12131.0,161
12132.0,158
12133.0,188
12134.0,160
12135.0,178
12136.0,181
12137.0,196
12138.0,203
12139.0,175
12140.0,221
12141.0,178
12142.0,172
12143.0,208
12144.0,111
12145.0,143
12146.0,261
12147.0,248
12148.0,204
12149.0,178
12150.0,184
12151.0,198
12152.0,201
12153.0,225
12154.0,218
12155.0,197
12156.0,185
12157.0,169
12158.0,175
12159.0,200
12160.0,209
12161.0,200
12162.0,193
12163.0,207
12164.0,199
12165.0,196
12166.0,178
12167.0,167
12168.0,171
12169.0,170
12170.0,176
12171.0,182
12172.0,193
12173.0,177
12174.0,184
12175.0,193
12176.0,200
12177.0,200
12178.0,191
12179.0,205
12180.0,215
12181.0,212
12182.0,208
12183.0,204
12184.0,206
12185.0,210
12186.0,200
12187.0,186
12188.0,196
12189.0,202
12190.0,201
12191.0,206
12192.0,200
12193.0,200
12194.0,201
12195.0,207
12196.0,196
12197.0,195
12198.0,202
12199.0,205
12200.0,203
12201.0,197
12202.0,182
12203.0,169
12204.0,213
12205.0,206
12206.0,137
12207.0,241
12208.0,181
12209.0,168
12210.0,170
12211.0,170
12212.0,158
12213.0,173
12214.0,168
12215.0,174
12216.0,166
12217.0,152
12218.0,155
12219.0,167
12220.0,162
12221.0,154
12222.0,157
12223.0,145
12224.0,149
12225.0,144
12226.0,148
12227.0,152
12228.0,146
12229.0,149
12230.0,151
12231.0,143
12232.0,134
12233.0,142
12234.0,140
12235.0,142
12236.0,134
12237.0,122
12238.0,144
12239.0,107
12240.0,127
12241.0,177
12242.0,217
12243.0,168
12244.0,136
12245.0,150
12246.0,157
12247.0,155
12248.0,155
12249.0,148
12250.0,150
12251.0,143
12252.0,133
12253.0,130
12254.0,129
12255.0,110
12256.0,95
12257.0,94
12258.0,97
12259.0,119
12260.0,130
12261.0,139
12262.0,150
12263.0,173
12264.0,171
12265.0,188
12266.0,197
12267.0,209
12268.0,217
12269.0,226
12270.0,229
12271.0,213
12272.0,205
12273.0,202
12274.0,211
12275.0,249
12276.0,242
12277.0,241
12278.0,290
12279.0,258
12280.0,281
12281.0,251
12282.0,235
12283.0,251
12284.0,256
12285.0,193
12286.0,162
12287.0,187
12288.0,180
12289.0,185
12290.0,165
12291.0,151
12292.0,158
12293.0,132
12294.0,147
12295.0,130
12296.0,146
12297.0,145
12298.0,147
12299.0,125
12300.0,106
12301.0,182
12302.0,155
12303.0,154
12304.0,162
12305.0,156
12306.0,155
12307.0,175
12308.0,181
12309.0,159
12310.0,172
12311.0,182
12312.0,179
12313.0,183
12314.0,180
12315.0,167
12316.0,172
12317.0,186
12318.0,202
12319.0,192
12320.0,145
12321.0,147
12322.0,154
12323.0,156
12324.0,160
12325.0,156
12326.0,151
12327.0,148
12328.0,157
12329.0,164
12330.0,163
12331.0,191
12332.0,218
12333.0,219
12334.0,199
12335.0,208
12336.0,189
12337.0,187
12338.0,195
12339.0,207
12340.0,219
12341.0,209
12342.0,210
12343.0,224
12344.0,239
12345.0,252
12346.0,207
12347.0,274
12348.0,231
12349.0,243
12350.0,224
12351.0,210
12352.0,200
12353.0,188
12354.0,161
12355.0,145
12356.0,131
12357.0,127
12358.0,98
12359.0,131
12360.0,55
12361.0,0
12362.0,0
12363.0,0
12364.0,0
12365.0,0
12366.0,11
12367.0,92
12368.0,97
12369.0,0
12370.0,0
12371.0,0
12372.0,0
12373.0,0
12374.0,0
12375.0,0
12376.0,0
12377.0,0
12378.0,0
12379.0,0
12380.0,0
12381.0,0
12382.0,0
12383.0,0
12384.0,0
12385.0,0
12386.0,0
12387.0,0
12388.0,0
12389.0,0
12390.0,0
12391.0,0
12392.0,0
12393.0,0
12394.0,0
12395.0,0
12396.0,0
12397.0,0
12398.0,0
12399.0,0
12400.0,0
12401.0,0
12402.0,0
12403.0,0
12404.0,0
12405.0,0
12406.0,0
12407.0,0
12408.0,0
12409.0,0
12410.0,0
12411.0,0
12412.0,0
12413.0,0
12414.0,0
12415.0,0
12416.0,0
12417.0,0
12418.0,0
12419.0,0
12420.0,0
12421.0,0
12422.0,0
12423.0,0
12424.0,0
12425.0,0
12426.0,0
12427.0,0
12428.0,0
12429.0,0
12430.0,0
12431.0,0
12432.0,40
12433.0,0
12434.0,0
12435.0,0
12436.0,25
12437.0,63
12438.0,162
12439.0,177
12440.0,169
12441.0,143
12442.0,132
12443.0,137
12444.0,125
12445.0,114
12446.0,129
12447.0,36
12448.0,0
12449.0,0
12450.0,0
12451.0,0
12452.0,0
12453.0,0
12454.0,0
12455.0,0
12456.0,0
12457.0,0
12458.0,0
12459.0,0
12460.0,0
12461.0,0
12462.0,0
12463.0,0
12464.0,0
12465.0,0
12466.0,192
12467.0,220
12468.0,219
12469.0,210
12470.0,171
12471.0,163
12472.0,147
12473.0,189
12474.0,200
12475.0,197
12476.0,199
12477.0,182
12478.0,168
12479.0,208
12480.0,207
12481.0,194
12482.0,171
12483.0,181
12484.0,169
12485.0,143
12486.0,148
12487.0,152
12488.0,133
12489.0,127
12490.0,127
12491.0,147
12492.0,141
12493.0,151
12494.0,156
12495.0,152
12496.0,137
12497.0,140
12498.0,125
12499.0,128
12500.0,133
12501.0,132
12502.0,115
12503.0,0
12504.0,0
12505.0,0
12506.0,0
12507.0,0
12508.0,0
12509.0,0
12510.0,0
12511.0,0
12512.0,0
12513.0,54
12514.0,141
12515.0,125
12516.0,136
12517.0,160
12518.0,155
12519.0,156
12520.0,142
12521.0,131
12522.0,125
12523.0,115
12524.0,109
12525.0,101
12526.0,18
12527.0,0
12528.0,0
12529.0,0
12530.0,0
12531.0,0
12532.0,0
12533.0,0
12534.0,0
12535.0,0
12536.0,0
12537.0,0
12538.0,0
12539.0,0
12540.0,0
12541.0,0
12542.0,0
12543.0,0
12544.0,0
12545.0,56
12546.0,3
12547.0,0
12548.0,0
12549.0,0
12550.0,0
12551.0,0
12552.0,0
12553.0,0
12554.0,0
12555.0,0
12556.0,0
12557.0,0
12558.0,0
12559.0,0
12560.0,0
12561.0,0
12562.0,0
12563.0,0
12564.0,0
12565.0,0
12566.0,0
12567.0,0
12568.0,0
12569.0,0
12570.0,0
12571.0,0
12572.0,0
12573.0,0
12574.0,0
12575.0,0
12576.0,0
12577.0,0
12578.0,0
12579.0,0
12580.0,0
12581.0,0
12582.0,0
12583.0,0
12584.0,0
12585.0,0
12586.0,0
12587.0,0
12588.0,0
12589.0,0
12590.0,0
12591.0,0
12592.0,0
12593.0,0
12594.0,0
12595.0,0
12596.0,0
12597.0,24
12598.0,61
12599.0,167
12600.0,135
12601.0,32
12602.0,0
12603.0,0
12604.0,0
12605.0,0
12606.0,0
12607.0,0
12608.0,0
12609.0,0
12610.0,74
12611.0,127
12612.0,122
12613.0,56
12614.0,0
12615.0,0
12616.0,0
12617.0,0
12618.0,0
12619.0,0
12620.0,0
12621.0,0
12622.0,0
12623.0,0
12624.0,0
12625.0,0
12626.0,0
12627.0,0
12628.0,0
12629.0,0
12630.0,0
12631.0,0
12632.0,0
12633.0,0
12634.0,0
12635.0,0
12636.0,0
12637.0,0
12638.0,0
12639.0,0
12640.0,0
12641.0,0
12642.0,0
12643.0,0
12644.0,0
12645.0,2
12646.0,62
12647.0,175
12648.0,245
12649.0,265
12650.0,253
12651.0,233
12652.0,268
12653.0,244
12654.0,234
12655.0,246
12656.0,251
12657.0,254
12658.0,217
12659.0,246
12660.0,243
12661.0,222
12662.0,233
12663.0,217
12664.0,225
12665.0,240
12666.0,253
12667.0,255
12668.0,256
12669.0,220
12670.0,226
12671.0,230
12672.0,240
12673.0,251
12674.0,266
12675.0,264
12676.0,264
12677.0,268
12678.0,265
12679.0,259
12680.0,279
12681.0,294
12682.0,293
12683.0,296
12684.0,323
12685.0,303
12686.0,323
12687.0,306
12688.0,291
12689.0,287
12690.0,257
12691.0,209
12692.0,187
12693.0,6
12694.0,0
12695.0,0
12696.0,0
12697.0,0
12698.0,0
12699.0,0
12700.0,0
12701.0,0
12702.0,5
12703.0,7
12704.0,0
12705.0,0
12706.0,0
12707.0,0
12708.0,0
12709.0,0
12710.0,0
12711.0,0
12712.0,0
12713.0,0
12714.0,0
12715.0,0
12716.0,0
12717.0,0
12718.0,0
12719.0,0
12720.0,0
12721.0,0
12722.0,0
12723.0,0
12724.0,0
12725.0,0
12726.0,0
12727.0,0
12728.0,0
12729.0,0
12730.0,0
