t,power
0.0,0
1.0,0
2.0,0
3.0,0
4.0,0
5.0,0
6.0,0
7.0,0
8.0,0
9.0,0
10.0,0
11.0,0
12.0,0
13.0,0
14.0,0
15.0,0
16.0,0
17.0,0
18.0,0
19.0,12
20.0,1
21.0,5
22.0,5
23.0,33
24.0,0
25.0,0
26.0,0
27.0,0
28.0,0
29.0,0
30.0,0
31.0,0
32.0,0
33.0,0
34.0,0
35.0,0
36.0,0
37.0,17
38.0,248
39.0,268
40.0,195
41.0,211
42.0,278
43.0,261
44.0,257
45.0,251
46.0,259
47.0,244
48.0,238
49.0,279
50.0,249
51.0,246
52.0,246
53.0,236
54.0,237
55.0,198
56.0,181
57.0,188
58.0,200
59.0,199
60.0,204
61.0,197
62.0,184
63.0,200
64.0,179
65.0,181
66.0,190
67.0,211
68.0,211
69.0,177
70.0,199
71.0,193
72.0,176
73.0,158
74.0,174
75.0,187
76.0,183
77.0,171
78.0,169
79.0,178
80.0,182
81.0,159
82.0,165
83.0,183
84.0,187
85.0,173
86.0,172
87.0,174
88.0,194
89.0,208
90.0,204
91.0,221
92.0,227
93.0,268
94.0,252
95.0,242
96.0,223
97.0,202
98.0,191
99.0,193
100.0,192
101.0,223
102.0,196
103.0,183
104.0,179
105.0,171
106.0,164
107.0,161
108.0,132
109.0,138
110.0,147
111.0,155
112.0,151
113.0,149
114.0,152
115.0,151
116.0,164
117.0,144
118.0,127
119.0,133
120.0,142
121.0,164
122.0,169
123.0,177
124.0,167
125.0,181
126.0,182
127.0,175
128.0,186
129.0,188
130.0,193
131.0,173
132.0,164
133.0,172
134.0,178
135.0,179
136.0,188
137.0,175
138.0,164
139.0,147
140.0,152
141.0,159
142.0,156
143.0,158
144.0,175
145.0,159
146.0,160
147.0,139
148.0,137
149.0,157
150.0,179
151.0,196
152.0,186
153.0,199
154.0,193
155.0,200
156.0,185
157.0,186
158.0,172
159.0,158
160.0,164
161.0,156
162.0,174
163.0,175
164.0,175
165.0,176
166.0,189
167.0,186
168.0,186
169.0,195
170.0,198
171.0,186
172.0,203
173.0,198
174.0,232
175.0,229
176.0,229
177.0,193
178.0,174
179.0,176
180.0,178
181.0,169
182.0,189
183.0,196
184.0,164
185.0,177
186.0,177
187.0,177
188.0,192
189.0,202
190.0,202
191.0,204
192.0,197
193.0,194
194.0,192
195.0,168
196.0,160
197.0,167
198.0,154
199.0,178
200.0,192
201.0,195
202.0,191
203.0,195
204.0,221
205.0,220
206.0,220
207.0,230
208.0,235
209.0,239
210.0,244
211.0,245
212.0,245
213.0,237
214.0,243
215.0,242
216.0,239
217.0,246
218.0,259
219.0,260
220.0,262
221.0,255
222.0,256
223.0,250
224.0,247
225.0,256
226.0,263
227.0,257
228.0,251
229.0,251
230.0,252
231.0,240
232.0,222
233.0,229
234.0,235
235.0,238
236.0,222
237.0,222
238.0,227
239.0,211
240.0,219
241.0,212
242.0,222
243.0,222
244.0,210
245.0,234
246.0,222
247.0,218
248.0,214
249.0,219
250.0,228
251.0,231
252.0,218
253.0,217
254.0,226
255.0,222
256.0,221
257.0,217
258.0,213
259.0,204
260.0,217
261.0,226
262.0,223
263.0,217
264.0,219
265.0,218
266.0,224
267.0,210
268.0,200
269.0,205
270.0,209
271.0,197
272.0,181
273.0,172
274.0,167
275.0,145
276.0,123
277.0,115
278.0,104
279.0,108
280.0,102
281.0,118
282.0,83
283.0,95
284.0,123
285.0,105
286.0,88
287.0,83
288.0,5
289.0,49
290.0,70
291.0,45
292.0,64
293.0,89
294.0,31
295.0,0
296.0,0
297.0,0
298.0,0
299.0,0
300.0,0
301.0,0
302.0,0
303.0,0
304.0,0
305.0,0
306.0,0
307.0,0
308.0,0
309.0,0
310.0,0
311.0,0
312.0,0
313.0,0
314.0,0
315.0,0
316.0,0
317.0,0
318.0,0
319.0,0
320.0,0
321.0,0
322.0,0
323.0,0
324.0,0
325.0,0
326.0,0
327.0,0
328.0,0
329.0,0
330.0,0
331.0,0
332.0,0
333.0,0
334.0,0
335.0,0
336.0,36
337.0,189
338.0,288
339.0,275
340.0,229
341.0,194
342.0,187
343.0,210
344.0,220
345.0,194
346.0,181
347.0,174
348.0,160
349.0,158
350.0,173
351.0,164
352.0,155
353.0,136
354.0,165
355.0,160
356.0,139
357.0,141
358.0,154
359.0,179
360.0,165
361.0,164
362.0,179
363.0,177
364.0,180
365.0,168
366.0,169
367.0,184
368.0,198
369.0,197
370.0,204
371.0,194
372.0,199
373.0,213
374.0,211
375.0,208
376.0,212
377.0,236
378.0,229
379.0,218
380.0,228
381.0,229
382.0,223
383.0,239
384.0,222
385.0,212
386.0,205
387.0,250
388.0,251
389.0,247
390.0,224
391.0,203
392.0,214
393.0,210
394.0,206
395.0,199
396.0,191
397.0,214
398.0,214
399.0,199
400.0,226
401.0,207
402.0,206
403.0,202
404.0,206
405.0,203
406.0,209
407.0,209
408.0,213
409.0,218
410.0,218
411.0,211
412.0,211
413.0,217
414.0,214
415.0,225
416.0,213
417.0,206
418.0,216
419.0,220
420.0,216
421.0,218
422.0,216
423.0,218
424.0,213
425.0,206
426.0,201
427.0,203
428.0,209
429.0,193
430.0,188
431.0,182
432.0,192
433.0,203
434.0,202
435.0,200
436.0,188
437.0,214
438.0,212
439.0,216
440.0,194
441.0,189
442.0,184
443.0,181
444.0,177
445.0,182
446.0,181
447.0,183
448.0,163
449.0,168
450.0,180
451.0,177
452.0,170
453.0,161
454.0,157
455.0,157
456.0,138
457.0,123
458.0,117
459.0,126
460.0,129
461.0,101
462.0,107
463.0,92
464.0,52
465.0,70
466.0,0
467.0,0
468.0,0
469.0,0
470.0,0
471.0,0
472.0,0
473.0,0
474.0,0
475.0,14
476.0,143
477.0,166
478.0,169
479.0,173
480.0,181
481.0,179
482.0,176
483.0,205
484.0,196
485.0,194
486.0,176
487.0,187
488.0,174
489.0,167
490.0,186
491.0,188
492.0,191
493.0,178
494.0,188
495.0,178
496.0,180
497.0,175
498.0,151
499.0,152
500.0,170
501.0,168
502.0,154
503.0,158
504.0,147
505.0,137
506.0,147
507.0,149
508.0,142
509.0,128
510.0,146
511.0,129
512.0,132
513.0,144
514.0,139
515.0,139
516.0,149
517.0,157
518.0,162
519.0,176
520.0,142
521.0,142
522.0,156
523.0,173
524.0,211
525.0,180
526.0,176
527.0,189
528.0,207
529.0,201
530.0,214
531.0,197
532.0,182
533.0,211
534.0,204
535.0,198
536.0,213
537.0,243
538.0,229
539.0,267
540.0,259
541.0,241
542.0,227
543.0,198
544.0,158
545.0,141
546.0,140
547.0,145
548.0,163
549.0,153
550.0,176
551.0,221
552.0,235
553.0,223
554.0,213
555.0,210
556.0,224
557.0,192
558.0,190
559.0,202
560.0,210
561.0,179
562.0,189
563.0,177
564.0,132
565.0,46
566.0,0
567.0,0
568.0,0
569.0,0
570.0,0
571.0,0
572.0,0
573.0,0
574.0,0
575.0,0
576.0,0
577.0,0
578.0,0
579.0,0
580.0,0
581.0,0
582.0,0
583.0,0
584.0,0
585.0,0
586.0,0
587.0,0
588.0,0
589.0,0
590.0,0
591.0,0
592.0,0
593.0,0
594.0,0
595.0,0
596.0,0
597.0,0
598.0,0
599.0,0
600.0,0
601.0,0
602.0,0
603.0,0
604.0,0
605.0,0
606.0,0
607.0,0
608.0,0
609.0,0
610.0,0
611.0,0
612.0,0
613.0,0
614.0,0
615.0,0
616.0,0
617.0,0
618.0,0
619.0,0
620.0,0
621.0,81
622.0,314
623.0,242
624.0,189
625.0,196
626.0,199
627.0,168
628.0,176
629.0,167
630.0,156
631.0,162
632.0,166
633.0,160
634.0,164
635.0,155
636.0,159
637.0,189
638.0,184
639.0,191
640.0,186
641.0,179
642.0,175
643.0,164
644.0,188
645.0,188
646.0,199
647.0,160
648.0,180
649.0,203
650.0,212
651.0,199
652.0,184
653.0,194
654.0,198
655.0,199
656.0,202
657.0,214
658.0,219
659.0,233
660.0,236
661.0,234
662.0,228
663.0,221
664.0,211
665.0,222
666.0,208
667.0,215
668.0,211
669.0,195
670.0,145
671.0,45
672.0,24
673.0,159
674.0,214
675.0,220
676.0,221
677.0,194
678.0,200
679.0,232
680.0,252
681.0,248
682.0,242
683.0,239
684.0,264
685.0,275
686.0,265
687.0,267
688.0,261
689.0,270
690.0,278
691.0,273
692.0,257
693.0,234
694.0,256
695.0,270
696.0,298
697.0,269
698.0,258
699.0,255
700.0,250
701.0,240
702.0,204
703.0,193
704.0,199
705.0,237
706.0,239
707.0,240
708.0,223
709.0,223
710.0,231
711.0,212
712.0,222
713.0,239
714.0,235
715.0,226
716.0,225
717.0,219
718.0,222
719.0,222
720.0,215
721.0,231
722.0,229
723.0,223
724.0,214
725.0,221
726.0,226
727.0,228
728.0,232
729.0,220
730.0,223
731.0,211
732.0,208
733.0,219
734.0,226
735.0,221
736.0,195
737.0,219
738.0,218
739.0,212
740.0,221
741.0,214
742.0,200
743.0,188
744.0,206
745.0,208
746.0,199
747.0,212
748.0,195
749.0,207
750.0,219
751.0,203
752.0,196
753.0,212
754.0,215
755.0,211
756.0,203
757.0,210
758.0,216
759.0,227
760.0,230
761.0,203
762.0,205
763.0,212
764.0,207
765.0,201
766.0,193
767.0,171
768.0,174
769.0,202
770.0,207
771.0,210
772.0,210
773.0,205
774.0,213
775.0,232
776.0,216
777.0,212
778.0,211
779.0,204
780.0,226
781.0,222
782.0,211
783.0,227
784.0,241
785.0,228
786.0,200
787.0,185
788.0,187
789.0,161
790.0,118
791.0,122
792.0,81
793.0,21
794.0,108
795.0,123
796.0,160
797.0,81
798.0,165
799.0,207
800.0,196
801.0,202
802.0,196
803.0,192
804.0,183
805.0,190
806.0,179
807.0,203
808.0,192
809.0,200
810.0,208
811.0,189
812.0,199
813.0,217
814.0,233
815.0,225
816.0,227
817.0,204
818.0,206
819.0,205
820.0,212
821.0,151
822.0,127
823.0,116
824.0,145
825.0,124
826.0,80
827.0,99
828.0,138
829.0,169
830.0,180
831.0,147
832.0,174
833.0,154
834.0,151
835.0,128
836.0,122
837.0,90
838.0,114
839.0,141
840.0,178
841.0,219
842.0,232
843.0,181
844.0,170
845.0,180
846.0,180
847.0,176
848.0,177
849.0,171
850.0,154
851.0,148
852.0,153
853.0,136
854.0,129
855.0,119
856.0,123
857.0,116
858.0,126
859.0,114
860.0,149
861.0,135
862.0,0
863.0,0
864.0,0
865.0,0
866.0,0
867.0,0
868.0,0
869.0,0
870.0,0
871.0,0
872.0,0
873.0,0
874.0,0
875.0,0
876.0,134
877.0,216
878.0,255
879.0,218
880.0,175
881.0,194
882.0,221
883.0,246
884.0,241
885.0,237
886.0,221
887.0,216
888.0,211
889.0,218
890.0,173
891.0,153
892.0,142
893.0,143
894.0,133
895.0,136
896.0,115
897.0,144
898.0,119
899.0,139
900.0,152
901.0,153
902.0,118
903.0,68
904.0,38
905.0,2
906.0,2
907.0,3
908.0,0
909.0,0
910.0,0
911.0,0
912.0,0
913.0,0
914.0,0
915.0,0
916.0,0
917.0,0
918.0,0
919.0,58
920.0,156
921.0,179
922.0,150
923.0,158
924.0,180
925.0,179
926.0,159
927.0,160
928.0,152
929.0,139
930.0,123
931.0,119
932.0,132
933.0,117
934.0,112
935.0,100
936.0,92
937.0,97
938.0,92
939.0,81
940.0,84
941.0,84
942.0,79
943.0,64
944.0,60
945.0,45
946.0,2
947.0,7
948.0,16
949.0,2
950.0,2
951.0,0
952.0,0
953.0,0
954.0,0
955.0,0
956.0,0
957.0,0
958.0,0
959.0,0
960.0,0
961.0,0
962.0,0
963.0,0
964.0,0
965.0,0
966.0,0
967.0,0
968.0,0
969.0,0
970.0,0
971.0,0
972.0,0
973.0,0
974.0,0
975.0,0
976.0,0
977.0,0
978.0,0
979.0,0
980.0,0
981.0,0
982.0,0
983.0,0
984.0,0
985.0,0
986.0,0
987.0,0
988.0,0
989.0,0
990.0,0
991.0,0
992.0,0
993.0,0
994.0,0
995.0,0
996.0,0
997.0,0
998.0,0
999.0,0
1000.0,0
1001.0,0
1002.0,0
1003.0,0
1004.0,0
1005.0,0
1006.0,0
1007.0,0
1008.0,0
1009.0,0
1010.0,0
1011.0,0
1012.0,0
1013.0,0
1014.0,0
1015.0,0
1016.0,0
1017.0,0
1018.0,0
1019.0,0
1020.0,0
1021.0,0
1022.0,0
1023.0,0
1024.0,0
1025.0,0
1026.0,0
1027.0,0
1028.0,0
1029.0,0
1030.0,0
1031.0,0
1032.0,0
1033.0,0
1034.0,0
1035.0,0
1036.0,0
1037.0,0
1038.0,0
1039.0,0
1040.0,0
1041.0,0
1042.0,0
1043.0,0
1044.0,0
1045.0,0
1046.0,0
1047.0,0
1048.0,0
1049.0,0
1050.0,0
1051.0,0
1052.0,0
1053.0,0
1054.0,0
1055.0,0
1056.0,0
1057.0,0
1058.0,0
1059.0,0
1060.0,0
1061.0,0
1062.0,0
1063.0,0
1064.0,0
1065.0,0
1066.0,0
1067.0,0
1068.0,0
1069.0,0
1070.0,0
1071.0,0
1072.0,0
1073.0,0
1074.0,0
1075.0,0
1076.0,0
1077.0,0
1078.0,0
1079.0,0
1080.0,0
1081.0,0
1082.0,0
1083.0,0
1084.0,0
1085.0,0
1086.0,0
1087.0,0
1088.0,0
1089.0,0
1090.0,0
1091.0,0
1092.0,0
1093.0,0
1094.0,0
1095.0,0
1096.0,0
1097.0,0
1098.0,0
1099.0,0
1100.0,0
1101.0,0
1102.0,0
1103.0,0
1104.0,0
1105.0,0
1106.0,0
1107.0,0
1108.0,0
1109.0,0
1110.0,0
1111.0,0
1112.0,0
1113.0,0
1114.0,0
1115.0,0
1116.0,0
1117.0,0
1118.0,0
1119.0,0
1120.0,0
1121.0,0
1122.0,0
1123.0,0
1124.0,0
1125.0,0
1126.0,0
1127.0,0
1128.0,0
1129.0,0
1130.0,0
1131.0,0
1132.0,0
1133.0,0
1134.0,0
1135.0,0
1136.0,0
1137.0,0
1138.0,0
1139.0,0
1140.0,0
1141.0,0
1142.0,0
1143.0,0
1144.0,0
1145.0,0
1146.0,0
1147.0,0
1148.0,0
1149.0,0
1150.0,0
1151.0,0
1152.0,0
1153.0,0
1154.0,0
1155.0,0
1156.0,0
1157.0,0
1158.0,0
1159.0,0
1160.0,0
1161.0,0
1162.0,0
1163.0,0
1164.0,0
1165.0,0
1166.0,0
1167.0,0
1168.0,0
1169.0,0
1170.0,0
1171.0,0
1172.0,0
1173.0,0
1174.0,0
1175.0,0
1176.0,0
1177.0,0
1178.0,0
1179.0,0
1180.0,0
1181.0,0
1182.0,0
1183.0,0
1184.0,0
1185.0,0
1186.0,0
1187.0,0
1188.0,0
1189.0,0
1190.0,0
1191.0,0
1192.0,0
1193.0,0
1194.0,0
1195.0,0
1196.0,0
1197.0,0
1198.0,0
1199.0,0
1200.0,0
1201.0,0
1202.0,0
1203.0,0
1204.0,0
1205.0,0
1206.0,0
1207.0,0
1208.0,0
1209.0,0
1210.0,0
1211.0,0
1212.0,0
1213.0,0
1214.0,0
1215.0,0
1216.0,0
1217.0,0
1218.0,0
1219.0,0
1220.0,0
1221.0,0
1222.0,0
1223.0,0
1224.0,0
1225.0,0
1226.0,0
1227.0,0
1228.0,0
1229.0,0
1230.0,0
1231.0,0
1232.0,0
1233.0,0
1234.0,0
1235.0,0
1236.0,0
1237.0,0
1238.0,0
1239.0,0
1240.0,0
1241.0,0
1242.0,0
1243.0,0
1244.0,0
1245.0,0
1246.0,0
1247.0,0
1248.0,0
1249.0,0
1250.0,0
1251.0,0
1252.0,0
1253.0,0
1254.0,0
1255.0,0
1256.0,0
1257.0,0
1258.0,0
1259.0,0
1260.0,0
1261.0,0
1262.0,0
1263.0,0
1264.0,0
1265.0,0
1266.0,0
1267.0,0
1268.0,0
1269.0,0
1270.0,0
1271.0,0
1272.0,0
1273.0,0
1274.0,0
1275.0,0
1276.0,0
1277.0,0
1278.0,0
1279.0,0
1280.0,0
1281.0,0
1282.0,0
1283.0,0
1284.0,0
1285.0,0
1286.0,0
1287.0,0
1288.0,0
1289.0,0
1290.0,0
1291.0,0
1292.0,0
1293.0,0
1294.0,0
1295.0,0
1296.0,0
1297.0,0
1298.0,0
1299.0,0
1300.0,0
1301.0,0
1302.0,0
1303.0,0
1304.0,0
1305.0,0
1306.0,0
1307.0,0
1308.0,0
1309.0,0
1310.0,0
1311.0,0
1312.0,0
1313.0,0
1314.0,0
1315.0,0
1316.0,0
1317.0,0
1318.0,0
1319.0,0
1320.0,0
1321.0,0
1322.0,0
1323.0,0
1324.0,0
1325.0,0
1326.0,0
1327.0,0
1328.0,0
1329.0,0
1330.0,0
1331.0,0
1332.0,0
1333.0,0
1334.0,0
1335.0,0
1336.0,0
1337.0,0
1338.0,0
1339.0,0
1340.0,0
1341.0,0
1342.0,0
1343.0,0
1344.0,0
1345.0,0
1346.0,0
1347.0,0
1348.0,0
1349.0,0
1350.0,0
1351.0,0
1352.0,0
1353.0,0
1354.0,0
1355.0,0
1356.0,0
1357.0,0
1358.0,0
1359.0,0
1360.0,0
1361.0,0
1362.0,0
1363.0,0
1364.0,0
1365.0,0
1366.0,0
1367.0,0
1368.0,0
1369.0,0
1370.0,0
1371.0,0
1372.0,0
1373.0,0
1374.0,0
1375.0,0
1376.0,0
1377.0,0
1378.0,0
1379.0,0
1380.0,0
1381.0,0
1382.0,0
1383.0,0
1384.0,0
1385.0,0
1386.0,0
1387.0,0
1388.0,0
1389.0,0
1390.0,0
1391.0,0
1392.0,0
1393.0,0
1394.0,0
1395.0,0
1396.0,0
1397.0,0
1398.0,0
1399.0,0
1400.0,0
1401.0,0
1402.0,0
1403.0,0
1404.0,0
1405.0,0
1406.0,0
1407.0,0
1408.0,0
1409.0,0
1410.0,0
1411.0,0
1412.0,0
1413.0,0
1414.0,0
1415.0,0
1416.0,0
1417.0,0
1418.0,0
1419.0,0
1420.0,0
1421.0,0
1422.0,0
1423.0,0
1424.0,0
1425.0,0
1426.0,0
1427.0,0
1428.0,0
1429.0,0
1430.0,0
1431.0,0
1432.0,0
1433.0,0
1434.0,0
1435.0,0
1436.0,0
1437.0,0
1438.0,0
1439.0,0
1440.0,0
1441.0,0
1442.0,0
1443.0,0
1444.0,0
1445.0,0
1446.0,0
1447.0,0
1448.0,0
1449.0,0
1450.0,0
1451.0,0
1452.0,0
1453.0,0
1454.0,0
1455.0,0
1456.0,0
1457.0,0
1458.0,0
1459.0,0
1460.0,0
1461.0,0
1462.0,0
1463.0,0
1464.0,0
1465.0,0
1466.0,0
1467.0,0
1468.0,0
1469.0,0
1470.0,0
1471.0,0
1472.0,0
1473.0,0
1474.0,0
1475.0,0
1476.0,0
1477.0,0
1478.0,0
1479.0,0
1480.0,0
1481.0,0
1482.0,0
1483.0,0
1484.0,0
1485.0,0
1486.0,0
1487.0,0
1488.0,0
1489.0,0
1490.0,0
1491.0,0
1492.0,0
1493.0,0
1494.0,0
1495.0,0
1496.0,0
1497.0,0
1498.0,0
1499.0,0
1500.0,0
1501.0,0
1502.0,0
1503.0,0
1504.0,0
1505.0,0
1506.0,18
1507.0,111
1508.0,177
1509.0,177
1510.0,163
1511.0,176
1512.0,191
1513.0,179
1514.0,164
1515.0,170
1516.0,163
1517.0,154
1518.0,120
1519.0,118
1520.0,102
1521.0,90
1522.0,82
1523.0,115
1524.0,113
1525.0,102
1526.0,109
1527.0,94
1528.0,97
1529.0,126
1530.0,166
1531.0,163
1532.0,171
1533.0,171
1534.0,174
1535.0,165
1536.0,176
1537.0,176
1538.0,174
1539.0,99
1540.0,177
1541.0,210
1542.0,183
1543.0,145
1544.0,119
1545.0,35
1546.0,0
1547.0,0
1548.0,0
1549.0,18
1550.0,95
1551.0,82
1552.0,29
1553.0,0
1554.0,0
1555.0,0
1556.0,0
1557.0,0
1558.0,0
1559.0,0
1560.0,0
1561.0,0
1562.0,0
1563.0,0
1564.0,0
1565.0,0
1566.0,0
1567.0,0
1568.0,0
1569.0,0
1570.0,0
1571.0,0
1572.0,0
1573.0,0
1574.0,0
1575.0,0
1576.0,0
1577.0,0
1578.0,0
1579.0,0
1580.0,0
1581.0,0
1582.0,0
1583.0,0
1584.0,0
1585.0,0
1586.0,0
1587.0,0
1588.0,0
1589.0,0
1590.0,0
1591.0,0
1592.0,0
1593.0,0
1594.0,0
1595.0,0
1596.0,0
1597.0,0
1598.0,0
1599.0,0
1600.0,0
1601.0,0
1602.0,0
1603.0,0
1604.0,0
1605.0,0
1606.0,0
1607.0,0
1608.0,0
1609.0,0
1610.0,0
1611.0,0
1612.0,0
1613.0,0
1614.0,0
1615.0,0
1616.0,0
1617.0,0
1618.0,0
1619.0,0
1620.0,0
1621.0,0
1622.0,0
1623.0,0
1624.0,0
1625.0,0
1626.0,0
1627.0,0
1628.0,0
1629.0,0
1630.0,0
1631.0,0
1632.0,0
1633.0,0
1634.0,0
1635.0,0
1636.0,0
1637.0,0
1638.0,0
1639.0,0
1640.0,0
1641.0,0
1642.0,0
1643.0,0
1644.0,0
1645.0,0
1646.0,0
1647.0,0
1648.0,0
1649.0,0
1650.0,0
1651.0,0
1652.0,0
1653.0,0
1654.0,0
1655.0,0
1656.0,0
1657.0,0
1658.0,0
1659.0,0
1660.0,0
1661.0,0
1662.0,0
1663.0,0
1664.0,0
1665.0,0
1666.0,0
1667.0,0
1668.0,0
1669.0,0
1670.0,0
1671.0,0
1672.0,0
1673.0,0
1674.0,0
1675.0,0
1676.0,0
1677.0,0
1678.0,0
1679.0,0
1680.0,0
1681.0,0
1682.0,0
1683.0,0
1684.0,0
1685.0,0
1686.0,0
1687.0,0
1688.0,0
1689.0,0
1690.0,0
1691.0,0
1692.0,0
1693.0,0
1694.0,0
1695.0,0
1696.0,0
1697.0,0
1698.0,0
1699.0,0
1700.0,0
1701.0,0
1702.0,0
1703.0,0
1704.0,0
1705.0,0
1706.0,0
1707.0,0
1708.0,0
1709.0,0
1710.0,0
1711.0,0
1712.0,0
1713.0,0
1714.0,0
1715.0,0
1716.0,0
1717.0,0
1718.0,0
1719.0,0
1720.0,0
1721.0,0
1722.0,0
1723.0,0
1724.0,0
1725.0,0
1726.0,0
1727.0,0
1728.0,0
1729.0,0
1730.0,0
1731.0,0
1732.0,0
1733.0,0
1734.0,0
1735.0,0
1736.0,0
1737.0,0
1738.0,0
1739.0,0
1740.0,0
1741.0,0
1742.0,0
1743.0,0
1744.0,0
1745.0,0
1746.0,0
1747.0,0
1748.0,0
1749.0,0
1750.0,0
1751.0,0
1752.0,0
1753.0,0
1754.0,0
1755.0,0
1756.0,0
1757.0,0
1758.0,0
1759.0,0
1760.0,0
1761.0,0
1762.0,0
1763.0,0
1764.0,0
1765.0,0
1766.0,0
1767.0,0
1768.0,0
1769.0,0
1770.0,0
1771.0,0
1772.0,0
1773.0,0
1774.0,0
1775.0,0
1776.0,0
1777.0,0
1778.0,0
1779.0,0
1780.0,0
1781.0,0
1782.0,0
1783.0,0
1784.0,0
1785.0,0
1786.0,0
1787.0,0
1788.0,0
1789.0,0
1790.0,0
1791.0,0
1792.0,0
1793.0,0
1794.0,0
1795.0,0
1796.0,0
1797.0,0
1798.0,0
1799.0,0
1800.0,0
1801.0,0
1802.0,0
1803.0,0
1804.0,0
1805.0,0
1806.0,0
1807.0,0
1808.0,0
1809.0,0
1810.0,0
1811.0,0
1812.0,0
1813.0,0
1814.0,0
1815.0,0
1816.0,0
1817.0,0
1818.0,0
1819.0,0
1820.0,0
1821.0,0
1822.0,0
1823.0,0
1824.0,0
1825.0,0
1826.0,0
1827.0,0
1828.0,0
1829.0,0
1830.0,0
1831.0,0
1832.0,0
1833.0,0
1834.0,0
1835.0,0
1836.0,0
1837.0,0
1838.0,0
1839.0,0
1840.0,0
1841.0,0
1842.0,0
1843.0,0
1844.0,0
1845.0,0
1846.0,0
1847.0,0
1848.0,0
1849.0,296
1850.0,314
1851.0,290
1852.0,264
1853.0,242
1854.0,261
1855.0,233
1856.0,219
1857.0,162
1858.0,168
1859.0,199
1860.0,174
1861.0,156
1862.0,56
1863.0,12
1864.0,124
1865.0,135
1866.0,128
1867.0,152
1868.0,161
1869.0,142
1870.0,105
1871.0,144
1872.0,152
1873.0,146
1874.0,172
1875.0,127
1876.0,33
1877.0,32
1878.0,119
1879.0,86
1880.0,44
1881.0,45
1882.0,24
1883.0,11
1884.0,46
1885.0,51
1886.0,55
1887.0,244
1888.0,386
1889.0,338
1890.0,240
1891.0,256
1892.0,279
1893.0,232
1894.0,198
1895.0,252
1896.0,260
1897.0,262
1898.0,345
1899.0,307
1900.0,265
1901.0,244
1902.0,214
1903.0,252
1904.0,271
1905.0,266
1906.0,256
1907.0,247
1908.0,258
1909.0,284
1910.0,287
1911.0,266
1912.0,270
1913.0,255
1914.0,261
1915.0,259
1916.0,273
1917.0,267
1918.0,272
1919.0,268
1920.0,253
1921.0,240
1922.0,243
1923.0,252
1924.0,257
1925.0,236
1926.0,137
1927.0,305
1928.0,321
1929.0,319
1930.0,295
1931.0,297
1932.0,271
1933.0,257
1934.0,266
1935.0,267
1936.0,271
1937.0,258
1938.0,296
1939.0,297
1940.0,260
1941.0,249
1942.0,250
1943.0,232
1944.0,216
1945.0,249
1946.0,237
1947.0,239
1948.0,241
1949.0,240
1950.0,256
1951.0,231
1952.0,255
1953.0,262
1954.0,275
1955.0,271
1956.0,292
1957.0,320
1958.0,303
1959.0,285
1960.0,287
1961.0,285
1962.0,283
1963.0,282
1964.0,271
1965.0,278
1966.0,283
1967.0,296
1968.0,301
1969.0,279
1970.0,276
1971.0,279
1972.0,279
1973.0,281
1974.0,273
1975.0,285
1976.0,273
1977.0,279
1978.0,273
1979.0,263
1980.0,271
1981.0,281
1982.0,264
1983.0,267
1984.0,274
1985.0,275
1986.0,266
1987.0,268
1988.0,284
1989.0,284
1990.0,261
1991.0,263
1992.0,278
1993.0,296
1994.0,283
1995.0,276
1996.0,292
1997.0,287
1998.0,281
1999.0,273
2000.0,249
2001.0,287
2002.0,285
2003.0,282
2004.0,328
2005.0,320
2006.0,319
2007.0,311
2008.0,305
2009.0,309
2010.0,299
2011.0,312
2012.0,326
2013.0,338
2014.0,321
2015.0,297
2016.0,333
2017.0,350
2018.0,355
2019.0,347
2020.0,347
2021.0,335
2022.0,329
2023.0,324
2024.0,330
2025.0,333
2026.0,316
2027.0,293
2028.0,298
2029.0,275
2030.0,313
2031.0,254
2032.0,328
2033.0,276
2034.0,294
2035.0,313
2036.0,307
2037.0,283
2038.0,284
2039.0,275
2040.0,294
2041.0,278
2042.0,279
2043.0,293
2044.0,283
2045.0,289
2046.0,279
2047.0,287
2048.0,295
2049.0,286
2050.0,293
2051.0,295
2052.0,281
2053.0,276
2054.0,263
2055.0,268
2056.0,261
2057.0,254
2058.0,247
2059.0,242
2060.0,253
2061.0,217
2062.0,228
2063.0,290
2064.0,247
2065.0,259
2066.0,257
2067.0,276
2068.0,265
2069.0,254
2070.0,247
2071.0,231
2072.0,246
2073.0,246
2074.0,239
2075.0,254
2076.0,276
2077.0,318
2078.0,298
2079.0,303
2080.0,316
2081.0,300
2082.0,301
2083.0,273
2084.0,294
2085.0,288
2086.0,281
2087.0,286
2088.0,286
2089.0,294
2090.0,297
2091.0,297
2092.0,272
2093.0,289
2094.0,313
2095.0,313
2096.0,305
2097.0,307
2098.0,319
2099.0,308
2100.0,312
2101.0,303
2102.0,328
2103.0,324
2104.0,316
2105.0,313
2106.0,311
2107.0,319
2108.0,319
2109.0,308
2110.0,302
2111.0,303
2112.0,300
2113.0,288
2114.0,276
2115.0,270
2116.0,275
2117.0,296
2118.0,307
2119.0,282
2120.0,290
2121.0,270
2122.0,249
2123.0,236
2124.0,267
2125.0,280
2126.0,270
2127.0,280
2128.0,284
2129.0,293
2130.0,292
2131.0,285
2132.0,297
2133.0,280
2134.0,286
2135.0,262
2136.0,284
2137.0,306
2138.0,318
2139.0,348
2140.0,355
2141.0,351
2142.0,338
2143.0,334
2144.0,340
2145.0,322
2146.0,328
2147.0,297
2148.0,304
2149.0,337
2150.0,331
2151.0,311
2152.0,291
2153.0,303
2154.0,288
2155.0,285
2156.0,257
2157.0,282
2158.0,304
2159.0,298
2160.0,309
2161.0,287
2162.0,282
2163.0,273
2164.0,289
2165.0,282
2166.0,282
2167.0,272
2168.0,277
2169.0,279
2170.0,291
2171.0,306
2172.0,281
2173.0,290
2174.0,308
2175.0,305
2176.0,313
2177.0,324
2178.0,301
2179.0,295
2180.0,272
2181.0,282
2182.0,283
2183.0,262
2184.0,256
2185.0,267
2186.0,285
2187.0,289
2188.0,283
2189.0,287
2190.0,320
2191.0,337
2192.0,307
2193.0,302
2194.0,305
2195.0,300
2196.0,319
2197.0,316
2198.0,280
2199.0,276
2200.0,279
2201.0,276
2202.0,268
2203.0,292
2204.0,318
2205.0,298
2206.0,301
2207.0,335
2208.0,314
2209.0,340
2210.0,343
2211.0,316
2212.0,309
2213.0,313
2214.0,300
2215.0,301
2216.0,316
2217.0,287
2218.0,247
2219.0,292
2220.0,296
2221.0,273
2222.0,326
2223.0,329
2224.0,291
2225.0,291
2226.0,324
2227.0,343
2228.0,329
2229.0,304
2230.0,316
2231.0,319
2232.0,282
2233.0,249
2234.0,260
2235.0,251
2236.0,296
2237.0,281
2238.0,303
2239.0,319
2240.0,303
2241.0,337
2242.0,349
2243.0,329
2244.0,320
2245.0,327
2246.0,347
2247.0,317
2248.0,314
2249.0,321
2250.0,333
2251.0,337
2252.0,340
2253.0,352
2254.0,344
2255.0,331
2256.0,318
2257.0,326
2258.0,327
2259.0,305
2260.0,296
2261.0,299
2262.0,323
2263.0,309
2264.0,306
2265.0,325
2266.0,317
2267.0,303
2268.0,306
2269.0,301
2270.0,315
2271.0,318
2272.0,307
2273.0,298
2274.0,281
2275.0,265
2276.0,265
2277.0,271
2278.0,270
2279.0,262
2280.0,276
2281.0,286
2282.0,317
2283.0,320
2284.0,327
2285.0,334
2286.0,310
2287.0,305
2288.0,302
2289.0,303
2290.0,296
2291.0,301
2292.0,312
2293.0,310
2294.0,310
2295.0,309
2296.0,314
2297.0,323
2298.0,330
2299.0,315
2300.0,278
2301.0,305
2302.0,319
2303.0,328
2304.0,323
2305.0,336
2306.0,350
2307.0,345
2308.0,344
2309.0,342
2310.0,338
2311.0,327
2312.0,301
2313.0,271
2314.0,261
2315.0,249
2316.0,264
2317.0,263
2318.0,248
2319.0,217
2320.0,361
2321.0,315
2322.0,301
2323.0,316
2324.0,307
2325.0,293
2326.0,314
2327.0,313
2328.0,327
2329.0,296
2330.0,304
2331.0,300
2332.0,280
2333.0,291
2334.0,300
2335.0,279
2336.0,252
2337.0,223
2338.0,194
2339.0,184
2340.0,210
2341.0,154
2342.0,81
2343.0,43
2344.0,44
2345.0,59
2346.0,207
2347.0,360
2348.0,443
2349.0,421
2350.0,367
2351.0,317
2352.0,297
2353.0,308
2354.0,318
2355.0,335
2356.0,321
2357.0,308
2358.0,306
2359.0,301
2360.0,300
2361.0,299
2362.0,306
2363.0,302
2364.0,312
2365.0,303
2366.0,307
2367.0,295
2368.0,300
2369.0,326
2370.0,288
2371.0,289
2372.0,304
2373.0,307
2374.0,312
2375.0,321
2376.0,306
2377.0,324
2378.0,318
2379.0,285
2380.0,278
2381.0,278
2382.0,264
2383.0,282
2384.0,290
2385.0,287
2386.0,279
2387.0,298
2388.0,282
2389.0,280
2390.0,280
2391.0,300
2392.0,307
2393.0,269
2394.0,238
2395.0,215
2396.0,241
2397.0,248
2398.0,230
2399.0,238
2400.0,251
2401.0,245
2402.0,251
2403.0,293
2404.0,276
2405.0,286
2406.0,282
2407.0,285
2408.0,283
2409.0,292
2410.0,319
2411.0,313
2412.0,283
2413.0,291
2414.0,317
2415.0,303
2416.0,306
2417.0,317
2418.0,317
2419.0,332
2420.0,330
2421.0,319
2422.0,303
2423.0,311
2424.0,308
2425.0,295
2426.0,308
2427.0,343
2428.0,324
2429.0,375
2430.0,355
2431.0,338
2432.0,318
2433.0,321
2434.0,323
2435.0,302
2436.0,291
2437.0,289
2438.0,286
2439.0,296
2440.0,283
2441.0,293
2442.0,297
2443.0,283
2444.0,285
2445.0,289
2446.0,281
2447.0,279
2448.0,283
2449.0,279
2450.0,262
2451.0,254
2452.0,240
2453.0,237
2454.0,204
2455.0,256
2456.0,324
2457.0,362
2458.0,340
2459.0,327
2460.0,338
2461.0,306
2462.0,301
2463.0,321
2464.0,344
2465.0,321
2466.0,294
2467.0,302
2468.0,307
2469.0,295
2470.0,306
2471.0,320
2472.0,331
2473.0,311
2474.0,322
2475.0,339
2476.0,334
2477.0,313
2478.0,309
2479.0,302
2480.0,291
2481.0,307
2482.0,320
2483.0,308
2484.0,296
2485.0,296
2486.0,273
2487.0,249
2488.0,269
2489.0,274
2490.0,312
2491.0,295
2492.0,299
2493.0,318
2494.0,301
2495.0,309
2496.0,307
2497.0,303
2498.0,314
2499.0,320
2500.0,311
2501.0,310
2502.0,313
2503.0,313
2504.0,309
2505.0,304
2506.0,326
2507.0,339
2508.0,341
2509.0,333
2510.0,332
2511.0,333
2512.0,317
2513.0,318
2514.0,313
2515.0,303
2516.0,298
2517.0,306
2518.0,292
2519.0,295
2520.0,289
2521.0,281
2522.0,309
2523.0,308
2524.0,311
2525.0,321
2526.0,319
2527.0,305
2528.0,296
2529.0,304
2530.0,332
2531.0,331
2532.0,325
2533.0,327
2534.0,327
2535.0,338
2536.0,345
2537.0,333
2538.0,332
2539.0,314
2540.0,345
2541.0,355
2542.0,342
2543.0,296
2544.0,281
2545.0,306
2546.0,278
2547.0,277
2548.0,282
2549.0,296
2550.0,322
2551.0,330
2552.0,315
2553.0,320
2554.0,336
2555.0,334
2556.0,335
2557.0,324
2558.0,342
2559.0,363
2560.0,355
2561.0,332
2562.0,295
2563.0,302
2564.0,277
2565.0,305
2566.0,294
2567.0,304
2568.0,274
2569.0,272
2570.0,297
2571.0,305
2572.0,313
2573.0,307
2574.0,312
2575.0,278
2576.0,260
2577.0,275
2578.0,296
2579.0,312
2580.0,307
2581.0,298
2582.0,305
2583.0,329
2584.0,350
2585.0,382
2586.0,384
2587.0,399
2588.0,402
2589.0,322
2590.0,279
2591.0,271
2592.0,275
2593.0,294
2594.0,338
2595.0,340
2596.0,325
2597.0,319
2598.0,283
2599.0,280
2600.0,299
2601.0,302
2602.0,308
2603.0,289
2604.0,293
2605.0,289
2606.0,285
2607.0,298
2608.0,325
2609.0,304
2610.0,281
2611.0,302
2612.0,305
2613.0,302
2614.0,292
2615.0,296
2616.0,285
2617.0,278
2618.0,262
2619.0,254
2620.0,269
2621.0,298
2622.0,293
2623.0,303
2624.0,321
2625.0,340
2626.0,322
2627.0,305
2628.0,269
2629.0,284
2630.0,290
2631.0,317
2632.0,317
2633.0,312
2634.0,334
2635.0,315
2636.0,308
2637.0,309
2638.0,310
2639.0,318
2640.0,302
2641.0,300
2642.0,307
2643.0,303
2644.0,284
2645.0,279
2646.0,289
2647.0,269
2648.0,295
2649.0,280
2650.0,276
2651.0,267
2652.0,266
2653.0,281
2654.0,317
2655.0,386
2656.0,381
2657.0,350
2658.0,324
2659.0,275
2660.0,242
2661.0,232
2662.0,284
2663.0,285
2664.0,282
2665.0,296
2666.0,290
2667.0,274
2668.0,262
2669.0,300
2670.0,389
2671.0,362
2672.0,317
2673.0,316
2674.0,305
2675.0,311
2676.0,308
2677.0,339
2678.0,349
2679.0,354
2680.0,376
2681.0,336
2682.0,340
2683.0,341
2684.0,320
2685.0,301
2686.0,264
2687.0,257
2688.0,279
2689.0,264
2690.0,249
2691.0,221
2692.0,168
2693.0,151
2694.0,167
2695.0,149
2696.0,13
2697.0,0
2698.0,0
2699.0,0
2700.0,0
2701.0,0
2702.0,0
2703.0,0
2704.0,0
2705.0,0
2706.0,0
2707.0,0
2708.0,0
2709.0,0
2710.0,0
2711.0,0
2712.0,0
2713.0,0
2714.0,0
2715.0,0
2716.0,0
2717.0,0
2718.0,0
2719.0,0
2720.0,0
2721.0,0
2722.0,0
2723.0,0
2724.0,0
2725.0,0
2726.0,0
2727.0,0
2728.0,0
2729.0,0
2730.0,0
2731.0,0
2732.0,0
2733.0,0
2734.0,0
2735.0,0
2736.0,0
2737.0,0
2738.0,0
2739.0,0
2740.0,0
2741.0,0
2742.0,0
2743.0,0
2744.0,0
2745.0,0
2746.0,0
2747.0,0
2748.0,0
2749.0,0
2750.0,0
2751.0,0
2752.0,0
2753.0,0
2754.0,0
2755.0,0
2756.0,76
2757.0,83
2758.0,0
2759.0,0
2760.0,0
2761.0,0
2762.0,0
2763.0,0
2764.0,0
2765.0,0
2766.0,0
2767.0,0
2768.0,0
2769.0,0
2770.0,0
2771.0,0
2772.0,0
2773.0,0
2774.0,0
2775.0,0
2776.0,0
2777.0,0
2778.0,0
2779.0,0
2780.0,33
2781.0,92
2782.0,284
2783.0,270
2784.0,234
2785.0,225
2786.0,189
2787.0,208
2788.0,245
2789.0,264
2790.0,264
2791.0,239
2792.0,222
2793.0,199
2794.0,175
2795.0,196
2796.0,207
2797.0,214
2798.0,232
2799.0,236
2800.0,212
2801.0,203
2802.0,185
2803.0,215
2804.0,205
2805.0,206
2806.0,204
2807.0,206
2808.0,207
2809.0,188
2810.0,135
2811.0,98
2812.0,88
2813.0,198
2814.0,207
2815.0,191
2816.0,191
2817.0,181
2818.0,159
2819.0,162
2820.0,165
2821.0,150
2822.0,150
2823.0,144
2824.0,148
2825.0,168
2826.0,142
2827.0,133
2828.0,137
2829.0,157
2830.0,134
2831.0,168
2832.0,160
2833.0,139
2834.0,125
2835.0,121
2836.0,98
2837.0,82
2838.0,91
2839.0,87
2840.0,79
2841.0,67
2842.0,42
2843.0,39
2844.0,30
2845.0,26
2846.0,7
2847.0,21
2848.0,0
2849.0,0
2850.0,0
2851.0,0
2852.0,0
2853.0,0
2854.0,0
2855.0,0
2856.0,0
2857.0,93
2858.0,20
2859.0,47
2860.0,70
2861.0,75
2862.0,91
2863.0,97
2864.0,79
2865.0,48
2866.0,31
2867.0,28
2868.0,26
2869.0,21
2870.0,6
2871.0,2
2872.0,0
2873.0,0
2874.0,0
2875.0,0
2876.0,0
2877.0,0
2878.0,0
2879.0,0
2880.0,0
2881.0,0
2882.0,0
2883.0,0
2884.0,0
2885.0,166
2886.0,248
2887.0,232
2888.0,212
2889.0,230
2890.0,241
2891.0,213
2892.0,128
2893.0,146
2894.0,153
2895.0,152
2896.0,160
2897.0,173
2898.0,171
2899.0,184
2900.0,191
2901.0,190
2902.0,159
2903.0,158
2904.0,177
2905.0,178
2906.0,174
2907.0,163
2908.0,162
2909.0,153
2910.0,171
2911.0,191
2912.0,207
2913.0,183
2914.0,189
2915.0,189
2916.0,157
2917.0,179
2918.0,192
2919.0,188
2920.0,180
2921.0,179
2922.0,165
2923.0,232
2924.0,238
2925.0,214
2926.0,165
2927.0,51
2928.0,169
2929.0,218
2930.0,227
2931.0,260
2932.0,260
2933.0,215
2934.0,260
2935.0,249
2936.0,256
2937.0,243
2938.0,248
2939.0,253
2940.0,219
2941.0,207
2942.0,244
2943.0,277
2944.0,252
2945.0,243
2946.0,210
2947.0,261
2948.0,252
2949.0,216
2950.0,218
2951.0,232
2952.0,236
2953.0,263
2954.0,262
2955.0,247
2956.0,239
2957.0,245
2958.0,227
2959.0,218
2960.0,223
2961.0,225
2962.0,223
2963.0,213
2964.0,231
2965.0,239
2966.0,238
2967.0,220
2968.0,232
2969.0,229
2970.0,239
2971.0,243
2972.0,246
2973.0,260
2974.0,249
2975.0,236
2976.0,231
2977.0,232
2978.0,248
2979.0,222
2980.0,226
2981.0,239
2982.0,249
2983.0,249
2984.0,269
2985.0,256
2986.0,236
2987.0,227
2988.0,217
2989.0,211
2990.0,200
2991.0,236
2992.0,254
2993.0,269
2994.0,251
2995.0,241
2996.0,255
2997.0,227
2998.0,216
2999.0,188
3000.0,175
3001.0,178
3002.0,191
3003.0,212
3004.0,222
3005.0,242
3006.0,266
3007.0,274
3008.0,295
3009.0,326
3010.0,350
3011.0,318
3012.0,318
3013.0,284
3014.0,222
3015.0,234
3016.0,219
3017.0,203
3018.0,187
3019.0,222
3020.0,213
3021.0,214
3022.0,216
3023.0,221
3024.0,251
3025.0,241
3026.0,244
3027.0,231
3028.0,231
3029.0,228
3030.0,235
3031.0,235
3032.0,220
3033.0,215
3034.0,208
3035.0,187
3036.0,174
3037.0,178
3038.0,192
3039.0,199
3040.0,213
3041.0,214
3042.0,231
3043.0,221
3044.0,214
3045.0,209
3046.0,226
3047.0,263
3048.0,243
3049.0,247
3050.0,225
3051.0,231
3052.0,238
3053.0,259
3054.0,252
3055.0,231
3056.0,219
3057.0,206
3058.0,190
3059.0,219
3060.0,226
3061.0,199
3062.0,181
3063.0,142
3064.0,167
3065.0,198
3066.0,201
3067.0,194
3068.0,188
3069.0,186
3070.0,189
3071.0,189
3072.0,222
3073.0,197
3074.0,192
3075.0,198
3076.0,191
3077.0,192
3078.0,172
3079.0,145
3080.0,144
3081.0,158
3082.0,147
3083.0,131
3084.0,129
3085.0,125
3086.0,122
3087.0,108
3088.0,96
3089.0,135
3090.0,137
3091.0,145
3092.0,146
3093.0,152
3094.0,135
3095.0,132
3096.0,125
3097.0,133
3098.0,123
3099.0,134
3100.0,152
3101.0,166
3102.0,128
3103.0,103
3104.0,108
3105.0,136
3106.0,123
3107.0,118
3108.0,143
3109.0,155
3110.0,146
3111.0,128
3112.0,161
3113.0,154
3114.0,141
3115.0,154
3116.0,166
3117.0,174
3118.0,146
3119.0,194
3120.0,196
3121.0,172
3122.0,165
3123.0,170
3124.0,168
3125.0,155
3126.0,152
3127.0,171
3128.0,149
3129.0,152
3130.0,127
3131.0,146
3132.0,150
3133.0,172
3134.0,172
3135.0,190
3136.0,178
3137.0,170
3138.0,174
3139.0,187
3140.0,195
3141.0,204
3142.0,212
3143.0,212
3144.0,202
3145.0,191
3146.0,217
3147.0,217
3148.0,223
3149.0,236
3150.0,251
3151.0,236
3152.0,170
3153.0,81
3154.0,112
3155.0,44
3156.0,50
3157.0,211
3158.0,306
3159.0,341
3160.0,306
3161.0,304
3162.0,290
3163.0,277
3164.0,262
3165.0,259
3166.0,227
3167.0,251
3168.0,264
3169.0,258
3170.0,238
3171.0,209
3172.0,219
3173.0,224
3174.0,221
3175.0,220
3176.0,212
3177.0,250
3178.0,251
3179.0,241
3180.0,242
3181.0,234
3182.0,233
3183.0,211
3184.0,246
3185.0,246
3186.0,244
3187.0,241
3188.0,245
3189.0,246
3190.0,263
3191.0,264
3192.0,257
3193.0,260
3194.0,270
3195.0,281
3196.0,260
3197.0,251
3198.0,264
3199.0,276
3200.0,285
3201.0,282
3202.0,254
3203.0,251
3204.0,230
3205.0,222
3206.0,227
3207.0,238
3208.0,238
3209.0,225
3210.0,213
3211.0,222
3212.0,237
3213.0,223
3214.0,207
3215.0,212
3216.0,212
3217.0,225
3218.0,223
3219.0,216
3220.0,203
3221.0,228
3222.0,231
3223.0,226
3224.0,183
3225.0,216
3226.0,221
3227.0,211
3228.0,206
3229.0,209
3230.0,194
3231.0,210
3232.0,198
3233.0,189
3234.0,212
3235.0,210
3236.0,178
3237.0,125
3238.0,195
3239.0,200
3240.0,198
3241.0,214
3242.0,204
3243.0,158
3244.0,189
3245.0,186
3246.0,170
3247.0,169
3248.0,172
3249.0,187
3250.0,184
3251.0,181
3252.0,177
3253.0,213
3254.0,202
3255.0,193
3256.0,214
3257.0,218
3258.0,212
3259.0,198
3260.0,191
3261.0,183
3262.0,194
3263.0,203
3264.0,191
3265.0,188
3266.0,193
3267.0,177
3268.0,196
3269.0,199
3270.0,184
3271.0,196
3272.0,197
3273.0,177
3274.0,179
3275.0,172
3276.0,189
3277.0,193
3278.0,177
3279.0,191
3280.0,219
3281.0,227
3282.0,225
3283.0,209
3284.0,237
3285.0,250
3286.0,253
3287.0,246
3288.0,252
3289.0,255
3290.0,255
3291.0,267
3292.0,245
3293.0,247
3294.0,240
3295.0,242
3296.0,247
3297.0,244
3298.0,253
3299.0,249
3300.0,255
3301.0,256
3302.0,248
3303.0,248
3304.0,238
3305.0,234
3306.0,225
3307.0,208
3308.0,167
3309.0,181
3310.0,155
3311.0,100
3312.0,172
3313.0,147
3314.0,111
3315.0,105
3316.0,104
3317.0,129
3318.0,114
3319.0,110
3320.0,124
3321.0,125
3322.0,59
3323.0,67
3324.0,79
3325.0,112
3326.0,162
3327.0,155
3328.0,95
3329.0,77
3330.0,77
3331.0,81
3332.0,80
3333.0,71
3334.0,70
3335.0,78
3336.0,95
3337.0,90
3338.0,89
3339.0,89
3340.0,75
3341.0,71
3342.0,41
3343.0,0
3344.0,0
3345.0,0
3346.0,0
3347.0,0
3348.0,0
3349.0,0
3350.0,0
3351.0,0
3352.0,0
3353.0,0
3354.0,0
3355.0,0
3356.0,18
3357.0,30
3358.0,48
3359.0,59
3360.0,50
3361.0,41
3362.0,21
3363.0,2
3364.0,7
3365.0,0
3366.0,0
3367.0,0
3368.0,0
3369.0,0
3370.0,0
3371.0,0
3372.0,0
3373.0,0
3374.0,14
3375.0,82
3376.0,126
3377.0,130
3378.0,111
3379.0,136
3380.0,134
3381.0,116
3382.0,115
3383.0,120
3384.0,122
3385.0,111
3386.0,89
3387.0,0
3388.0,0
3389.0,0
3390.0,0
3391.0,0
3392.0,0
3393.0,0
3394.0,0
3395.0,0
3396.0,0
3397.0,0
3398.0,0
3399.0,0
3400.0,0
3401.0,0
3402.0,0
3403.0,0
3404.0,0
3405.0,0
3406.0,0
3407.0,0
3408.0,0
3409.0,0
3410.0,0
3411.0,61
3412.0,198
3413.0,191
3414.0,187
3415.0,221
3416.0,228
3417.0,229
3418.0,236
3419.0,238
3420.0,238
3421.0,263
3422.0,264
3423.0,269
3424.0,248
3425.0,253
3426.0,228
3427.0,227
3428.0,233
3429.0,236
3430.0,203
3431.0,164
3432.0,184
3433.0,150
3434.0,125
3435.0,130
3436.0,110
3437.0,138
3438.0,167
3439.0,139
3440.0,148
3441.0,107
3442.0,112
3443.0,133
3444.0,115
3445.0,118
3446.0,118
3447.0,129
3448.0,136
3449.0,126
3450.0,120
3451.0,120
3452.0,106
3453.0,127
3454.0,129
3455.0,126
3456.0,154
3457.0,146
3458.0,129
3459.0,131
3460.0,138
3461.0,149
3462.0,173
3463.0,175
3464.0,174
3465.0,179
3466.0,202
3467.0,210
3468.0,201
3469.0,193
3470.0,171
3471.0,212
3472.0,210
3473.0,197
3474.0,181
3475.0,184
3476.0,204
3477.0,210
3478.0,202
3479.0,192
3480.0,189
3481.0,178
3482.0,162
3483.0,157
3484.0,157
3485.0,158
3486.0,157
3487.0,159
3488.0,165
3489.0,185
3490.0,178
3491.0,176
3492.0,196
3493.0,185
3494.0,209
3495.0,226
3496.0,199
3497.0,189
3498.0,229
3499.0,222
3500.0,106
3501.0,252
3502.0,246
3503.0,279
3504.0,270
3505.0,238
3506.0,219
3507.0,259
3508.0,267
3509.0,255
3510.0,242
3511.0,250
3512.0,252
3513.0,236
3514.0,257
3515.0,263
3516.0,262
3517.0,237
3518.0,216
3519.0,227
3520.0,256
3521.0,222
3522.0,207
3523.0,225
3524.0,252
3525.0,249
3526.0,249
3527.0,233
3528.0,235
3529.0,230
3530.0,226
3531.0,239
3532.0,256
3533.0,261
3534.0,256
3535.0,262
3536.0,254
3537.0,218
3538.0,228
3539.0,245
3540.0,237
3541.0,241
3542.0,252
3543.0,261
3544.0,264
3545.0,271
3546.0,270
3547.0,282
3548.0,274
3549.0,268
3550.0,271
3551.0,258
3552.0,240
3553.0,253
3554.0,257
3555.0,260
3556.0,245
3557.0,249
3558.0,246
3559.0,217
3560.0,214
3561.0,205
3562.0,224
3563.0,233
3564.0,239
3565.0,209
3566.0,274
3567.0,258
3568.0,264
3569.0,230
3570.0,224
3571.0,205
3572.0,207
3573.0,209
3574.0,215
3575.0,199
3576.0,193
3577.0,192
3578.0,194
3579.0,205
3580.0,211
3581.0,203
3582.0,197
3583.0,201
3584.0,199
3585.0,211
3586.0,201
3587.0,173
3588.0,145
3589.0,78
3590.0,131
3591.0,99
3592.0,72
3593.0,57
3594.0,68
3595.0,66
3596.0,10
3597.0,0
3598.0,0
3599.0,0
3600.0,0
3601.0,0
3602.0,0
3603.0,0
3604.0,0
3605.0,0
3606.0,0
3607.0,0
3608.0,0
3609.0,0
3610.0,0
3611.0,0
3612.0,0
3613.0,0
3614.0,0
3615.0,0
3616.0,0
3617.0,0
3618.0,0
3619.0,0
3620.0,0
3621.0,0
3622.0,0
3623.0,0
3624.0,0
3625.0,0
3626.0,0
3627.0,0
3628.0,0
3629.0,0
3630.0,0
3631.0,0
3632.0,0
3633.0,0
3634.0,0
3635.0,0
3636.0,0
3637.0,135
3638.0,158
3639.0,131
3640.0,65
3641.0,82
3642.0,56
3643.0,56
3644.0,41
3645.0,4
3646.0,0
3647.0,0
3648.0,0
3649.0,0
3650.0,0
3651.0,0
3652.0,0
3653.0,0
3654.0,0
3655.0,0
3656.0,0
3657.0,0
3658.0,0
3659.0,0
3660.0,0
3661.0,0
3662.0,0
3663.0,0
3664.0,0
3665.0,0
3666.0,0
3667.0,0
3668.0,0
3669.0,0
3670.0,0
3671.0,0
3672.0,0
3673.0,0
3674.0,0
3675.0,0
3676.0,0
3677.0,149
3678.0,169
3679.0,138
3680.0,114
3681.0,80
3682.0,64
3683.0,72
3684.0,72
3685.0,70
3686.0,77
3687.0,83
3688.0,54
3689.0,53
3690.0,39
3691.0,34
3692.0,26
3693.0,39
3694.0,44
3695.0,56
3696.0,50
3697.0,33
3698.0,23
3699.0,24
3700.0,4
3701.0,1
3702.0,1
3703.0,1
3704.0,1
3705.0,1
3706.0,2
3707.0,2
3708.0,1
3709.0,0
3710.0,0
3711.0,0
3712.0,0
3713.0,0
3714.0,0
3715.0,0
3716.0,0
3717.0,0
3718.0,0
3719.0,0
3720.0,0
3721.0,0
3722.0,0
3723.0,0
3724.0,0
3725.0,0
3726.0,0
3727.0,0
3728.0,0
3729.0,0
3730.0,0
3731.0,0
3732.0,111
3733.0,90
3734.0,110
3735.0,102
3736.0,15
3737.0,0
3738.0,0
3739.0,0
3740.0,0
3741.0,0
3742.0,0
3743.0,0
3744.0,0
3745.0,0
3746.0,0
3747.0,0
3748.0,0
3749.0,0
3750.0,0
3751.0,0
3752.0,0
3753.0,0
3754.0,0
3755.0,0
3756.0,0
3757.0,0
3758.0,0
3759.0,0
3760.0,0
3761.0,0
3762.0,0
3763.0,0
3764.0,0
3765.0,0
3766.0,0
3767.0,0
3768.0,0
3769.0,0
3770.0,0
3771.0,0
3772.0,0
3773.0,0
3774.0,0
3775.0,0
3776.0,0
3777.0,0
3778.0,0
3779.0,0
3780.0,0
3781.0,0
3782.0,0
3783.0,0
3784.0,61
3785.0,221
3786.0,212
3787.0,287
3788.0,283
3789.0,271
3790.0,235
3791.0,211
3792.0,208
3793.0,233
3794.0,208
3795.0,261
3796.0,344
3797.0,371
3798.0,323
3799.0,370
3800.0,342
3801.0,362
3802.0,345
3803.0,326
3804.0,315
3805.0,313
3806.0,307
3807.0,341
3808.0,268
3809.0,312
3810.0,302
3811.0,299
3812.0,294
3813.0,303
3814.0,268
3815.0,222
3816.0,171
3817.0,125
3818.0,0
3819.0,0
3820.0,0
3821.0,0
3822.0,0
3823.0,0
3824.0,0
3825.0,54
3826.0,339
3827.0,372
3828.0,378
3829.0,318
3830.0,356
3831.0,376
3832.0,361
3833.0,340
3834.0,350
3835.0,380
3836.0,379
3837.0,373
3838.0,352
3839.0,316
3840.0,328
3841.0,330
3842.0,330
3843.0,324
3844.0,312
3845.0,303
3846.0,292
3847.0,347
3848.0,324
3849.0,290
3850.0,325
3851.0,334
3852.0,307
3853.0,293
3854.0,295
3855.0,267
3856.0,287
3857.0,315
3858.0,298
3859.0,300
3860.0,293
3861.0,324
3862.0,332
3863.0,335
3864.0,340
3865.0,345
3866.0,343
3867.0,330
3868.0,343
3869.0,342
3870.0,348
3871.0,354
3872.0,367
3873.0,342
3874.0,341
3875.0,376
3876.0,344
3877.0,347
3878.0,314
3879.0,321
3880.0,338
3881.0,330
3882.0,315
3883.0,326
3884.0,329
3885.0,339
3886.0,331
3887.0,315
3888.0,313
3889.0,319
3890.0,320
3891.0,337
3892.0,328
3893.0,315
3894.0,314
3895.0,313
3896.0,318
3897.0,308
3898.0,320
3899.0,317
3900.0,324
3901.0,313
3902.0,330
3903.0,337
3904.0,326
3905.0,326
3906.0,308
3907.0,328
3908.0,326
3909.0,330
3910.0,319
3911.0,322
3912.0,320
3913.0,309
3914.0,319
3915.0,311
3916.0,306
3917.0,319
3918.0,327
3919.0,321
3920.0,329
3921.0,325
3922.0,333
3923.0,331
3924.0,315
3925.0,318
3926.0,344
3927.0,347
3928.0,353
3929.0,332
3930.0,337
3931.0,341
3932.0,341
3933.0,339
3934.0,323
3935.0,327
3936.0,344
3937.0,324
3938.0,305
3939.0,318
3940.0,300
3941.0,327
3942.0,345
3943.0,312
3944.0,330
3945.0,365
3946.0,353
3947.0,324
3948.0,317
3949.0,299
3950.0,297
3951.0,293
3952.0,290
3953.0,322
3954.0,330
3955.0,368
3956.0,351
3957.0,345
3958.0,344
3959.0,318
3960.0,344
3961.0,349
3962.0,350
3963.0,349
3964.0,351
3965.0,351
3966.0,334
3967.0,340
3968.0,336
3969.0,371
3970.0,356
3971.0,352
3972.0,364
3973.0,338
3974.0,337
3975.0,354
3976.0,390
3977.0,352
3978.0,353
3979.0,353
3980.0,356
3981.0,358
3982.0,341
3983.0,326
3984.0,318
3985.0,322
3986.0,314
3987.0,329
3988.0,332
3989.0,321
3990.0,315
3991.0,314
3992.0,313
3993.0,309
3994.0,349
3995.0,354
3996.0,355
3997.0,378
3998.0,364
3999.0,398
4000.0,404
4001.0,381
4002.0,368
4003.0,314
4004.0,290
4005.0,281
4006.0,282
4007.0,298
4008.0,306
4009.0,298
4010.0,320
4011.0,287
4012.0,288
4013.0,277
4014.0,254
4015.0,269
4016.0,274
4017.0,250
4018.0,244
4019.0,220
4020.0,237
4021.0,256
4022.0,278
4023.0,281
4024.0,288
4025.0,308
4026.0,292
4027.0,297
4028.0,317
4029.0,350
4030.0,325
4031.0,329
4032.0,352
4033.0,290
4034.0,287
4035.0,302
4036.0,331
4037.0,334
4038.0,341
4039.0,364
4040.0,318
4041.0,333
4042.0,314
4043.0,346
4044.0,346
4045.0,345
4046.0,351
4047.0,357
4048.0,342
4049.0,343
4050.0,368
4051.0,364
4052.0,346
4053.0,336
4054.0,357
4055.0,347
4056.0,345
4057.0,335
4058.0,315
4059.0,321
4060.0,319
4061.0,320
4062.0,361
4063.0,363
4064.0,363
4065.0,339
4066.0,340
4067.0,321
4068.0,299
4069.0,320
4070.0,317
4071.0,304
4072.0,286
4073.0,307
4074.0,319
4075.0,357
4076.0,309
4077.0,298
4078.0,306
4079.0,182
4080.0,319
4081.0,323
4082.0,300
4083.0,304
4084.0,303
4085.0,285
4086.0,245
4087.0,310
4088.0,299
4089.0,263
4090.0,310
4091.0,332
4092.0,290
4093.0,274
4094.0,291
4095.0,298
4096.0,294
4097.0,315
4098.0,309
4099.0,315
4100.0,295
4101.0,262
4102.0,277
4103.0,286
4104.0,285
4105.0,297
4106.0,266
4107.0,270
4108.0,268
4109.0,297
4110.0,312
4111.0,324
4112.0,339
4113.0,329
4114.0,311
4115.0,313
4116.0,328
4117.0,326
4118.0,322
4119.0,334
4120.0,320
4121.0,329
4122.0,334
4123.0,321
4124.0,334
4125.0,346
4126.0,335
4127.0,310
4128.0,289
4129.0,261
4130.0,242
4131.0,251
4132.0,275
4133.0,265
4134.0,235
4135.0,233
4136.0,247
4137.0,253
4138.0,260
4139.0,275
4140.0,268
4141.0,265
4142.0,303
4143.0,255
4144.0,276
4145.0,258
4146.0,277
4147.0,263
4148.0,232
4149.0,203
4150.0,205
4151.0,227
4152.0,246
4153.0,230
4154.0,218
4155.0,246
4156.0,234
4157.0,233
4158.0,243
4159.0,273
4160.0,305
4161.0,283
4162.0,157
4163.0,350
4164.0,388
4165.0,366
4166.0,338
4167.0,355
4168.0,353
4169.0,335
4170.0,287
4171.0,299
4172.0,307
4173.0,312
4174.0,300
4175.0,260
4176.0,278
4177.0,232
4178.0,238
4179.0,290
4180.0,306
4181.0,298
4182.0,248
4183.0,215
4184.0,235
4185.0,273
4186.0,327
4187.0,352
4188.0,358
4189.0,372
4190.0,374
4191.0,345
4192.0,319
4193.0,288
4194.0,278
4195.0,267
4196.0,260
4197.0,301
4198.0,327
4199.0,333
4200.0,329
4201.0,373
4202.0,351
4203.0,306
4204.0,321
4205.0,298
4206.0,315
4207.0,335
4208.0,354
4209.0,326
4210.0,388
4211.0,372
4212.0,369
4213.0,380
4214.0,351
4215.0,361
4216.0,361
4217.0,380
4218.0,363
4219.0,341
4220.0,312
4221.0,340
4222.0,384
4223.0,396
4224.0,409
4225.0,458
4226.0,472
4227.0,429
4228.0,445
4229.0,441
4230.0,421
4231.0,285
4232.0,216
4233.0,320
4234.0,321
4235.0,308
4236.0,330
4237.0,268
4238.0,246
4239.0,242
4240.0,241
4241.0,271
4242.0,288
4243.0,317
4244.0,315
4245.0,306
4246.0,302
4247.0,303
4248.0,302
4249.0,270
4250.0,264
4251.0,262
4252.0,252
4253.0,274
4254.0,307
4255.0,295
4256.0,313
4257.0,337
4258.0,323
4259.0,350
4260.0,308
4261.0,288
4262.0,253
4263.0,251
4264.0,242
4265.0,265
4266.0,288
4267.0,321
4268.0,356
4269.0,350
4270.0,298
4271.0,280
4272.0,308
4273.0,309
4274.0,291
4275.0,306
4276.0,335
4277.0,369
4278.0,326
4279.0,321
4280.0,285
4281.0,261
4282.0,60
4283.0,71
4284.0,129
4285.0,118
4286.0,149
4287.0,115
4288.0,84
4289.0,91
4290.0,98
4291.0,108
4292.0,114
4293.0,99
4294.0,119
4295.0,113
4296.0,115
4297.0,117
4298.0,123
4299.0,82
4300.0,71
4301.0,30
4302.0,0
4303.0,0
4304.0,0
4305.0,0
4306.0,0
4307.0,0
4308.0,0
4309.0,0
4310.0,0
4311.0,0
4312.0,0
4313.0,0
4314.0,0
4315.0,105
4316.0,121
4317.0,90
4318.0,82
4319.0,106
4320.0,100
4321.0,106
4322.0,107
4323.0,92
4324.0,96
4325.0,101
4326.0,86
4327.0,65
4328.0,60
4329.0,55
4330.0,68
4331.0,78
4332.0,87
4333.0,94
4334.0,93
4335.0,108
4336.0,99
4337.0,100
4338.0,85
4339.0,58
4340.0,18
4341.0,3
4342.0,0
4343.0,0
4344.0,0
4345.0,0
4346.0,0
4347.0,0
4348.0,0
4349.0,0
4350.0,0
4351.0,0
4352.0,0
4353.0,0
4354.0,0
4355.0,0
4356.0,0
4357.0,0
4358.0,0
4359.0,0
4360.0,0
4361.0,0
4362.0,0
4363.0,0
4364.0,14
4365.0,107
4366.0,114
4367.0,104
4368.0,97
4369.0,78
4370.0,56
4371.0,12
4372.0,0
4373.0,0
4374.0,0
4375.0,0
4376.0,0
4377.0,0
4378.0,0
4379.0,0
4380.0,0
4381.0,0
4382.0,0
4383.0,0
4384.0,0
4385.0,0
4386.0,0
4387.0,0
4388.0,0
4389.0,0
4390.0,0
4391.0,0
4392.0,0
4393.0,0
4394.0,0
4395.0,0
4396.0,0
4397.0,0
4398.0,0
4399.0,0
4400.0,0
4401.0,0
4402.0,0
4403.0,0
4404.0,0
4405.0,0
4406.0,0
4407.0,0
4408.0,0
4409.0,0
4410.0,0
4411.0,0
4412.0,0
4413.0,0
4414.0,0
4415.0,0
4416.0,0
4417.0,0
4418.0,0
4419.0,0
4420.0,0
4421.0,0
4422.0,0
4423.0,0
4424.0,0
4425.0,0
4426.0,0
4427.0,0
4428.0,0
4429.0,0
4430.0,0
4431.0,0
4432.0,0
4433.0,0
4434.0,0
4435.0,0
4436.0,0
4437.0,0
4438.0,0
4439.0,0
4440.0,0
4441.0,0
4442.0,0
4443.0,0
4444.0,0
4445.0,0
4446.0,0
4447.0,0
4448.0,0
4449.0,0
4450.0,0
4451.0,0
4452.0,0
4453.0,0
4454.0,0
4455.0,0
4456.0,0
4457.0,0
4458.0,0
4459.0,0
4460.0,0
4461.0,0
4462.0,0
4463.0,0
4464.0,0
4465.0,0
4466.0,0
4467.0,0
4468.0,0
4469.0,0
4470.0,0
4471.0,0
4472.0,0
4473.0,0
4474.0,0
4475.0,0
4476.0,0
4477.0,0
4478.0,0
4479.0,0
4480.0,0
4481.0,0
4482.0,0
4483.0,0
4484.0,0
4485.0,0
4486.0,0
4487.0,0
4488.0,0
4489.0,0
4490.0,0
4491.0,0
4492.0,0
4493.0,0
4494.0,0
4495.0,0
4496.0,0
4497.0,0
4498.0,0
4499.0,0
4500.0,0
4501.0,0
4502.0,0
4503.0,0
4504.0,0
4505.0,0
4506.0,0
4507.0,0
4508.0,0
4509.0,0
4510.0,0
4511.0,0
4512.0,0
4513.0,0
4514.0,0
4515.0,0
4516.0,0
4517.0,0
4518.0,0
4519.0,0
4520.0,0
4521.0,0
4522.0,0
4523.0,0
4524.0,0
4525.0,0
4526.0,0
4527.0,0
4528.0,0
4529.0,0
4530.0,0
4531.0,0
4532.0,0
4533.0,0
4534.0,0
4535.0,0
4536.0,0
4537.0,0
4538.0,0
4539.0,0
4540.0,0
4541.0,0
4542.0,0
4543.0,0
4544.0,0
4545.0,0
4546.0,0
4547.0,0
4548.0,0
4549.0,0
4550.0,0
4551.0,0
4552.0,0
4553.0,0
4554.0,0
4555.0,0
4556.0,0
4557.0,0
4558.0,0
4559.0,0
4560.0,0
4561.0,0
4562.0,0
4563.0,0
4564.0,0
4565.0,0
4566.0,0
4567.0,0
4568.0,0
4569.0,0
4570.0,0
4571.0,0
4572.0,0
4573.0,0
4574.0,0
4575.0,0
4576.0,0
4577.0,0
4578.0,0
4579.0,0
4580.0,0
4581.0,0
4582.0,0
4583.0,0
4584.0,0
4585.0,0
4586.0,0
4587.0,0
4588.0,0
4589.0,0
4590.0,0
4591.0,0
4592.0,0
4593.0,0
4594.0,0
4595.0,0
4596.0,0
4597.0,0
4598.0,0
4599.0,0
4600.0,0
4601.0,0
4602.0,0
4603.0,0
4604.0,0
4605.0,0
4606.0,0
4607.0,0
4608.0,0
4609.0,0
4610.0,0
4611.0,0
4612.0,0
4613.0,0
4614.0,0
4615.0,0
4616.0,0
4617.0,0
4618.0,0
4619.0,0
4620.0,0
4621.0,0
4622.0,0
4623.0,0
4624.0,0
4625.0,0
4626.0,0
4627.0,0
4628.0,0
4629.0,0
4630.0,0
4631.0,0
4632.0,0
4633.0,0
4634.0,0
4635.0,0
4636.0,0
4637.0,0
4638.0,0
4639.0,0
4640.0,0
4641.0,0
4642.0,0
4643.0,0
4644.0,0
4645.0,0
4646.0,0
4647.0,0
4648.0,0
4649.0,0
4650.0,0
4651.0,0
4652.0,0
4653.0,0
4654.0,0
4655.0,0
4656.0,0
4657.0,0
4658.0,0
4659.0,0
4660.0,0
4661.0,0
4662.0,0
4663.0,0
4664.0,0
4665.0,0
4666.0,0
4667.0,0
4668.0,0
4669.0,0
4670.0,0
4671.0,0
4672.0,0
4673.0,0
4674.0,0
4675.0,0
4676.0,0
4677.0,0
4678.0,0
4679.0,0
4680.0,0
4681.0,0
4682.0,0
4683.0,0
4684.0,0
4685.0,0
4686.0,0
4687.0,0
4688.0,0
4689.0,0
4690.0,0
4691.0,0
4692.0,0
4693.0,0
4694.0,0
4695.0,0
4696.0,0
4697.0,0
4698.0,0
4699.0,0
4700.0,0
4701.0,0
4702.0,0
4703.0,0
4704.0,0
4705.0,0
4706.0,0
4707.0,0
4708.0,0
4709.0,0
4710.0,0
4711.0,0
4712.0,0
4713.0,0
4714.0,0
4715.0,0
4716.0,0
4717.0,0
4718.0,0
4719.0,0
4720.0,0
4721.0,0
4722.0,0
4723.0,0
4724.0,0
4725.0,0
4726.0,0
4727.0,0
4728.0,0
4729.0,0
4730.0,0
4731.0,0
4732.0,0
4733.0,0
4734.0,0
4735.0,0
4736.0,0
4737.0,0
4738.0,0
4739.0,0
4740.0,0
4741.0,0
4742.0,0
4743.0,0
4744.0,0
4745.0,0
4746.0,0
4747.0,0
4748.0,0
4749.0,0
4750.0,0
4751.0,0
4752.0,0
4753.0,0
4754.0,0
4755.0,0
4756.0,0
4757.0,0
4758.0,0
4759.0,0
4760.0,0
4761.0,0
4762.0,0
4763.0,0
4764.0,0
4765.0,0
4766.0,0
4767.0,0
4768.0,0
4769.0,0
4770.0,0
4771.0,0
4772.0,0
4773.0,0
4774.0,0
4775.0,0
4776.0,0
4777.0,0
4778.0,0
4779.0,0
4780.0,0
4781.0,0
4782.0,0
4783.0,0
4784.0,0
4785.0,0
4786.0,0
4787.0,0
4788.0,0
4789.0,0
4790.0,0
4791.0,0
4792.0,0
4793.0,0
4794.0,0
4795.0,0
4796.0,0
4797.0,0
4798.0,0
4799.0,0
4800.0,0
4801.0,0
4802.0,0
4803.0,0
4804.0,0
4805.0,0
4806.0,0
4807.0,0
4808.0,0
4809.0,0
4810.0,0
4811.0,0
4812.0,0
4813.0,0
4814.0,0
4815.0,0
4816.0,0
4817.0,0
4818.0,0
4819.0,0
4820.0,0
4821.0,0
4822.0,0
4823.0,0
4824.0,0
4825.0,0
4826.0,0
4827.0,0
4828.0,0
4829.0,0
4830.0,0
4831.0,0
4832.0,0
4833.0,0
4834.0,0
4835.0,0
4836.0,0
4837.0,0
4838.0,0
4839.0,0
4840.0,0
4841.0,0
4842.0,0
4843.0,0
4844.0,0
4845.0,0
4846.0,0
4847.0,0
4848.0,0
4849.0,0
4850.0,0
4851.0,0
4852.0,0
4853.0,0
4854.0,0
4855.0,0
4856.0,0
4857.0,0
4858.0,0
4859.0,0
4860.0,0
4861.0,0
4862.0,0
4863.0,0
4864.0,0
4865.0,0
4866.0,0
4867.0,0
4868.0,0
4869.0,0
4870.0,0
4871.0,0
4872.0,0
4873.0,0
4874.0,0
4875.0,0
4876.0,0
4877.0,0
4878.0,0
4879.0,0
4880.0,0
4881.0,0
4882.0,0
4883.0,0
4884.0,0
4885.0,0
4886.0,0
4887.0,0
4888.0,0
4889.0,0
4890.0,0
4891.0,0
4892.0,0
4893.0,0
4894.0,0
4895.0,0
4896.0,0
4897.0,0
4898.0,0
4899.0,0
4900.0,0
4901.0,0
4902.0,0
4903.0,0
4904.0,0
4905.0,0
4906.0,0
4907.0,0
4908.0,0
4909.0,0
4910.0,0
4911.0,0
4912.0,0
4913.0,0
4914.0,0
4915.0,0
4916.0,0
4917.0,0
4918.0,0
4919.0,0
4920.0,0
4921.0,0
4922.0,0
4923.0,0
4924.0,0
4925.0,0
4926.0,0
4927.0,0
4928.0,0
4929.0,0
4930.0,0
4931.0,0
4932.0,0
4933.0,0
4934.0,0
4935.0,0
4936.0,0
4937.0,0
4938.0,0
4939.0,86
4940.0,303
4941.0,256
4942.0,254
4943.0,60
4944.0,1
4945.0,1
4946.0,142
4947.0,207
4948.0,169
4949.0,170
4950.0,113
4951.0,20
4952.0,160
4953.0,103
4954.0,128
4955.0,144
4956.0,145
4957.0,145
4958.0,118
4959.0,110
4960.0,81
4961.0,58
4962.0,59
4963.0,47
4964.0,22
4965.0,57
4966.0,57
4967.0,67
4968.0,52
4969.0,51
4970.0,0
4971.0,0
4972.0,0
4973.0,0
4974.0,0
4975.0,0
4976.0,0
4977.0,55
4978.0,171
4979.0,144
4980.0,154
4981.0,187
4982.0,166
4983.0,157
4984.0,118
4985.0,81
4986.0,71
4987.0,79
4988.0,91
4989.0,41
4990.0,63
4991.0,81
4992.0,74
4993.0,69
4994.0,70
4995.0,39
4996.0,0
4997.0,0
4998.0,0
4999.0,0
5000.0,0
5001.0,0
5002.0,0
5003.0,3
5004.0,65
5005.0,154
5006.0,172
5007.0,185
5008.0,187
5009.0,181
5010.0,184
5011.0,176
5012.0,171
5013.0,192
5014.0,202
5015.0,181
5016.0,230
5017.0,233
5018.0,257
5019.0,297
5020.0,293
5021.0,299
5022.0,288
5023.0,282
5024.0,300
5025.0,301
5026.0,268
5027.0,256
5028.0,261
5029.0,256
5030.0,231
5031.0,225
5032.0,214
5033.0,190
5034.0,202
5035.0,162
5036.0,165
5037.0,170
5038.0,151
5039.0,174
5040.0,163
5041.0,164
5042.0,151
5043.0,139
5044.0,142
5045.0,130
5046.0,154
5047.0,137
5048.0,133
5049.0,135
5050.0,125
5051.0,119
5052.0,109
5053.0,111
5054.0,132
5055.0,151
5056.0,164
5057.0,175
5058.0,176
5059.0,221
5060.0,235
5061.0,209
5062.0,219
5063.0,217
5064.0,232
5065.0,207
5066.0,168
5067.0,153
5068.0,159
5069.0,176
5070.0,174
5071.0,164
5072.0,145
5073.0,178
5074.0,166
5075.0,161
5076.0,168
5077.0,194
5078.0,217
5079.0,215
5080.0,214
5081.0,217
5082.0,230
5083.0,218
5084.0,224
5085.0,225
5086.0,218
5087.0,230
5088.0,217
5089.0,203
5090.0,195
5091.0,181
5092.0,155
5093.0,119
5094.0,136
5095.0,146
5096.0,110
5097.0,94
5098.0,107
5099.0,123
5100.0,141
5101.0,135
5102.0,138
5103.0,165
5104.0,183
5105.0,200
5106.0,198
5107.0,154
5108.0,178
5109.0,219
5110.0,230
5111.0,231
5112.0,221
5113.0,208
5114.0,200
5115.0,193
5116.0,186
5117.0,168
5118.0,179
5119.0,162
5120.0,135
5121.0,134
5122.0,134
5123.0,116
5124.0,102
5125.0,93
5126.0,99
5127.0,83
5128.0,81
5129.0,83
5130.0,85
5131.0,77
5132.0,62
5133.0,60
5134.0,35
5135.0,234
5136.0,83
5137.0,70
5138.0,44
5139.0,8
5140.0,10
5141.0,6
5142.0,0
5143.0,0
5144.0,0
5145.0,5
5146.0,39
5147.0,162
5148.0,160
5149.0,95
5150.0,57
5151.0,59
5152.0,90
5153.0,85
5154.0,89
5155.0,91
5156.0,87
5157.0,72
5158.0,78
5159.0,68
5160.0,61
5161.0,64
5162.0,74
5163.0,89
5164.0,88
5165.0,71
5166.0,51
5167.0,52
5168.0,44
5169.0,36
5170.0,34
5171.0,29
5172.0,40
5173.0,57
5174.0,61
5175.0,81
5176.0,106
5177.0,86
5178.0,71
5179.0,35
5180.0,62
5181.0,57
5182.0,82
5183.0,44
5184.0,7
5185.0,0
5186.0,0
5187.0,0
5188.0,0
5189.0,0
5190.0,0
5191.0,0
5192.0,0
5193.0,0
5194.0,0
5195.0,0
5196.0,0
5197.0,67
5198.0,135
5199.0,117
5200.0,109
5201.0,86
5202.0,78
5203.0,71
5204.0,75
5205.0,89
5206.0,104
5207.0,118
5208.0,125
5209.0,117
5210.0,128
5211.0,122
5212.0,120
5213.0,117
5214.0,115
5215.0,124
5216.0,108
5217.0,130
5218.0,118
5219.0,134
5220.0,154
5221.0,157
5222.0,135
5223.0,92
5224.0,84
5225.0,93
5226.0,91
5227.0,96
5228.0,95
5229.0,92
5230.0,98
5231.0,86
5232.0,73
5233.0,18
5234.0,0
5235.0,0
5236.0,0
5237.0,0
5238.0,12
5239.0,215
5240.0,212
5241.0,183
5242.0,147
5243.0,129
5244.0,125
5245.0,137
5246.0,148
5247.0,152
5248.0,135
5249.0,105
5250.0,79
5251.0,77
5252.0,2
5253.0,2
5254.0,2
5255.0,69
5256.0,66
5257.0,9
5258.0,9
5259.0,68
5260.0,201
5261.0,216
5262.0,179
5263.0,182
5264.0,160
5265.0,163
5266.0,164
5267.0,173
5268.0,171
5269.0,167
5270.0,157
5271.0,156
5272.0,151
5273.0,163
5274.0,132
5275.0,115
5276.0,92
5277.0,98
5278.0,101
5279.0,103
5280.0,100
5281.0,110
5282.0,111
5283.0,128
5284.0,140
5285.0,138
5286.0,145
5287.0,137
5288.0,111
5289.0,92
5290.0,77
5291.0,29
5292.0,0
5293.0,0
5294.0,0
5295.0,0
5296.0,0
5297.0,4
5298.0,85
5299.0,89
5300.0,106
5301.0,91
5302.0,65
5303.0,0
5304.0,0
5305.0,0
5306.0,0
5307.0,0
5308.0,39
5309.0,212
5310.0,211
5311.0,188
5312.0,164
5313.0,166
5314.0,161
5315.0,146
5316.0,124
5317.0,110
5318.0,87
5319.0,93
5320.0,99
5321.0,103
5322.0,95
5323.0,101
5324.0,95
5325.0,103
5326.0,92
5327.0,88
5328.0,113
5329.0,117
5330.0,115
5331.0,124
5332.0,125
5333.0,135
5334.0,134
5335.0,137
5336.0,151
5337.0,133
5338.0,111
5339.0,85
5340.0,72
5341.0,63
5342.0,76
5343.0,79
5344.0,89
5345.0,87
5346.0,71
5347.0,48
5348.0,0
5349.0,0
5350.0,0
5351.0,0
5352.0,0
5353.0,69
5354.0,34
5355.0,3
5356.0,2
5357.0,2
5358.0,0
5359.0,0
5360.0,0
5361.0,0
5362.0,0
5363.0,32
5364.0,215
5365.0,275
5366.0,258
5367.0,237
5368.0,192
5369.0,120
5370.0,100
5371.0,84
5372.0,79
5373.0,84
5374.0,89
5375.0,51
5376.0,113
5377.0,117
5378.0,92
5379.0,102
5380.0,128
5381.0,127
5382.0,121
5383.0,109
5384.0,111
5385.0,109
5386.0,127
5387.0,106
5388.0,117
5389.0,116
5390.0,112
5391.0,119
5392.0,102
5393.0,94
5394.0,116
5395.0,132
5396.0,134
5397.0,116
5398.0,102
5399.0,94
5400.0,95
5401.0,132
5402.0,138
5403.0,153
5404.0,212
5405.0,245
5406.0,218
5407.0,180
5408.0,184
5409.0,133
5410.0,0
5411.0,0
5412.0,0
5413.0,0
5414.0,0
5415.0,44
5416.0,180
5417.0,207
5418.0,178
5419.0,126
5420.0,128
5421.0,99
5422.0,96
5423.0,104
5424.0,103
5425.0,102
5426.0,99
5427.0,92
5428.0,87
5429.0,94
5430.0,79
5431.0,74
5432.0,97
5433.0,108
5434.0,117
5435.0,130
5436.0,153
5437.0,158
5438.0,161
5439.0,162
5440.0,129
5441.0,118
5442.0,107
5443.0,93
5444.0,65
5445.0,63
5446.0,62
5447.0,56
5448.0,0
5449.0,0
5450.0,0
5451.0,0
5452.0,0
5453.0,0
5454.0,0
5455.0,0
5456.0,0
5457.0,0
5458.0,150
5459.0,102
5460.0,83
5461.0,105
5462.0,99
5463.0,86
5464.0,70
5465.0,62
5466.0,63
5467.0,65
5468.0,69
5469.0,61
5470.0,46
5471.0,1
5472.0,0
5473.0,0
5474.0,0
5475.0,0
5476.0,0
5477.0,0
5478.0,0
5479.0,0
5480.0,0
5481.0,0
5482.0,0
5483.0,0
5484.0,0
5485.0,0
5486.0,0
5487.0,0
5488.0,37
5489.0,113
5490.0,263
5491.0,291
5492.0,289
5493.0,263
5494.0,245
5495.0,245
5496.0,211
5497.0,225
5498.0,197
5499.0,204
5500.0,187
5501.0,192
5502.0,205
5503.0,191
5504.0,169
5505.0,178
5506.0,164
5507.0,187
5508.0,200
5509.0,196
5510.0,182
5511.0,172
5512.0,155
5513.0,146
5514.0,127
5515.0,105
5516.0,135
5517.0,131
5518.0,84
5519.0,75
5520.0,99
5521.0,121
5522.0,127
5523.0,118
5524.0,153
5525.0,149
5526.0,190
5527.0,191
5528.0,180
5529.0,169
5530.0,171
5531.0,184
5532.0,110
5533.0,127
5534.0,155
5535.0,108
5536.0,119
5537.0,135
5538.0,138
5539.0,153
5540.0,134
5541.0,116
5542.0,104
5543.0,143
5544.0,161
5545.0,174
5546.0,192
5547.0,202
5548.0,200
5549.0,201
5550.0,226
5551.0,217
5552.0,197
5553.0,201
5554.0,196
5555.0,209
5556.0,205
5557.0,201
5558.0,198
5559.0,123
5560.0,180
5561.0,265
5562.0,238
5563.0,183
5564.0,179
5565.0,220
5566.0,236
5567.0,250
5568.0,239
5569.0,237
5570.0,237
5571.0,240
5572.0,278
5573.0,279
5574.0,257
5575.0,232
5576.0,236
5577.0,222
5578.0,199
5579.0,234
5580.0,238
5581.0,237
5582.0,228
5583.0,233
5584.0,215
5585.0,201
5586.0,194
5587.0,179
5588.0,165
5589.0,168
5590.0,186
5591.0,185
5592.0,177
5593.0,203
5594.0,207
5595.0,225
5596.0,222
5597.0,210
5598.0,203
5599.0,200
5600.0,208
5601.0,207
5602.0,186
5603.0,173
5604.0,139
5605.0,113
5606.0,152
5607.0,142
5608.0,146
5609.0,105
5610.0,99
5611.0,114
5612.0,107
5613.0,140
5614.0,111
5615.0,117
5616.0,122
5617.0,116
5618.0,140
5619.0,123
5620.0,137
5621.0,132
5622.0,144
5623.0,86
5624.0,28
5625.0,0
5626.0,0
5627.0,0
5628.0,339
5629.0,302
5630.0,208
5631.0,133
5632.0,120
5633.0,129
5634.0,137
5635.0,186
5636.0,175
5637.0,184
5638.0,205
5639.0,208
5640.0,115
5641.0,107
5642.0,155
5643.0,171
5644.0,160
5645.0,89
5646.0,114
5647.0,122
5648.0,127
5649.0,110
5650.0,98
5651.0,76
5652.0,90
5653.0,103
5654.0,102
5655.0,86
5656.0,85
5657.0,90
5658.0,96
5659.0,106
5660.0,134
5661.0,126
5662.0,92
5663.0,85
5664.0,90
5665.0,129
5666.0,141
5667.0,139
5668.0,144
5669.0,133
5670.0,109
5671.0,99
5672.0,62
5673.0,91
5674.0,142
5675.0,123
5676.0,123
5677.0,111
5678.0,121
5679.0,133
5680.0,126
5681.0,126
5682.0,131
5683.0,143
5684.0,179
5685.0,191
5686.0,154
5687.0,176
5688.0,210
5689.0,206
5690.0,237
5691.0,240
5692.0,229
5693.0,174
5694.0,139
5695.0,126
5696.0,118
5697.0,147
5698.0,170
5699.0,177
5700.0,193
5701.0,192
5702.0,169
5703.0,162
5704.0,186
5705.0,169
5706.0,171
5707.0,172
5708.0,164
5709.0,167
5710.0,169
5711.0,166
5712.0,169
5713.0,204
5714.0,202
5715.0,179
5716.0,163
5717.0,163
5718.0,204
5719.0,228
5720.0,193
5721.0,158
5722.0,195
5723.0,236
5724.0,242
5725.0,271
5726.0,249
5727.0,237
5728.0,189
5729.0,200
5730.0,230
5731.0,227
5732.0,146
5733.0,109
5734.0,197
5735.0,184
5736.0,170
5737.0,153
5738.0,144
5739.0,135
5740.0,121
5741.0,114
5742.0,73
5743.0,118
5744.0,137
5745.0,144
5746.0,199
5747.0,189
5748.0,169
5749.0,173
5750.0,168
5751.0,142
5752.0,129
5753.0,125
5754.0,178
5755.0,157
5756.0,168
5757.0,137
5758.0,170
5759.0,185
5760.0,197
5761.0,174
5762.0,166
5763.0,159
5764.0,182
5765.0,191
5766.0,202
5767.0,183
5768.0,154
5769.0,164
5770.0,191
5771.0,206
5772.0,169
5773.0,179
5774.0,172
5775.0,148
5776.0,168
5777.0,181
5778.0,173
5779.0,170
5780.0,161
5781.0,135
5782.0,151
5783.0,173
5784.0,185
5785.0,180
5786.0,180
5787.0,165
5788.0,158
5789.0,145
5790.0,156
5791.0,172
5792.0,175
5793.0,197
5794.0,191
5795.0,178
5796.0,196
5797.0,194
5798.0,225
5799.0,222
5800.0,199
5801.0,207
5802.0,203
5803.0,195
5804.0,194
5805.0,190
5806.0,192
5807.0,162
5808.0,138
5809.0,133
5810.0,152
5811.0,183
5812.0,168
5813.0,162
5814.0,151
5815.0,157
5816.0,168
5817.0,185
5818.0,173
5819.0,165
5820.0,187
5821.0,202
5822.0,199
5823.0,191
5824.0,186
5825.0,173
5826.0,180
5827.0,174
5828.0,185
5829.0,206
5830.0,209
5831.0,193
5832.0,153
5833.0,126
5834.0,134
5835.0,130
5836.0,136
5837.0,155
5838.0,115
5839.0,121
5840.0,129
5841.0,128
5842.0,150
5843.0,155
5844.0,147
5845.0,156
5846.0,164
5847.0,156
5848.0,125
5849.0,79
5850.0,112
5851.0,145
5852.0,159
5853.0,172
5854.0,149
5855.0,142
5856.0,167
5857.0,161
5858.0,176
5859.0,187
5860.0,177
5861.0,161
5862.0,146
5863.0,96
5864.0,70
5865.0,36
5866.0,0
5867.0,0
5868.0,0
5869.0,0
5870.0,0
5871.0,0
5872.0,0
5873.0,0
5874.0,0
5875.0,0
5876.0,0
5877.0,166
5878.0,139
5879.0,137
5880.0,130
5881.0,125
5882.0,117
5883.0,126
5884.0,162
5885.0,190
5886.0,197
5887.0,203
5888.0,191
5889.0,211
5890.0,208
5891.0,179
5892.0,146
5893.0,148
5894.0,153
5895.0,128
5896.0,123
5897.0,101
5898.0,98
5899.0,77
5900.0,77
5901.0,85
5902.0,63
5903.0,0
5904.0,0
5905.0,0
5906.0,132
5907.0,252
5908.0,171
5909.0,211
5910.0,225
5911.0,208
5912.0,179
5913.0,161
5914.0,154
5915.0,167
5916.0,191
5917.0,124
5918.0,74
5919.0,95
5920.0,142
5921.0,204
5922.0,249
5923.0,176
5924.0,174
5925.0,198
5926.0,214
5927.0,202
5928.0,215
5929.0,223
5930.0,231
5931.0,207
5932.0,225
5933.0,211
5934.0,191
5935.0,206
5936.0,218
5937.0,144
5938.0,259
5939.0,296
5940.0,307
5941.0,276
5942.0,272
5943.0,264
5944.0,251
5945.0,252
5946.0,232
5947.0,239
5948.0,236
5949.0,226
5950.0,222
5951.0,219
5952.0,198
5953.0,194
5954.0,197
5955.0,194
5956.0,202
5957.0,199
5958.0,204
5959.0,200
5960.0,222
5961.0,240
5962.0,216
5963.0,209
5964.0,230
5965.0,227
5966.0,206
5967.0,190
5968.0,194
5969.0,212
5970.0,180
5971.0,161
5972.0,132
5973.0,167
5974.0,195
5975.0,156
5976.0,154
5977.0,227
5978.0,187
5979.0,152
5980.0,263
5981.0,234
5982.0,213
5983.0,188
5984.0,182
5985.0,177
5986.0,191
5987.0,174
5988.0,212
5989.0,228
5990.0,200
5991.0,189
5992.0,205
5993.0,209
5994.0,199
5995.0,187
5996.0,188
5997.0,193
5998.0,193
5999.0,205
6000.0,207
6001.0,222
6002.0,232
6003.0,201
6004.0,206
6005.0,238
6006.0,197
6007.0,210
6008.0,230
6009.0,226
6010.0,225
6011.0,228
6012.0,236
6013.0,203
6014.0,212
6015.0,213
6016.0,213
6017.0,226
6018.0,228
6019.0,231
6020.0,223
6021.0,199
6022.0,211
6023.0,216
6024.0,231
6025.0,255
6026.0,242
6027.0,214
6028.0,240
6029.0,238
6030.0,248
6031.0,241
6032.0,246
6033.0,252
6034.0,227
6035.0,200
6036.0,188
6037.0,201
6038.0,214
6039.0,235
6040.0,226
6041.0,216
6042.0,225
6043.0,214
6044.0,215
6045.0,217
6046.0,210
6047.0,196
6048.0,200
6049.0,190
6050.0,211
6051.0,213
6052.0,207
6053.0,221
6054.0,218
6055.0,218
6056.0,204
6057.0,211
6058.0,216
6059.0,221
6060.0,226
6061.0,245
6062.0,265
6063.0,239
6064.0,267
6065.0,253
6066.0,232
6067.0,237
6068.0,229
6069.0,216
6070.0,208
6071.0,218
6072.0,217
6073.0,183
6074.0,216
6075.0,225
6076.0,228
6077.0,236
6078.0,224
6079.0,222
6080.0,235
6081.0,224
6082.0,243
6083.0,286
6084.0,276
6085.0,221
6086.0,188
6087.0,211
6088.0,192
6089.0,221
6090.0,219
6091.0,232
6092.0,245
6093.0,242
6094.0,227
6095.0,217
6096.0,222
6097.0,214
6098.0,218
6099.0,217
6100.0,202
6101.0,200
6102.0,200
6103.0,233
6104.0,243
6105.0,214
6106.0,201
6107.0,221
6108.0,223
6109.0,214
6110.0,218
6111.0,220
6112.0,223
6113.0,216
6114.0,210
6115.0,214
6116.0,190
6117.0,204
6118.0,193
6119.0,201
6120.0,232
6121.0,215
6122.0,208
6123.0,194
6124.0,196
6125.0,207
6126.0,195
6127.0,179
6128.0,154
6129.0,183
6130.0,214
6131.0,165
6132.0,127
6133.0,94
6134.0,95
6135.0,134
6136.0,204
6137.0,198
6138.0,142
6139.0,133
6140.0,171
6141.0,167
6142.0,184
6143.0,189
6144.0,229
6145.0,202
6146.0,228
6147.0,254
6148.0,227
6149.0,215
6150.0,196
6151.0,211
6152.0,179
6153.0,168
6154.0,202
6155.0,214
6156.0,196
6157.0,196
6158.0,207
6159.0,211
6160.0,179
6161.0,165
6162.0,191
6163.0,187
6164.0,205
6165.0,209
6166.0,213
6167.0,209
6168.0,200
6169.0,202
6170.0,181
6171.0,196
6172.0,194
6173.0,190
6174.0,199
6175.0,177
6176.0,185
6177.0,189
6178.0,167
6179.0,151
6180.0,169
6181.0,154
6182.0,167
6183.0,169
6184.0,161
6185.0,147
6186.0,157
6187.0,164
6188.0,172
6189.0,188
6190.0,164
6191.0,144
6192.0,14
6193.0,4
6194.0,4
6195.0,262
6196.0,225
6197.0,221
6198.0,201
6199.0,215
6200.0,215
6201.0,207
6202.0,201
6203.0,194
6204.0,177
6205.0,121
6206.0,97
6207.0,106
6208.0,116
6209.0,100
6210.0,110
6211.0,31
6212.0,0
6213.0,0
6214.0,0
6215.0,0
6216.0,0
6217.0,0
6218.0,36
6219.0,13
6220.0,0
6221.0,0
6222.0,0
6223.0,0
6224.0,0
6225.0,0
6226.0,0
6227.0,0
6228.0,0
6229.0,0
6230.0,0
6231.0,0
6232.0,0
6233.0,0
6234.0,0
6235.0,12
6236.0,93
6237.0,21
6238.0,0
6239.0,0
6240.0,0
6241.0,0
6242.0,0
6243.0,0
6244.0,0
6245.0,0
6246.0,0
6247.0,0
6248.0,0
6249.0,0
6250.0,0
6251.0,0
6252.0,0
6253.0,0
6254.0,0
6255.0,0
6256.0,0
6257.0,0
6258.0,0
6259.0,0
6260.0,0
6261.0,0
6262.0,0
6263.0,0
6264.0,0
6265.0,0
6266.0,0
6267.0,0
6268.0,0
6269.0,0
6270.0,0
6271.0,0
6272.0,0
6273.0,0
6274.0,0
6275.0,0
6276.0,0
6277.0,0
6278.0,0
6279.0,0
6280.0,0
6281.0,0
6282.0,0
6283.0,0
6284.0,0
6285.0,0
6286.0,0
6287.0,0
6288.0,0
6289.0,0
6290.0,0
6291.0,0
6292.0,0
6293.0,0
6294.0,0
6295.0,0
6296.0,0
6297.0,0
6298.0,0
6299.0,0
6300.0,0
6301.0,0
6302.0,0
6303.0,0
6304.0,0
6305.0,0
6306.0,0
6307.0,0
6308.0,0
6309.0,0
6310.0,0
6311.0,0
6312.0,0
6313.0,0
6314.0,0
6315.0,0
6316.0,0
6317.0,0
6318.0,0
6319.0,0
6320.0,0
6321.0,0
6322.0,0
6323.0,0
6324.0,0
6325.0,0
6326.0,0
6327.0,0
6328.0,0
6329.0,0
6330.0,0
6331.0,0
6332.0,0
6333.0,0
6334.0,0
6335.0,0
6336.0,0
6337.0,0
6338.0,0
6339.0,0
6340.0,0
6341.0,0
6342.0,0
6343.0,0
6344.0,0
6345.0,0
6346.0,0
6347.0,0
6348.0,0
6349.0,0
6350.0,0
6351.0,0
6352.0,0
6353.0,0
6354.0,0
6355.0,0
6356.0,0
6357.0,0
6358.0,49
6359.0,12
6360.0,22
6361.0,99
6362.0,9
6363.0,0
6364.0,0
6365.0,0
6366.0,0
6367.0,0
6368.0,0
6369.0,0
6370.0,0
6371.0,0
6372.0,0
6373.0,0
6374.0,0
6375.0,0
6376.0,0
6377.0,0
6378.0,0
6379.0,0
6380.0,0
6381.0,0
6382.0,28
6383.0,176
6384.0,167
6385.0,117
6386.0,35
6387.0,0
6388.0,0
6389.0,0
6390.0,0
6391.0,0
6392.0,0
6393.0,0
6394.0,0
6395.0,0
6396.0,0
6397.0,0
6398.0,0
6399.0,0
6400.0,0
6401.0,0
6402.0,0
6403.0,0
6404.0,0
6405.0,0
6406.0,0
6407.0,0
6408.0,0
6409.0,0
6410.0,0
6411.0,0
6412.0,0
6413.0,0
6414.0,0
6415.0,0
6416.0,0
6417.0,0
6418.0,0
6419.0,0
6420.0,0
6421.0,0
6422.0,0
6423.0,0
6424.0,0
6425.0,0
6426.0,0
6427.0,0
6428.0,0
6429.0,0
6430.0,0
6431.0,0
6432.0,0
6433.0,0
6434.0,0
6435.0,0
6436.0,0
6437.0,0
6438.0,0
6439.0,0
6440.0,0
6441.0,0
6442.0,0
6443.0,0
6444.0,0
6445.0,0
6446.0,0
6447.0,0
6448.0,0
6449.0,0
6450.0,0
6451.0,0
6452.0,0
6453.0,0
6454.0,0
6455.0,0
6456.0,0
6457.0,0
6458.0,0
6459.0,0
6460.0,0
6461.0,0
6462.0,0
6463.0,0
6464.0,0
6465.0,0
6466.0,0
6467.0,0
6468.0,0
6469.0,0
6470.0,0
6471.0,0
6472.0,0
6473.0,0
6474.0,0
6475.0,0
6476.0,0
6477.0,0
6478.0,0
6479.0,0
6480.0,0
6481.0,0
6482.0,0
6483.0,0
6484.0,0
6485.0,0
6486.0,0
6487.0,0
6488.0,0
6489.0,0
6490.0,0
6491.0,0
6492.0,0
6493.0,0
6494.0,0
6495.0,0
6496.0,0
6497.0,0
6498.0,0
6499.0,0
6500.0,0
6501.0,0
6502.0,0
6503.0,0
6504.0,0
6505.0,0
6506.0,0
6507.0,0
6508.0,0
6509.0,0
6510.0,0
6511.0,110
6512.0,302
6513.0,369
6514.0,377
6515.0,408
6516.0,462
6517.0,474
6518.0,486
6519.0,394
6520.0,279
6521.0,275
6522.0,300
6523.0,268
6524.0,271
6525.0,291
6526.0,296
6527.0,314
6528.0,263
6529.0,232
6530.0,217
6531.0,242
6532.0,173
6533.0,110
6534.0,72
6535.0,49
6536.0,53
6537.0,186
6538.0,310
6539.0,182
6540.0,170
6541.0,215
6542.0,224
6543.0,208
6544.0,219
6545.0,248
6546.0,265
6547.0,256
6548.0,275
6549.0,297
6550.0,282
6551.0,267
6552.0,235
6553.0,249
6554.0,248
6555.0,239
6556.0,255
6557.0,237
6558.0,111
6559.0,228
6560.0,297
6561.0,259
6562.0,257
6563.0,256
6564.0,227
6565.0,207
6566.0,226
6567.0,252
6568.0,248
6569.0,151
6570.0,68
6571.0,79
6572.0,111
6573.0,80
6574.0,101
6575.0,117
6576.0,171
6577.0,207
6578.0,249
6579.0,222
6580.0,266
6581.0,251
6582.0,219
6583.0,196
6584.0,204
6585.0,185
6586.0,168
6587.0,174
6588.0,182
6589.0,187
6590.0,151
6591.0,113
6592.0,13
6593.0,174
6594.0,339
6595.0,274
6596.0,278
6597.0,340
6598.0,410
6599.0,386
6600.0,347
6601.0,317
6602.0,285
6603.0,263
6604.0,279
6605.0,305
6606.0,305
6607.0,285
6608.0,286
6609.0,255
6610.0,265
6611.0,346
6612.0,339
6613.0,292
6614.0,253
6615.0,288
6616.0,289
6617.0,306
6618.0,298
6619.0,270
6620.0,273
6621.0,292
6622.0,299
6623.0,313
6624.0,318
6625.0,295
6626.0,276
6627.0,301
6628.0,294
6629.0,311
6630.0,308
6631.0,308
6632.0,328
6633.0,311
6634.0,326
6635.0,297
6636.0,297
6637.0,303
6638.0,312
6639.0,282
6640.0,307
6641.0,306
6642.0,326
6643.0,338
6644.0,272
6645.0,277
6646.0,307
6647.0,318
6648.0,323
6649.0,309
6650.0,310
6651.0,281
6652.0,220
6653.0,192
6654.0,221
6655.0,256
6656.0,251
6657.0,258
6658.0,253
6659.0,252
6660.0,245
6661.0,219
6662.0,172
6663.0,182
6664.0,255
6665.0,350
6666.0,325
6667.0,326
6668.0,332
6669.0,303
6670.0,208
6671.0,176
6672.0,252
6673.0,185
6674.0,152
6675.0,187
6676.0,176
6677.0,182
6678.0,179
6679.0,171
6680.0,167
6681.0,133
6682.0,187
6683.0,248
6684.0,297
6685.0,344
6686.0,357
6687.0,387
6688.0,341
6689.0,252
6690.0,266
6691.0,300
6692.0,259
6693.0,265
6694.0,265
6695.0,232
6696.0,178
6697.0,245
6698.0,267
6699.0,336
6700.0,258
6701.0,212
6702.0,200
6703.0,152
6704.0,102
6705.0,105
6706.0,174
6707.0,257
6708.0,270
6709.0,240
6710.0,241
6711.0,252
6712.0,231
6713.0,147
6714.0,146
6715.0,169
6716.0,149
6717.0,160
6718.0,181
6719.0,197
6720.0,192
6721.0,183
6722.0,186
6723.0,229
6724.0,237
6725.0,257
6726.0,271
6727.0,238
6728.0,209
6729.0,178
6730.0,154
6731.0,152
6732.0,208
6733.0,202
6734.0,183
6735.0,169
6736.0,214
6737.0,236
6738.0,285
6739.0,274
6740.0,296
6741.0,296
6742.0,309
6743.0,272
6744.0,200
6745.0,114
6746.0,182
6747.0,200
6748.0,209
6749.0,193
6750.0,196
6751.0,188
6752.0,170
6753.0,151
6754.0,152
6755.0,193
6756.0,138
6757.0,116
6758.0,135
6759.0,208
6760.0,225
6761.0,158
6762.0,141
6763.0,108
6764.0,73
6765.0,64
6766.0,119
6767.0,120
6768.0,94
6769.0,120
6770.0,141
6771.0,121
6772.0,100
6773.0,150
6774.0,134
6775.0,100
6776.0,103
6777.0,148
6778.0,174
6779.0,223
6780.0,210
6781.0,161
6782.0,167
6783.0,194
6784.0,208
6785.0,204
6786.0,153
6787.0,90
6788.0,148
6789.0,205
6790.0,131
6791.0,132
6792.0,153
6793.0,173
6794.0,175
6795.0,213
6796.0,147
6797.0,128
6798.0,162
6799.0,164
6800.0,170
6801.0,164
6802.0,151
6803.0,178
6804.0,197
6805.0,202
6806.0,157
6807.0,149
6808.0,151
6809.0,160
6810.0,198
6811.0,130
6812.0,132
6813.0,228
6814.0,274
6815.0,258
6816.0,221
6817.0,248
6818.0,318
6819.0,313
6820.0,310
6821.0,321
6822.0,309
6823.0,294
6824.0,282
6825.0,278
6826.0,289
6827.0,287
6828.0,271
6829.0,274
6830.0,315
6831.0,336
6832.0,304
6833.0,366
6834.0,303
6835.0,309
6836.0,301
6837.0,278
6838.0,269
6839.0,279
6840.0,297
6841.0,294
6842.0,295
6843.0,292
6844.0,295
6845.0,277
6846.0,292
6847.0,330
6848.0,310
6849.0,289
6850.0,287
6851.0,295
6852.0,294
6853.0,290
6854.0,275
6855.0,298
6856.0,309
6857.0,338
6858.0,340
6859.0,334
6860.0,332
6861.0,309
6862.0,273
6863.0,270
6864.0,271
6865.0,275
6866.0,273
6867.0,318
6868.0,312
6869.0,273
6870.0,267
6871.0,266
6872.0,253
6873.0,290
6874.0,265
6875.0,274
6876.0,251
6877.0,238
6878.0,238
6879.0,273
6880.0,275
6881.0,254
6882.0,269
6883.0,253
6884.0,283
6885.0,290
6886.0,282
6887.0,282
6888.0,284
6889.0,290
6890.0,274
6891.0,281
6892.0,291
6893.0,290
6894.0,297
6895.0,292
6896.0,265
6897.0,229
6898.0,193
6899.0,103
6900.0,0
6901.0,0
6902.0,0
6903.0,0
6904.0,0
6905.0,0
6906.0,0
6907.0,0
6908.0,0
6909.0,0
6910.0,45
6911.0,24
6912.0,19
6913.0,75
6914.0,264
6915.0,405
6916.0,403
6917.0,352
6918.0,298
6919.0,305
6920.0,304
6921.0,250
6922.0,289
6923.0,304
6924.0,303
6925.0,310
6926.0,313
6927.0,319
6928.0,320
6929.0,290
6930.0,308
6931.0,292
6932.0,280
6933.0,280
6934.0,272
6935.0,292
6936.0,296
6937.0,299
6938.0,291
6939.0,267
6940.0,295
6941.0,309
6942.0,327
6943.0,305
6944.0,285
6945.0,256
6946.0,274
6947.0,287
6948.0,309
6949.0,302
6950.0,301
6951.0,281
6952.0,261
6953.0,271
6954.0,272
6955.0,253
6956.0,242
6957.0,319
6958.0,311
6959.0,296
6960.0,297
6961.0,217
6962.0,0
6963.0,0
6964.0,0
6965.0,0
6966.0,0
6967.0,0
6968.0,0
6969.0,131
6970.0,279
6971.0,313
6972.0,278
6973.0,266
6974.0,257
6975.0,248
6976.0,244
6977.0,261
6978.0,231
6979.0,228
6980.0,241
6981.0,207
6982.0,215
6983.0,201
6984.0,230
6985.0,204
6986.0,92
6987.0,0
6988.0,0
6989.0,0
6990.0,0
6991.0,0
6992.0,0
6993.0,0
6994.0,240
6995.0,362
6996.0,327
6997.0,215
6998.0,188
6999.0,157
7000.0,266
7001.0,369
7002.0,362
7003.0,339
7004.0,328
7005.0,298
7006.0,264
7007.0,261
7008.0,258
7009.0,261
7010.0,277
7011.0,298
7012.0,278
7013.0,260
7014.0,282
7015.0,251
7016.0,246
7017.0,250
7018.0,245
7019.0,227
7020.0,254
7021.0,283
7022.0,306
7023.0,311
7024.0,270
7025.0,235
7026.0,241
7027.0,288
7028.0,296
7029.0,257
7030.0,286
7031.0,304
7032.0,310
7033.0,291
7034.0,285
7035.0,297
7036.0,294
7037.0,290
7038.0,274
7039.0,272
7040.0,255
7041.0,248
7042.0,231
7043.0,236
7044.0,228
7045.0,231
7046.0,256
7047.0,144
7048.0,0
7049.0,0
7050.0,0
7051.0,0
7052.0,0
7053.0,0
7054.0,154
7055.0,200
7056.0,189
7057.0,317
7058.0,410
7059.0,492
7060.0,497
7061.0,434
7062.0,434
7063.0,407
7064.0,400
7065.0,392
7066.0,336
7067.0,337
7068.0,311
7069.0,250
7070.0,180
7071.0,31
7072.0,0
7073.0,0
7074.0,0
7075.0,0
7076.0,0
7077.0,92
7078.0,125
7079.0,111
7080.0,114
7081.0,57
7082.0,179
7083.0,395
7084.0,381
7085.0,410
7086.0,384
7087.0,375
7088.0,387
7089.0,374
7090.0,367
7091.0,347
7092.0,332
7093.0,317
7094.0,326
7095.0,328
7096.0,305
7097.0,297
7098.0,297
7099.0,287
7100.0,270
7101.0,274
7102.0,294
7103.0,295
7104.0,286
7105.0,274
7106.0,282
7107.0,264
7108.0,266
7109.0,285
7110.0,277
7111.0,281
7112.0,276
7113.0,282
7114.0,289
7115.0,283
7116.0,257
7117.0,272
7118.0,299
7119.0,295
7120.0,291
7121.0,271
7122.0,278
7123.0,286
7124.0,294
7125.0,254
7126.0,266
7127.0,317
7128.0,308
7129.0,304
7130.0,295
7131.0,306
7132.0,299
7133.0,268
7134.0,295
7135.0,265
7136.0,264
7137.0,292
7138.0,278
7139.0,313
7140.0,311
7141.0,298
7142.0,298
7143.0,281
7144.0,272
7145.0,251
7146.0,247
7147.0,265
7148.0,258
7149.0,270
7150.0,275
7151.0,281
7152.0,295
7153.0,287
7154.0,279
7155.0,274
7156.0,272
7157.0,274
7158.0,293
7159.0,287
7160.0,277
7161.0,294
7162.0,303
7163.0,306
7164.0,330
7165.0,309
7166.0,332
7167.0,326
7168.0,307
7169.0,313
7170.0,306
7171.0,310
7172.0,315
7173.0,289
7174.0,261
7175.0,258
7176.0,256
7177.0,302
7178.0,290
7179.0,277
7180.0,265
7181.0,250
7182.0,282
7183.0,266
7184.0,254
7185.0,254
7186.0,286
7187.0,283
7188.0,293
7189.0,272
7190.0,313
7191.0,316
7192.0,297
7193.0,271
7194.0,265
7195.0,276
7196.0,268
7197.0,268
7198.0,293
7199.0,293
7200.0,325
7201.0,307
7202.0,290
7203.0,281
7204.0,291
7205.0,274
7206.0,288
7207.0,294
7208.0,290
7209.0,293
7210.0,291
7211.0,278
7212.0,341
7213.0,325
7214.0,312
7215.0,303
7216.0,277
7217.0,294
7218.0,288
7219.0,300
7220.0,300
7221.0,288
7222.0,265
7223.0,259
7224.0,259
7225.0,251
7226.0,241
7227.0,240
7228.0,256
7229.0,269
7230.0,318
7231.0,302
7232.0,292
7233.0,287
7234.0,308
7235.0,290
7236.0,305
7237.0,268
7238.0,220
7239.0,188
7240.0,19
7241.0,55
7242.0,55
7243.0,57
7244.0,124
7245.0,108
7246.0,88
7247.0,0
7248.0,0
7249.0,0
7250.0,0
7251.0,33
7252.0,304
7253.0,286
7254.0,291
7255.0,146
7256.0,0
7257.0,0
7258.0,0
7259.0,0
7260.0,163
7261.0,275
7262.0,408
7263.0,488
7264.0,412
7265.0,379
7266.0,354
7267.0,334
7268.0,352
7269.0,324
7270.0,293
7271.0,294
7272.0,286
7273.0,329
7274.0,308
7275.0,303
7276.0,320
7277.0,289
7278.0,301
7279.0,279
7280.0,266
7281.0,267
7282.0,275
7283.0,306
7284.0,300
7285.0,300
7286.0,307
7287.0,308
7288.0,287
7289.0,287
7290.0,288
7291.0,290
7292.0,279
7293.0,254
7294.0,260
7295.0,287
7296.0,304
7297.0,320
7298.0,303
7299.0,297
7300.0,314
7301.0,317
7302.0,292
7303.0,297
7304.0,302
7305.0,307
7306.0,272
7307.0,254
7308.0,264
7309.0,252
7310.0,260
7311.0,258
7312.0,260
7313.0,236
7314.0,237
7315.0,225
7316.0,171
7317.0,191
7318.0,181
7319.0,180
7320.0,194
7321.0,204
7322.0,79
7323.0,0
7324.0,0
7325.0,0
7326.0,0
7327.0,0
7328.0,0
7329.0,20
7330.0,238
7331.0,257
7332.0,317
7333.0,306
7334.0,284
7335.0,359
7336.0,378
7337.0,324
7338.0,306
7339.0,301
7340.0,314
7341.0,291
7342.0,299
7343.0,326
7344.0,324
7345.0,302
7346.0,302
7347.0,336
7348.0,326
7349.0,295
7350.0,302
7351.0,274
7352.0,291
7353.0,273
7354.0,269
7355.0,288
7356.0,271
7357.0,286
7358.0,320
7359.0,309
7360.0,279
7361.0,300
7362.0,306
7363.0,296
7364.0,279
7365.0,286
7366.0,268
7367.0,264
7368.0,274
7369.0,279
7370.0,309
7371.0,278
7372.0,274
7373.0,287
7374.0,297
7375.0,323
7376.0,321
7377.0,306
7378.0,298
7379.0,310
7380.0,326
7381.0,316
7382.0,307
7383.0,294
7384.0,312
7385.0,315
7386.0,323
7387.0,317
7388.0,312
7389.0,324
7390.0,292
7391.0,282
7392.0,284
7393.0,273
7394.0,290
7395.0,292
7396.0,279
7397.0,281
7398.0,293
7399.0,302
7400.0,290
7401.0,295
7402.0,296
7403.0,297
7404.0,289
7405.0,297
7406.0,277
7407.0,276
7408.0,283
7409.0,331
7410.0,322
7411.0,311
7412.0,298
7413.0,295
7414.0,300
7415.0,303
7416.0,337
7417.0,326
7418.0,303
7419.0,294
7420.0,308
7421.0,296
7422.0,304
7423.0,300
7424.0,286
7425.0,286
7426.0,282
7427.0,289
7428.0,310
7429.0,307
7430.0,314
7431.0,292
7432.0,297
7433.0,309
7434.0,297
7435.0,277
7436.0,257
7437.0,263
7438.0,284
7439.0,273
7440.0,263
7441.0,256
7442.0,269
7443.0,301
7444.0,307
7445.0,286
7446.0,291
7447.0,277
7448.0,240
7449.0,193
7450.0,186
7451.0,179
7452.0,165
7453.0,152
7454.0,97
7455.0,130
7456.0,147
7457.0,95
7458.0,75
7459.0,94
7460.0,128
7461.0,164
7462.0,274
7463.0,379
7464.0,469
7465.0,466
7466.0,352
7467.0,326
7468.0,331
7469.0,291
7470.0,316
7471.0,306
7472.0,280
7473.0,268
7474.0,274
7475.0,288
7476.0,300
7477.0,289
7478.0,319
7479.0,319
7480.0,284
7481.0,247
7482.0,277
7483.0,289
7484.0,298
7485.0,303
7486.0,270
7487.0,268
7488.0,290
7489.0,281
7490.0,243
7491.0,285
7492.0,288
7493.0,288
7494.0,287
7495.0,289
7496.0,287
7497.0,306
7498.0,304
7499.0,283
7500.0,285
7501.0,316
7502.0,318
7503.0,294
7504.0,292
7505.0,276
7506.0,292
7507.0,303
7508.0,326
7509.0,323
7510.0,311
7511.0,302
7512.0,304
7513.0,303
7514.0,306
7515.0,320
7516.0,325
7517.0,298
7518.0,316
7519.0,357
7520.0,293
7521.0,269
7522.0,249
7523.0,302
7524.0,303
7525.0,285
7526.0,296
7527.0,279
7528.0,309
7529.0,290
7530.0,299
7531.0,305
7532.0,307
7533.0,338
7534.0,326
7535.0,300
7536.0,292
7537.0,278
7538.0,295
7539.0,308
7540.0,289
7541.0,312
7542.0,290
7543.0,285
7544.0,290
7545.0,321
7546.0,300
7547.0,297
7548.0,305
7549.0,290
7550.0,287
7551.0,297
7552.0,305
7553.0,284
7554.0,290
7555.0,295
7556.0,318
7557.0,305
7558.0,329
7559.0,309
7560.0,310
7561.0,292
7562.0,291
7563.0,302
7564.0,280
7565.0,306
7566.0,265
7567.0,264
7568.0,269
7569.0,274
7570.0,266
7571.0,278
7572.0,329
7573.0,344
7574.0,345
7575.0,318
7576.0,307
7577.0,294
7578.0,270
7579.0,307
7580.0,235
7581.0,233
7582.0,220
7583.0,179
7584.0,219
7585.0,268
7586.0,251
7587.0,167
7588.0,22
7589.0,0
7590.0,0
7591.0,0
7592.0,0
7593.0,0
7594.0,0
7595.0,151
7596.0,221
7597.0,285
7598.0,318
7599.0,323
7600.0,142
7601.0,4
7602.0,4
7603.0,84
7604.0,344
7605.0,257
7606.0,84
7607.0,40
7608.0,192
7609.0,314
7610.0,244
7611.0,194
7612.0,106
7613.0,30
7614.0,0
7615.0,0
7616.0,0
7617.0,0
7618.0,0
7619.0,0
7620.0,0
7621.0,143
7622.0,172
7623.0,168
7624.0,259
7625.0,250
7626.0,214
7627.0,207
7628.0,263
7629.0,239
7630.0,206
7631.0,201
7632.0,238
7633.0,277
7634.0,313
7635.0,285
7636.0,272
7637.0,269
7638.0,279
7639.0,305
7640.0,294
7641.0,282
7642.0,257
7643.0,258
7644.0,241
7645.0,241
7646.0,255
7647.0,248
7648.0,238
7649.0,260
7650.0,252
7651.0,259
7652.0,259
7653.0,310
7654.0,279
7655.0,288
7656.0,290
7657.0,299
7658.0,287
7659.0,311
7660.0,314
7661.0,292
7662.0,295
7663.0,284
7664.0,284
7665.0,270
7666.0,285
7667.0,297
7668.0,275
7669.0,276
7670.0,259
7671.0,254
7672.0,253
7673.0,281
7674.0,280
7675.0,293
7676.0,271
7677.0,285
7678.0,285
7679.0,267
7680.0,276
7681.0,265
7682.0,260
7683.0,286
7684.0,288
7685.0,301
7686.0,301
7687.0,297
7688.0,270
7689.0,287
7690.0,312
7691.0,282
7692.0,278
7693.0,314
7694.0,304
7695.0,309
7696.0,278
7697.0,312
7698.0,306
7699.0,280
7700.0,306
7701.0,278
7702.0,295
7703.0,291
7704.0,312
7705.0,295
7706.0,271
7707.0,318
7708.0,297
7709.0,314
7710.0,301
7711.0,267
7712.0,286
7713.0,297
7714.0,305
7715.0,363
7716.0,364
7717.0,339
7718.0,351
7719.0,258
7720.0,248
7721.0,256
7722.0,275
7723.0,298
7724.0,315
7725.0,335
7726.0,334
7727.0,332
7728.0,315
7729.0,298
7730.0,309
7731.0,293
7732.0,300
7733.0,320
7734.0,312
7735.0,302
7736.0,300
7737.0,283
7738.0,288
7739.0,285
7740.0,283
7741.0,289
7742.0,309
7743.0,295
7744.0,329
7745.0,331
7746.0,321
7747.0,289
7748.0,268
7749.0,291
7750.0,271
7751.0,289
7752.0,273
7753.0,309
7754.0,333
7755.0,426
7756.0,424
7757.0,379
7758.0,271
7759.0,283
7760.0,337
7761.0,257
7762.0,273
7763.0,304
7764.0,278
7765.0,297
7766.0,299
7767.0,304
7768.0,294
7769.0,296
7770.0,317
7771.0,304
7772.0,305
7773.0,298
7774.0,294
7775.0,302
7776.0,281
7777.0,304
7778.0,296
7779.0,311
7780.0,293
7781.0,291
7782.0,307
7783.0,296
7784.0,282
7785.0,288
7786.0,303
7787.0,296
7788.0,300
7789.0,281
7790.0,298
7791.0,309
7792.0,292
7793.0,288
7794.0,300
7795.0,314
7796.0,310
7797.0,311
7798.0,304
7799.0,280
7800.0,288
7801.0,288
7802.0,309
7803.0,317
7804.0,311
7805.0,304
7806.0,289
7807.0,281
7808.0,296
7809.0,282
7810.0,254
7811.0,266
7812.0,197
7813.0,62
7814.0,0
7815.0,0
7816.0,0
7817.0,0
7818.0,0
7819.0,0
7820.0,150
7821.0,164
7822.0,161
7823.0,140
7824.0,128
7825.0,118
7826.0,118
7827.0,109
7828.0,107
7829.0,142
7830.0,135
7831.0,136
7832.0,140
7833.0,137
7834.0,147
7835.0,143
7836.0,124
7837.0,124
7838.0,131
7839.0,126
7840.0,127
7841.0,132
7842.0,140
7843.0,128
7844.0,115
7845.0,120
7846.0,124
7847.0,129
7848.0,130
7849.0,131
7850.0,132
7851.0,146
7852.0,143
7853.0,147
7854.0,156
7855.0,133
7856.0,127
7857.0,136
7858.0,134
7859.0,132
7860.0,114
7861.0,121
7862.0,116
7863.0,117
7864.0,100
7865.0,95
7866.0,113
7867.0,128
7868.0,145
7869.0,154
7870.0,146
7871.0,119
7872.0,122
7873.0,121
7874.0,102
7875.0,119
7876.0,115
7877.0,165
7878.0,230
7879.0,123
7880.0,75
7881.0,30
7882.0,0
7883.0,0
7884.0,0
7885.0,0
7886.0,0
7887.0,0
7888.0,0
7889.0,0
7890.0,0
7891.0,0
7892.0,0
7893.0,0
7894.0,0
7895.0,0
7896.0,0
7897.0,0
7898.0,0
7899.0,0
7900.0,0
7901.0,0
7902.0,0
7903.0,0
7904.0,0
7905.0,0
7906.0,0
7907.0,0
7908.0,12
7909.0,0
7910.0,0
7911.0,0
7912.0,0
7913.0,0
7914.0,0
7915.0,0
7916.0,0
7917.0,0
7918.0,0
7919.0,0
7920.0,0
7921.0,0
7922.0,0
7923.0,0
7924.0,0
7925.0,0
7926.0,0
7927.0,0
7928.0,0
7929.0,0
7930.0,0
7931.0,0
7932.0,0
7933.0,0
7934.0,0
7935.0,0
7936.0,31
7937.0,29
7938.0,0
7939.0,0
7940.0,0
7941.0,0
7942.0,0
7943.0,0
7944.0,0
7945.0,0
7946.0,0
7947.0,0
7948.0,0
7949.0,0
7950.0,0
7951.0,0
7952.0,0
7953.0,0
7954.0,0
7955.0,0
7956.0,0
7957.0,0
7958.0,0
7959.0,0
7960.0,0
7961.0,0
7962.0,0
7963.0,0
7964.0,0
7965.0,0
7966.0,0
7967.0,0
7968.0,0
7969.0,0
7970.0,0
7971.0,0
7972.0,0
7973.0,0
7974.0,0
7975.0,0
7976.0,0
7977.0,0
7978.0,0
7979.0,0
7980.0,0
7981.0,0
7982.0,0
7983.0,0
7984.0,0
7985.0,0
7986.0,0
7987.0,0
7988.0,0
7989.0,0
7990.0,0
7991.0,0
7992.0,0
7993.0,0
7994.0,0
7995.0,0
7996.0,0
7997.0,0
7998.0,0
7999.0,0
8000.0,0
8001.0,0
8002.0,0
8003.0,0
8004.0,0
8005.0,0
8006.0,0
8007.0,0
8008.0,0
8009.0,0
8010.0,0
8011.0,0
8012.0,0
8013.0,0
8014.0,0
8015.0,0
8016.0,0
8017.0,0
8018.0,0
8019.0,0
8020.0,0
8021.0,0
8022.0,0
8023.0,0
8024.0,0
8025.0,0
8026.0,0
8027.0,0
8028.0,0
8029.0,0
8030.0,0
8031.0,0
8032.0,0
8033.0,0
8034.0,0
8035.0,0
8036.0,0
8037.0,0
8038.0,0
8039.0,0
8040.0,0
8041.0,0
8042.0,0
8043.0,0
8044.0,0
8045.0,0
8046.0,0
8047.0,0
8048.0,0
8049.0,0
8050.0,0
8051.0,0
8052.0,0
8053.0,0
8054.0,0
8055.0,0
8056.0,0
8057.0,0
8058.0,0
8059.0,0
8060.0,0
8061.0,0
8062.0,0
8063.0,0
8064.0,0
8065.0,0
8066.0,0
8067.0,0
8068.0,0
8069.0,0
8070.0,0
8071.0,0
8072.0,0
8073.0,0
8074.0,0
8075.0,0
8076.0,0
8077.0,0
8078.0,0
8079.0,0
8080.0,0
8081.0,0
8082.0,0
8083.0,0
8084.0,0
8085.0,0
8086.0,0
8087.0,0
8088.0,0
8089.0,0
8090.0,0
8091.0,0
8092.0,0
8093.0,0
8094.0,0
8095.0,0
8096.0,0
8097.0,0
8098.0,0
8099.0,0
8100.0,0
8101.0,0
8102.0,0
8103.0,0
8104.0,0
8105.0,0
8106.0,0
8107.0,0
8108.0,0
8109.0,0
8110.0,0
8111.0,0
8112.0,0
8113.0,0
8114.0,0
8115.0,0
8116.0,0
8117.0,0
8118.0,0
8119.0,0
8120.0,0
8121.0,0
8122.0,0
8123.0,0
8124.0,0
8125.0,0
8126.0,0
8127.0,0
8128.0,0
8129.0,0
8130.0,0
8131.0,0
8132.0,0
8133.0,0
8134.0,0
8135.0,0
8136.0,0
8137.0,0
8138.0,0
8139.0,0
8140.0,0
8141.0,0
8142.0,0
8143.0,0
8144.0,0
8145.0,0
8146.0,0
8147.0,0
8148.0,0
8149.0,0
8150.0,0
8151.0,0
8152.0,0
8153.0,0
8154.0,0
8155.0,0
8156.0,0
8157.0,0
8158.0,0
8159.0,0
8160.0,0
8161.0,0
8162.0,0
8163.0,0
8164.0,0
8165.0,0
8166.0,0
8167.0,0
8168.0,0
8169.0,0
8170.0,0
8171.0,0
8172.0,0
8173.0,0
8174.0,0
8175.0,0
8176.0,0
8177.0,0
8178.0,0
8179.0,0
8180.0,0
8181.0,0
8182.0,0
8183.0,0
8184.0,0
8185.0,0
8186.0,0
8187.0,0
8188.0,0
8189.0,0
8190.0,0
8191.0,0
8192.0,0
8193.0,0
8194.0,0
8195.0,0
8196.0,0
8197.0,0
8198.0,0
8199.0,0
8200.0,0
8201.0,0
8202.0,0
8203.0,0
8204.0,0
8205.0,0
8206.0,0
8207.0,0
8208.0,0
8209.0,0
8210.0,0
8211.0,0
8212.0,0
8213.0,0
8214.0,0
8215.0,0
8216.0,0
8217.0,0
8218.0,0
8219.0,0
8220.0,0
8221.0,0
8222.0,0
8223.0,0
8224.0,0
8225.0,0
8226.0,0
8227.0,0
8228.0,0
8229.0,0
8230.0,0
8231.0,0
8232.0,0
8233.0,0
8234.0,0
8235.0,0
8236.0,0
8237.0,0
8238.0,0
8239.0,0
8240.0,0
8241.0,0
8242.0,0
8243.0,0
8244.0,0
8245.0,0
8246.0,0
8247.0,0
8248.0,0
8249.0,0
8250.0,0
8251.0,0
8252.0,0
8253.0,0
8254.0,0
8255.0,0
8256.0,0
8257.0,0
8258.0,0
8259.0,0
8260.0,0
8261.0,0
8262.0,0
8263.0,0
8264.0,0
8265.0,0
8266.0,0
8267.0,0
8268.0,0
8269.0,0
8270.0,0
8271.0,0
8272.0,0
8273.0,0
8274.0,0
8275.0,0
8276.0,0
8277.0,0
8278.0,0
8279.0,0
8280.0,0
8281.0,0
8282.0,0
8283.0,0
8284.0,0
8285.0,0
8286.0,0
8287.0,0
8288.0,0
8289.0,0
8290.0,0
8291.0,0
8292.0,0
8293.0,0
8294.0,0
8295.0,0
8296.0,0
8297.0,0
8298.0,0
8299.0,0
8300.0,0
8301.0,0
8302.0,0
8303.0,0
8304.0,0
8305.0,0
8306.0,0
8307.0,0
8308.0,0
8309.0,0
8310.0,0
8311.0,0
8312.0,0
8313.0,0
8314.0,0
8315.0,0
8316.0,0
8317.0,0
8318.0,0
8319.0,0
8320.0,0
8321.0,0
8322.0,0
8323.0,0
8324.0,0
8325.0,0
8326.0,0
8327.0,0
8328.0,0
8329.0,0
8330.0,0
8331.0,0
8332.0,0
8333.0,0
8334.0,0
8335.0,0
8336.0,0
8337.0,0
8338.0,0
8339.0,0
8340.0,0
8341.0,0
8342.0,0
8343.0,0
8344.0,0
8345.0,0
8346.0,0
8347.0,0
8348.0,0
8349.0,0
8350.0,0
8351.0,0
8352.0,0
8353.0,0
8354.0,0
8355.0,0
8356.0,0
8357.0,0
8358.0,0
8359.0,0
8360.0,0
8361.0,0
8362.0,0
8363.0,0
8364.0,0
8365.0,0
8366.0,0
8367.0,0
8368.0,0
8369.0,0
8370.0,0
8371.0,0
8372.0,0
8373.0,0
8374.0,0
8375.0,0
8376.0,0
8377.0,0
8378.0,0
8379.0,0
8380.0,0
8381.0,0
8382.0,0
8383.0,0
8384.0,0
8385.0,0
8386.0,0
8387.0,0
8388.0,0
8389.0,0
8390.0,0
8391.0,0
8392.0,0
8393.0,0
8394.0,0
8395.0,0
8396.0,0
8397.0,0
8398.0,0
8399.0,0
8400.0,0
8401.0,0
8402.0,0
8403.0,0
8404.0,0
8405.0,0
8406.0,0
8407.0,0
8408.0,0
8409.0,0
8410.0,0
8411.0,0
8412.0,0
8413.0,0
8414.0,0
8415.0,0
8416.0,0
8417.0,0
8418.0,0
8419.0,0
8420.0,0
8421.0,0
8422.0,0
8423.0,0
8424.0,0
8425.0,0
8426.0,0
8427.0,0
8428.0,0
8429.0,0
8430.0,0
8431.0,0
8432.0,0
8433.0,0
8434.0,0
8435.0,0
8436.0,0
8437.0,0
8438.0,0
8439.0,0
8440.0,0
8441.0,0
8442.0,0
8443.0,0
8444.0,0
8445.0,0
8446.0,0
8447.0,0
8448.0,0
8449.0,0
8450.0,0
8451.0,0
8452.0,0
8453.0,0
8454.0,0
8455.0,0
8456.0,0
8457.0,0
8458.0,0
8459.0,0
8460.0,0
8461.0,0
8462.0,0
8463.0,0
8464.0,0
8465.0,0
8466.0,0
8467.0,0
8468.0,0
8469.0,0
8470.0,0
8471.0,0
8472.0,0
8473.0,0
8474.0,0
8475.0,0
8476.0,0
8477.0,0
8478.0,0
8479.0,0
8480.0,0
8481.0,0
8482.0,0
8483.0,0
8484.0,0
8485.0,0
8486.0,0
8487.0,0
8488.0,0
8489.0,0
8490.0,0
8491.0,0
8492.0,0
8493.0,0
8494.0,0
8495.0,0
8496.0,0
8497.0,0
8498.0,0
8499.0,0
8500.0,0
8501.0,0
8502.0,0
8503.0,0
8504.0,0
8505.0,0
8506.0,0
8507.0,0
8508.0,0
8509.0,0
8510.0,0
8511.0,0
8512.0,0
8513.0,0
8514.0,0
8515.0,0
8516.0,0
8517.0,0
8518.0,0
8519.0,0
8520.0,0
8521.0,0
8522.0,0
8523.0,0
8524.0,0
8525.0,0
8526.0,0
8527.0,0
8528.0,0
8529.0,0
8530.0,0
8531.0,0
8532.0,0
8533.0,0
8534.0,0
8535.0,0
8536.0,0
8537.0,0
8538.0,0
8539.0,0
8540.0,0
8541.0,0
8542.0,0
8543.0,0
8544.0,0
8545.0,0
8546.0,0
8547.0,0
8548.0,0
8549.0,0
8550.0,0
8551.0,0
8552.0,0
8553.0,0
8554.0,0
8555.0,0
8556.0,0
8557.0,0
8558.0,0
8559.0,0
8560.0,0
8561.0,0
8562.0,0
8563.0,0
8564.0,0
8565.0,0
8566.0,0
8567.0,0
8568.0,0
8569.0,0
8570.0,0
8571.0,0
8572.0,0
8573.0,0
8574.0,0
8575.0,0
8576.0,0
8577.0,0
8578.0,0
8579.0,0
8580.0,0
8581.0,0
8582.0,0
8583.0,0
8584.0,0
8585.0,0
8586.0,0
8587.0,0
8588.0,0
8589.0,0
8590.0,0
8591.0,0
8592.0,0
8593.0,0
8594.0,0
8595.0,0
8596.0,0
8597.0,0
8598.0,0
8599.0,0
8600.0,0
8601.0,0
8602.0,0
8603.0,0
8604.0,0
8605.0,0
8606.0,0
8607.0,0
8608.0,0
8609.0,0
8610.0,0
8611.0,0
8612.0,0
8613.0,0
8614.0,0
8615.0,0
8616.0,0
8617.0,0
8618.0,0
8619.0,0
8620.0,0
8621.0,0
8622.0,0
8623.0,0
8624.0,0
8625.0,0
8626.0,0
8627.0,0
8628.0,0
8629.0,0
8630.0,0
8631.0,0
8632.0,0
8633.0,0
8634.0,0
8635.0,0
8636.0,0
8637.0,0
8638.0,0
8639.0,0
8640.0,0
8641.0,0
8642.0,0
8643.0,0
8644.0,0
8645.0,0
8646.0,0
8647.0,0
8648.0,0
8649.0,0
8650.0,0
8651.0,0
8652.0,0
8653.0,0
8654.0,0
8655.0,0
8656.0,0
8657.0,0
8658.0,0
8659.0,0
8660.0,0
8661.0,0
8662.0,0
8663.0,0
8664.0,0
8665.0,0
8666.0,0
8667.0,0
8668.0,0
8669.0,0
8670.0,0
8671.0,0
8672.0,0
8673.0,0
8674.0,0
8675.0,0
8676.0,0
8677.0,0
8678.0,0
8679.0,0
8680.0,0
8681.0,0
8682.0,0
8683.0,0
8684.0,0
8685.0,0
8686.0,0
8687.0,0
8688.0,0
8689.0,0
8690.0,0
8691.0,0
8692.0,0
8693.0,0
8694.0,0
8695.0,0
8696.0,0
8697.0,0
8698.0,0
8699.0,0
8700.0,0
8701.0,0
8702.0,0
8703.0,0
8704.0,0
8705.0,0
8706.0,0
8707.0,0
8708.0,0
8709.0,0
8710.0,0
8711.0,0
8712.0,0
8713.0,0
8714.0,0
8715.0,0
8716.0,0
8717.0,0
8718.0,0
8719.0,0
8720.0,0
8721.0,0
8722.0,0
8723.0,0
8724.0,0
8725.0,0
8726.0,0
8727.0,0
8728.0,0
8729.0,0
8730.0,0
8731.0,0
8732.0,0
8733.0,0
8734.0,0
8735.0,0
8736.0,0
8737.0,0
8738.0,0
8739.0,0
8740.0,0
8741.0,0
8742.0,0
8743.0,0
8744.0,0
8745.0,0
8746.0,0
8747.0,0
8748.0,0
8749.0,0
8750.0,0
8751.0,0
8752.0,0
8753.0,0
8754.0,0
8755.0,0
8756.0,0
8757.0,0
8758.0,0
8759.0,0
8760.0,0
8761.0,0
8762.0,0
8763.0,0
8764.0,0
8765.0,0
8766.0,0
8767.0,0
8768.0,0
8769.0,0
8770.0,0
8771.0,0
8772.0,0
8773.0,0
8774.0,0
8775.0,0
8776.0,0
8777.0,0
8778.0,0
8779.0,0
8780.0,0
8781.0,0
8782.0,0
8783.0,0
8784.0,0
8785.0,0
8786.0,0
8787.0,0
8788.0,0
8789.0,0
8790.0,0
8791.0,0
8792.0,0
8793.0,0
8794.0,0
8795.0,0
8796.0,0
8797.0,0
8798.0,0
8799.0,0
8800.0,0
8801.0,0
8802.0,0
8803.0,0
8804.0,0
8805.0,0
8806.0,0
8807.0,0
8808.0,0
8809.0,0
8810.0,0
8811.0,0
8812.0,0
8813.0,0
8814.0,0
8815.0,0
8816.0,0
8817.0,0
8818.0,0
8819.0,0
8820.0,0
8821.0,0
8822.0,0
8823.0,0
8824.0,0
8825.0,0
8826.0,0
8827.0,0
8828.0,0
8829.0,0
8830.0,0
8831.0,0
8832.0,0
8833.0,0
8834.0,0
8835.0,0
8836.0,0
8837.0,0
8838.0,0
8839.0,0
8840.0,0
8841.0,0
8842.0,0
8843.0,0
8844.0,0
8845.0,0
8846.0,0
8847.0,0
8848.0,0
8849.0,0
8850.0,0
8851.0,0
8852.0,0
8853.0,0
8854.0,0
8855.0,0
8856.0,0
8857.0,0
8858.0,0
8859.0,0
8860.0,0
8861.0,0
8862.0,0
8863.0,0
8864.0,0
8865.0,0
8866.0,0
8867.0,0
8868.0,0
8869.0,0
8870.0,0
8871.0,0
8872.0,0
8873.0,0
8874.0,0
8875.0,0
8876.0,0
8877.0,0
8878.0,0
8879.0,0
8880.0,0
8881.0,0
8882.0,0
8883.0,0
8884.0,0
8885.0,0
8886.0,0
8887.0,0
8888.0,0
8889.0,0
8890.0,0
8891.0,0
8892.0,0
8893.0,0
8894.0,0
8895.0,0
8896.0,0
8897.0,0
8898.0,0
8899.0,0
8900.0,0
8901.0,0
8902.0,0
8903.0,32
8904.0,91
8905.0,135
8906.0,169
8907.0,171
8908.0,115
8909.0,78
8910.0,0
8911.0,0
8912.0,0
8913.0,0
8914.0,21
8915.0,183
8916.0,267
8917.0,280
8918.0,279
8919.0,43
8920.0,43
8921.0,199
8922.0,176
8923.0,133
8924.0,106
8925.0,139
8926.0,167
8927.0,146
8928.0,118
8929.0,126
8930.0,144
8931.0,102
8932.0,109
8933.0,143
8934.0,194
8935.0,204
8936.0,209
8937.0,147
8938.0,84
8939.0,28
8940.0,73
8941.0,137
8942.0,174
8943.0,200
8944.0,193
8945.0,200
8946.0,194
8947.0,188
8948.0,167
8949.0,90
8950.0,27
8951.0,0
8952.0,0
8953.0,0
8954.0,0
8955.0,0
8956.0,0
8957.0,242
8958.0,278
8959.0,299
8960.0,295
8961.0,271
8962.0,216
8963.0,215
8964.0,212
8965.0,196
8966.0,180
8967.0,182
8968.0,140
8969.0,79
8970.0,71
8971.0,168
8972.0,200
8973.0,161
8974.0,135
8975.0,99
8976.0,67
8977.0,19
8978.0,29
8979.0,175
8980.0,284
8981.0,257
8982.0,230
8983.0,168
8984.0,120
8985.0,127
8986.0,142
8987.0,162
8988.0,160
8989.0,127
8990.0,110
8991.0,156
8992.0,207
8993.0,216
8994.0,236
8995.0,268
8996.0,276
8997.0,230
8998.0,234
8999.0,221
9000.0,197
9001.0,157
9002.0,160
9003.0,187
9004.0,219
9005.0,222
9006.0,198
9007.0,202
9008.0,173
9009.0,175
9010.0,194
9011.0,181
9012.0,175
9013.0,167
9014.0,139
9015.0,137
9016.0,153
9017.0,175
9018.0,163
9019.0,182
9020.0,166
9021.0,135
9022.0,168
9023.0,197
9024.0,215
9025.0,198
9026.0,177
9027.0,165
9028.0,181
9029.0,170
9030.0,135
9031.0,150
9032.0,182
9033.0,185
9034.0,167
9035.0,108
9036.0,62
9037.0,73
9038.0,24
9039.0,32
9040.0,68
9041.0,120
9042.0,78
9043.0,96
9044.0,102
9045.0,149
9046.0,256
9047.0,257
9048.0,190
9049.0,190
9050.0,150
9051.0,92
9052.0,28
9053.0,0
9054.0,0
9055.0,0
9056.0,0
9057.0,0
9058.0,45
9059.0,335
9060.0,332
9061.0,306
9062.0,283
9063.0,265
9064.0,267
9065.0,262
9066.0,261
9067.0,253
9068.0,215
9069.0,199
9070.0,197
9071.0,177
9072.0,173
9073.0,194
9074.0,217
9075.0,222
9076.0,218
9077.0,197
9078.0,218
9079.0,245
9080.0,212
9081.0,191
9082.0,185
9083.0,186
9084.0,221
9085.0,224
9086.0,217
9087.0,213
9088.0,213
9089.0,200
9090.0,175
9091.0,196
9092.0,198
9093.0,196
9094.0,167
9095.0,182
9096.0,102
9097.0,34
9098.0,36
9099.0,36
9100.0,49
9101.0,27
9102.0,50
9103.0,130
9104.0,245
9105.0,330
9106.0,335
9107.0,275
9108.0,176
9109.0,110
9110.0,62
9111.0,34
9112.0,38
9113.0,28
9114.0,28
9115.0,262
9116.0,334
9117.0,352
9118.0,369
9119.0,328
9120.0,284
9121.0,252
9122.0,233
9123.0,232
9124.0,227
9125.0,253
9126.0,261
9127.0,230
9128.0,231
9129.0,204
9130.0,238
9131.0,226
9132.0,217
9133.0,233
9134.0,206
9135.0,199
9136.0,230
9137.0,237
9138.0,235
9139.0,234
9140.0,242
9141.0,254
9142.0,289
9143.0,277
9144.0,205
9145.0,204
9146.0,164
9147.0,122
9148.0,144
9149.0,96
9150.0,181
9151.0,181
9152.0,122
9153.0,202
9154.0,231
9155.0,224
9156.0,200
9157.0,217
9158.0,186
9159.0,212
9160.0,189
9161.0,193
9162.0,187
9163.0,185
9164.0,191
9165.0,221
9166.0,206
9167.0,227
9168.0,191
9169.0,181
9170.0,188
9171.0,193
9172.0,194
9173.0,192
9174.0,186
9175.0,222
9176.0,240
9177.0,220
9178.0,189
9179.0,229
9180.0,225
9181.0,191
9182.0,217
9183.0,181
9184.0,199
9185.0,253
9186.0,212
9187.0,197
9188.0,229
9189.0,203
9190.0,165
9191.0,144
9192.0,176
9193.0,195
9194.0,218
9195.0,211
9196.0,167
9197.0,187
9198.0,227
9199.0,213
9200.0,189
9201.0,168
9202.0,195
9203.0,218
9204.0,202
9205.0,195
9206.0,218
9207.0,236
9208.0,204
9209.0,224
9210.0,175
9211.0,174
9212.0,199
9213.0,127
9214.0,74
9215.0,125
9216.0,223
9217.0,201
9218.0,170
9219.0,173
9220.0,162
9221.0,235
9222.0,177
9223.0,176
9224.0,201
9225.0,202
9226.0,210
9227.0,224
9228.0,230
9229.0,193
9230.0,223
9231.0,236
9232.0,232
9233.0,241
9234.0,266
9235.0,282
9236.0,275
9237.0,253
9238.0,265
9239.0,248
9240.0,262
9241.0,256
9242.0,240
9243.0,242
9244.0,215
9245.0,190
9246.0,192
9247.0,183
9248.0,156
9249.0,177
9250.0,215
9251.0,222
9252.0,212
9253.0,182
9254.0,169
9255.0,176
9256.0,174
9257.0,189
9258.0,195
9259.0,204
9260.0,193
9261.0,175
9262.0,190
9263.0,221
9264.0,211
9265.0,189
9266.0,200
9267.0,219
9268.0,235
9269.0,237
9270.0,239
9271.0,222
9272.0,242
9273.0,243
9274.0,241
9275.0,247
9276.0,241
9277.0,217
9278.0,228
9279.0,225
9280.0,224
9281.0,208
9282.0,161
9283.0,169
9284.0,193
9285.0,214
9286.0,228
9287.0,240
9288.0,262
9289.0,277
9290.0,429
9291.0,452
9292.0,495
9293.0,494
9294.0,398
9295.0,380
9296.0,356
9297.0,380
9298.0,360
9299.0,359
9300.0,360
9301.0,351
9302.0,307
9303.0,269
9304.0,301
9305.0,299
9306.0,309
9307.0,350
9308.0,335
9309.0,323
9310.0,292
9311.0,298
9312.0,306
9313.0,309
9314.0,311
9315.0,309
9316.0,314
9317.0,316
9318.0,336
9319.0,326
9320.0,312
9321.0,307
9322.0,297
9323.0,321
9324.0,333
9325.0,363
9326.0,334
9327.0,324
9328.0,326
9329.0,327
9330.0,287
9331.0,284
9332.0,280
9333.0,298
9334.0,308
9335.0,331
9336.0,310
9337.0,281
9338.0,310
9339.0,334
9340.0,318
9341.0,307
9342.0,290
9343.0,293
9344.0,293
9345.0,289
9346.0,296
9347.0,313
9348.0,299
9349.0,277
9350.0,307
9351.0,296
9352.0,311
9353.0,293
9354.0,294
9355.0,297
9356.0,296
9357.0,270
9358.0,303
9359.0,301
9360.0,272
9361.0,284
9362.0,301
9363.0,306
9364.0,324
9365.0,299
9366.0,297
9367.0,294
9368.0,277
9369.0,288
9370.0,304
9371.0,318
9372.0,291
9373.0,297
9374.0,276
9375.0,276
9376.0,281
9377.0,290
9378.0,305
9379.0,311
9380.0,320
9381.0,330
9382.0,303
9383.0,289
9384.0,299
9385.0,279
9386.0,286
9387.0,300
9388.0,310
9389.0,322
9390.0,313
9391.0,321
9392.0,287
9393.0,245
9394.0,261
9395.0,287
9396.0,282
9397.0,279
9398.0,281
9399.0,286
9400.0,283
9401.0,315
9402.0,342
9403.0,335
9404.0,316
9405.0,313
9406.0,306
9407.0,298
9408.0,283
9409.0,274
9410.0,269
9411.0,289
9412.0,323
9413.0,308
9414.0,288
9415.0,288
9416.0,305
9417.0,326
9418.0,320
9419.0,292
9420.0,297
9421.0,328
9422.0,291
9423.0,290
9424.0,314
9425.0,310
9426.0,309
9427.0,331
9428.0,296
9429.0,324
9430.0,299
9431.0,313
9432.0,314
9433.0,313
9434.0,288
9435.0,303
9436.0,299
9437.0,293
9438.0,311
9439.0,312
9440.0,307
9441.0,313
9442.0,345
9443.0,338
9444.0,305
9445.0,300
9446.0,267
9447.0,263
9448.0,277
9449.0,249
9450.0,288
9451.0,273
9452.0,265
9453.0,280
9454.0,245
9455.0,270
9456.0,320
9457.0,345
9458.0,297
9459.0,291
9460.0,302
9461.0,331
9462.0,316
9463.0,309
9464.0,304
9465.0,293
9466.0,288
9467.0,299
9468.0,320
9469.0,313
9470.0,328
9471.0,319
9472.0,310
9473.0,281
9474.0,277
9475.0,285
9476.0,271
9477.0,271
9478.0,298
9479.0,278
9480.0,271
9481.0,288
9482.0,300
9483.0,292
9484.0,263
9485.0,272
9486.0,308
9487.0,351
9488.0,282
9489.0,285
9490.0,285
9491.0,271
9492.0,284
9493.0,267
9494.0,279
9495.0,272
9496.0,262
9497.0,271
9498.0,284
9499.0,296
9500.0,316
9501.0,328
9502.0,297
9503.0,333
9504.0,296
9505.0,305
9506.0,308
9507.0,309
9508.0,302
9509.0,300
9510.0,299
9511.0,301
9512.0,301
9513.0,289
9514.0,277
9515.0,280
9516.0,294
9517.0,283
9518.0,288
9519.0,295
9520.0,281
9521.0,269
9522.0,283
9523.0,291
9524.0,275
9525.0,279
9526.0,287
9527.0,288
9528.0,285
9529.0,273
9530.0,272
9531.0,281
9532.0,301
9533.0,315
9534.0,321
9535.0,308
9536.0,310
9537.0,296
9538.0,322
9539.0,314
9540.0,292
9541.0,312
9542.0,316
9543.0,320
9544.0,295
9545.0,290
9546.0,306
9547.0,296
9548.0,277
9549.0,272
9550.0,300
9551.0,265
9552.0,276
9553.0,270
9554.0,260
9555.0,309
9556.0,309
9557.0,314
9558.0,305
9559.0,277
9560.0,297
9561.0,307
9562.0,325
9563.0,306
9564.0,281
9565.0,268
9566.0,268
9567.0,305
9568.0,318
9569.0,332
9570.0,332
9571.0,345
9572.0,312
9573.0,302
9574.0,299
9575.0,305
9576.0,339
9577.0,331
9578.0,324
9579.0,336
9580.0,325
9581.0,307
9582.0,302
9583.0,306
9584.0,321
9585.0,345
9586.0,348
9587.0,350
9588.0,331
9589.0,340
9590.0,334
9591.0,316
9592.0,321
9593.0,332
9594.0,323
9595.0,341
9596.0,321
9597.0,315
9598.0,344
9599.0,337
9600.0,295
9601.0,235
9602.0,255
9603.0,260
9604.0,258
9605.0,263
9606.0,334
9607.0,319
9608.0,312
9609.0,310
9610.0,282
9611.0,228
9612.0,294
9613.0,277
9614.0,282
9615.0,288
9616.0,291
9617.0,300
9618.0,294
9619.0,283
9620.0,306
9621.0,340
9622.0,329
9623.0,302
9624.0,319
9625.0,328
9626.0,299
9627.0,285
9628.0,282
9629.0,282
9630.0,288
9631.0,276
9632.0,278
9633.0,327
9634.0,315
9635.0,321
9636.0,332
9637.0,339
9638.0,332
9639.0,337
9640.0,338
9641.0,316
9642.0,329
9643.0,317
9644.0,294
9645.0,299
9646.0,296
9647.0,296
9648.0,297
9649.0,305
9650.0,298
9651.0,313
9652.0,323
9653.0,313
9654.0,340
9655.0,319
9656.0,326
9657.0,291
9658.0,293
9659.0,300
9660.0,285
9661.0,289
9662.0,315
9663.0,347
9664.0,313
9665.0,295
9666.0,292
9667.0,296
9668.0,284
9669.0,304
9670.0,286
9671.0,293
9672.0,294
9673.0,280
9674.0,312
9675.0,339
9676.0,305
9677.0,305
9678.0,318
9679.0,329
9680.0,299
9681.0,314
9682.0,296
9683.0,310
9684.0,315
9685.0,306
9686.0,293
9687.0,283
9688.0,298
9689.0,316
9690.0,321
9691.0,311
9692.0,306
9693.0,296
9694.0,300
9695.0,293
9696.0,298
9697.0,282
9698.0,293
9699.0,297
9700.0,319
9701.0,302
9702.0,276
9703.0,308
9704.0,329
9705.0,329
9706.0,320
9707.0,308
9708.0,320
9709.0,297
9710.0,275
9711.0,273
9712.0,294
9713.0,298
9714.0,277
9715.0,312
9716.0,309
9717.0,298
9718.0,296
9719.0,295
9720.0,299
9721.0,271
9722.0,274
9723.0,289
9724.0,281
9725.0,276
9726.0,295
9727.0,355
9728.0,299
9729.0,305
9730.0,303
9731.0,289
9732.0,256
9733.0,243
9734.0,257
9735.0,275
9736.0,267
9737.0,286
9738.0,312
9739.0,311
9740.0,295
9741.0,279
9742.0,273
9743.0,285
9744.0,299
9745.0,314
9746.0,298
9747.0,269
9748.0,323
9749.0,335
9750.0,300
9751.0,300
9752.0,318
9753.0,297
9754.0,277
9755.0,283
9756.0,300
9757.0,300
9758.0,324
9759.0,299
9760.0,295
9761.0,308
9762.0,297
9763.0,304
9764.0,308
9765.0,299
9766.0,309
9767.0,341
9768.0,308
9769.0,308
9770.0,311
9771.0,294
9772.0,181
9773.0,343
9774.0,398
9775.0,264
9776.0,246
9777.0,304
9778.0,307
9779.0,269
9780.0,269
9781.0,272
9782.0,288
9783.0,299
9784.0,307
9785.0,291
9786.0,280
9787.0,291
9788.0,296
9789.0,290
9790.0,295
9791.0,291
9792.0,302
9793.0,325
9794.0,381
9795.0,370
9796.0,335
9797.0,288
9798.0,297
9799.0,300
9800.0,297
9801.0,275
9802.0,266
9803.0,237
9804.0,218
9805.0,235
9806.0,290
9807.0,335
9808.0,308
9809.0,298
9810.0,299
9811.0,311
9812.0,334
9813.0,324
9814.0,323
9815.0,321
9816.0,322
9817.0,304
9818.0,301
9819.0,324
9820.0,325
9821.0,331
9822.0,348
9823.0,351
9824.0,373
9825.0,382
9826.0,310
9827.0,279
9828.0,307
9829.0,286
9830.0,288
9831.0,291
9832.0,299
9833.0,298
9834.0,299
9835.0,296
9836.0,290
9837.0,284
9838.0,283
9839.0,292
9840.0,284
9841.0,310
9842.0,305
9843.0,282
9844.0,275
9845.0,283
9846.0,278
9847.0,276
9848.0,274
9849.0,274
9850.0,286
9851.0,265
9852.0,277
9853.0,291
9854.0,273
9855.0,276
9856.0,252
9857.0,216
9858.0,189
9859.0,141
9860.0,149
9861.0,162
9862.0,93
9863.0,96
9864.0,166
9865.0,225
9866.0,263
9867.0,292
9868.0,333
9869.0,410
9870.0,361
9871.0,305
9872.0,315
9873.0,297
9874.0,286
9875.0,255
9876.0,272
9877.0,330
9878.0,276
9879.0,290
9880.0,259
9881.0,275
9882.0,284
9883.0,297
9884.0,319
9885.0,317
9886.0,289
9887.0,271
9888.0,262
9889.0,346
9890.0,391
9891.0,405
9892.0,330
9893.0,313
9894.0,293
9895.0,307
9896.0,327
9897.0,310
9898.0,310
9899.0,274
9900.0,335
9901.0,341
9902.0,325
9903.0,294
9904.0,337
9905.0,296
9906.0,281
9907.0,260
9908.0,258
9909.0,246
9910.0,267
9911.0,266
9912.0,278
9913.0,278
9914.0,266
9915.0,275
9916.0,290
9917.0,300
9918.0,312
9919.0,306
9920.0,276
9921.0,241
9922.0,223
9923.0,233
9924.0,275
9925.0,312
9926.0,300
9927.0,290
9928.0,365
9929.0,359
9930.0,333
9931.0,351
9932.0,329
9933.0,287
9934.0,254
9935.0,254
9936.0,291
9937.0,264
9938.0,306
9939.0,322
9940.0,318
9941.0,313
9942.0,321
9943.0,318
9944.0,302
9945.0,289
9946.0,304
9947.0,304
9948.0,295
9949.0,291
9950.0,293
9951.0,273
9952.0,302
9953.0,303
9954.0,306
9955.0,313
9956.0,325
9957.0,325
9958.0,309
9959.0,311
9960.0,313
9961.0,323
9962.0,322
9963.0,317
9964.0,330
9965.0,310
9966.0,282
9967.0,269
9968.0,276
9969.0,287
9970.0,313
9971.0,327
9972.0,340
9973.0,318
9974.0,272
9975.0,278
9976.0,289
9977.0,338
9978.0,301
9979.0,295
9980.0,318
9981.0,294
9982.0,301
9983.0,290
9984.0,297
9985.0,297
9986.0,304
9987.0,302
9988.0,304
9989.0,313
9990.0,297
9991.0,287
9992.0,272
9993.0,271
9994.0,327
9995.0,339
9996.0,295
9997.0,285
9998.0,244
9999.0,289
10000.0,324
10001.0,318
10002.0,315
10003.0,263
10004.0,257
10005.0,267
10006.0,312
10007.0,293
10008.0,300
10009.0,291
10010.0,307
10011.0,305
10012.0,272
10013.0,286
10014.0,285
10015.0,285
10016.0,272
10017.0,319
10018.0,331
10019.0,315
10020.0,333
10021.0,310
10022.0,309
10023.0,273
10024.0,279
10025.0,271
10026.0,267
10027.0,279
10028.0,278
10029.0,262
10030.0,276
10031.0,277
10032.0,302
10033.0,312
10034.0,302
10035.0,289
10036.0,288
10037.0,275
10038.0,293
10039.0,319
10040.0,296
10041.0,286
10042.0,300
10043.0,328
10044.0,317
10045.0,315
10046.0,315
10047.0,286
10048.0,304
10049.0,300
10050.0,313
10051.0,306
10052.0,304
10053.0,288
10054.0,287
10055.0,313
10056.0,297
10057.0,336
10058.0,308
10059.0,293
10060.0,311
10061.0,312
10062.0,316
10063.0,355
10064.0,307
10065.0,283
10066.0,284
10067.0,275
10068.0,285
10069.0,306
10070.0,296
10071.0,270
10072.0,275
10073.0,275
10074.0,273
10075.0,298
10076.0,301
10077.0,295
10078.0,280
10079.0,269
10080.0,302
10081.0,288
10082.0,290
10083.0,288
10084.0,329
10085.0,333
10086.0,305
10087.0,285
10088.0,276
10089.0,326
10090.0,327
10091.0,323
10092.0,295
10093.0,282
10094.0,289
10095.0,271
10096.0,249
10097.0,272
10098.0,297
10099.0,302
10100.0,278
10101.0,292
10102.0,318
10103.0,303
10104.0,333
10105.0,346
10106.0,371
10107.0,375
10108.0,309
10109.0,283
10110.0,299
10111.0,284
10112.0,310
10113.0,311
10114.0,306
10115.0,350
10116.0,312
10117.0,321
10118.0,363
10119.0,345
10120.0,301
10121.0,320
10122.0,307
10123.0,297
10124.0,316
10125.0,273
10126.0,266
10127.0,362
10128.0,331
10129.0,282
10130.0,257
10131.0,263
10132.0,315
10133.0,311
10134.0,260
10135.0,247
10136.0,296
10137.0,286
10138.0,281
10139.0,278
10140.0,313
10141.0,302
10142.0,318
10143.0,305
10144.0,287
10145.0,261
10146.0,257
10147.0,261
10148.0,283
10149.0,294
10150.0,318
10151.0,336
10152.0,344
10153.0,322
10154.0,320
10155.0,327
10156.0,309
10157.0,304
10158.0,323
10159.0,315
10160.0,286
10161.0,282
10162.0,268
10163.0,293
10164.0,304
10165.0,292
10166.0,301
10167.0,289
10168.0,279
10169.0,247
10170.0,276
10171.0,279
10172.0,320
10173.0,329
10174.0,323
10175.0,302
10176.0,282
10177.0,269
10178.0,252
10179.0,253
10180.0,248
10181.0,257
10182.0,260
10183.0,261
10184.0,268
10185.0,268
10186.0,289
10187.0,303
10188.0,293
10189.0,287
10190.0,275
10191.0,280
10192.0,322
10193.0,292
10194.0,294
10195.0,293
10196.0,288
10197.0,279
10198.0,256
10199.0,267
10200.0,293
10201.0,343
10202.0,309
10203.0,313
10204.0,317
10205.0,274
10206.0,251
10207.0,239
10208.0,215
10209.0,172
10210.0,158
10211.0,191
10212.0,182
10213.0,184
10214.0,203
10215.0,150
10216.0,153
10217.0,194
10218.0,180
10219.0,184
10220.0,208
10221.0,220
10222.0,190
10223.0,155
10224.0,56
10225.0,37
10226.0,37
10227.0,283
10228.0,357
10229.0,447
10230.0,427
10231.0,384
10232.0,350
10233.0,303
10234.0,293
10235.0,290
10236.0,309
10237.0,316
10238.0,268
10239.0,329
10240.0,422
10241.0,380
10242.0,363
10243.0,317
10244.0,325
10245.0,301
10246.0,295
10247.0,288
10248.0,269
10249.0,298
10250.0,287
10251.0,297
10252.0,301
10253.0,282
10254.0,296
10255.0,309
10256.0,309
10257.0,293
10258.0,274
10259.0,285
10260.0,271
10261.0,342
10262.0,332
10263.0,356
10264.0,374
10265.0,360
10266.0,325
10267.0,278
10268.0,309
10269.0,328
10270.0,335
10271.0,321
10272.0,317
10273.0,325
10274.0,320
10275.0,331
10276.0,347
10277.0,342
10278.0,330
10279.0,330
10280.0,305
10281.0,297
10282.0,284
10283.0,295
10284.0,314
10285.0,299
10286.0,301
10287.0,313
10288.0,331
10289.0,323
10290.0,304
10291.0,297
10292.0,299
10293.0,284
10294.0,268
10295.0,268
10296.0,279
10297.0,290
10298.0,298
10299.0,310
10300.0,294
10301.0,281
10302.0,314
10303.0,300
10304.0,303
10305.0,302
10306.0,283
10307.0,292
10308.0,297
10309.0,308
10310.0,302
10311.0,356
10312.0,386
10313.0,363
10314.0,340
10315.0,317
10316.0,282
10317.0,302
10318.0,306
10319.0,330
10320.0,333
10321.0,324
10322.0,319
10323.0,320
10324.0,322
10325.0,311
10326.0,295
10327.0,311
10328.0,305
10329.0,309
10330.0,303
10331.0,302
10332.0,287
10333.0,281
10334.0,291
10335.0,311
10336.0,308
10337.0,302
10338.0,299
10339.0,310
10340.0,338
10341.0,317
10342.0,317
10343.0,277
10344.0,253
10345.0,282
10346.0,323
10347.0,312
10348.0,310
10349.0,290
10350.0,284
10351.0,284
10352.0,278
10353.0,278
10354.0,271
10355.0,259
10356.0,240
10357.0,243
10358.0,246
10359.0,324
10360.0,329
10361.0,292
10362.0,283
10363.0,276
10364.0,276
10365.0,264
10366.0,255
10367.0,274
10368.0,300
10369.0,288
10370.0,278
10371.0,274
10372.0,280
10373.0,293
10374.0,282
10375.0,291
10376.0,304
10377.0,293
10378.0,302
10379.0,289
10380.0,288
10381.0,295
10382.0,275
10383.0,275
10384.0,308
10385.0,317
10386.0,308
10387.0,305
10388.0,321
10389.0,345
10390.0,332
10391.0,288
10392.0,296
10393.0,282
10394.0,270
10395.0,273
10396.0,270
10397.0,297
10398.0,303
10399.0,312
10400.0,303
10401.0,316
10402.0,301
10403.0,291
10404.0,271
10405.0,277
10406.0,291
10407.0,293
10408.0,262
10409.0,284
10410.0,317
10411.0,338
10412.0,340
10413.0,305
10414.0,294
10415.0,286
10416.0,312
10417.0,323
10418.0,303
10419.0,280
10420.0,291
10421.0,301
10422.0,287
10423.0,279
10424.0,308
10425.0,314
10426.0,309
10427.0,311
10428.0,299
10429.0,276
10430.0,255
10431.0,245
10432.0,272
10433.0,204
10434.0,153
10435.0,151
10436.0,153
10437.0,162
10438.0,132
10439.0,130
10440.0,160
10441.0,233
10442.0,281
10443.0,211
10444.0,133
10445.0,87
10446.0,86
10447.0,113
10448.0,124
10449.0,166
10450.0,166
10451.0,189
10452.0,136
10453.0,92
10454.0,115
10455.0,122
10456.0,115
10457.0,121
10458.0,140
10459.0,135
10460.0,148
10461.0,158
10462.0,220
10463.0,212
10464.0,196
10465.0,181
10466.0,173
10467.0,185
10468.0,155
10469.0,198
10470.0,228
10471.0,31
10472.0,3
10473.0,3
10474.0,0
10475.0,0
10476.0,0
10477.0,0
10478.0,0
10479.0,47
10480.0,173
10481.0,139
10482.0,83
10483.0,0
10484.0,0
10485.0,0
10486.0,0
10487.0,56
10488.0,183
10489.0,219
10490.0,218
10491.0,206
10492.0,246
10493.0,256
10494.0,298
10495.0,293
10496.0,270
10497.0,211
10498.0,222
10499.0,207
10500.0,258
10501.0,299
10502.0,179
10503.0,156
10504.0,172
10505.0,173
10506.0,155
10507.0,180
10508.0,162
10509.0,153
10510.0,147
10511.0,153
10512.0,168
10513.0,189
10514.0,178
10515.0,140
10516.0,117
10517.0,133
10518.0,131
10519.0,147
10520.0,178
10521.0,166
10522.0,164
10523.0,164
10524.0,154
10525.0,162
10526.0,158
10527.0,177
10528.0,190
10529.0,171
10530.0,147
10531.0,160
10532.0,162
10533.0,190
10534.0,188
10535.0,207
10536.0,216
10537.0,199
10538.0,181
10539.0,178
10540.0,196
10541.0,149
10542.0,125
10543.0,164
10544.0,198
10545.0,194
10546.0,178
10547.0,164
10548.0,169
10549.0,162
10550.0,156
10551.0,188
10552.0,159
10553.0,181
10554.0,192
10555.0,183
10556.0,159
10557.0,148
10558.0,178
10559.0,183
10560.0,174
10561.0,215
10562.0,218
10563.0,229
10564.0,182
10565.0,137
10566.0,98
10567.0,80
10568.0,73
10569.0,0
10570.0,0
10571.0,0
10572.0,92
10573.0,136
10574.0,144
10575.0,76
10576.0,70
10577.0,59
10578.0,71
10579.0,51
10580.0,37
10581.0,0
10582.0,0
10583.0,0
10584.0,0
10585.0,0
10586.0,0
10587.0,0
10588.0,0
10589.0,0
10590.0,0
10591.0,0
10592.0,0
10593.0,0
10594.0,0
10595.0,0
10596.0,0
10597.0,0
10598.0,0
10599.0,34
10600.0,250
10601.0,248
10602.0,131
10603.0,25
10604.0,0
10605.0,0
10606.0,0
10607.0,0
10608.0,0
10609.0,8
10610.0,141
10611.0,334
10612.0,389
10613.0,362
10614.0,286
10615.0,215
10616.0,181
10617.0,129
10618.0,168
10619.0,168
10620.0,167
10621.0,161
10622.0,160
10623.0,120
10624.0,113
10625.0,121
10626.0,140
10627.0,164
10628.0,163
10629.0,144
10630.0,124
10631.0,108
10632.0,119
10633.0,119
10634.0,135
10635.0,129
10636.0,137
10637.0,138
10638.0,137
10639.0,127
10640.0,152
10641.0,154
10642.0,162
10643.0,124
10644.0,124
10645.0,143
10646.0,122
10647.0,155
10648.0,169
10649.0,182
10650.0,255
10651.0,207
10652.0,161
10653.0,162
10654.0,148
10655.0,142
10656.0,119
10657.0,136
10658.0,146
10659.0,138
10660.0,117
10661.0,170
10662.0,176
10663.0,299
10664.0,319
10665.0,295
10666.0,212
10667.0,193
10668.0,217
10669.0,200
10670.0,168
10671.0,167
10672.0,155
10673.0,174
10674.0,169
10675.0,166
10676.0,172
10677.0,144
10678.0,148
10679.0,174
10680.0,161
10681.0,142
10682.0,89
10683.0,27
10684.0,0
10685.0,0
10686.0,0
10687.0,120
10688.0,276
10689.0,175
10690.0,181
10691.0,216
10692.0,206
10693.0,193
10694.0,182
10695.0,180
10696.0,185
10697.0,228
10698.0,220
10699.0,207
10700.0,204
10701.0,211
10702.0,237
10703.0,245
10704.0,247
10705.0,245
10706.0,245
10707.0,207
10708.0,196
10709.0,199
10710.0,220
10711.0,231
10712.0,235
10713.0,247
10714.0,226
10715.0,211
10716.0,215
10717.0,197
10718.0,188
10719.0,203
10720.0,213
10721.0,239
10722.0,232
10723.0,208
10724.0,198
10725.0,200
10726.0,209
10727.0,180
10728.0,193
10729.0,232
10730.0,233
10731.0,229
10732.0,194
10733.0,212
10734.0,230
10735.0,231
10736.0,227
10737.0,228
10738.0,220
10739.0,202
10740.0,191
10741.0,183
10742.0,179
10743.0,207
10744.0,183
10745.0,166
10746.0,189
10747.0,182
10748.0,172
10749.0,182
10750.0,195
10751.0,175
10752.0,186
10753.0,195
10754.0,212
10755.0,211
10756.0,224
10757.0,232
10758.0,241
10759.0,251
10760.0,243
10761.0,245
10762.0,225
10763.0,236
10764.0,214
10765.0,208
10766.0,211
10767.0,198
10768.0,193
10769.0,202
10770.0,216
10771.0,198
10772.0,206
10773.0,215
10774.0,214
10775.0,219
10776.0,207
10777.0,208
10778.0,218
10779.0,222
10780.0,225
10781.0,232
10782.0,208
10783.0,195
10784.0,216
10785.0,225
10786.0,196
10787.0,191
10788.0,195
10789.0,223
10790.0,214
10791.0,182
10792.0,172
10793.0,166
10794.0,171
10795.0,180
10796.0,190
10797.0,211
10798.0,220
10799.0,207
10800.0,196
10801.0,212
10802.0,218
10803.0,240
10804.0,240
10805.0,215
10806.0,208
10807.0,218
10808.0,206
10809.0,205
10810.0,197
10811.0,208
10812.0,224
10813.0,232
10814.0,237
10815.0,220
10816.0,188
10817.0,123
10818.0,163
10819.0,196
10820.0,209
10821.0,204
10822.0,205
10823.0,191
10824.0,184
10825.0,192
10826.0,197
10827.0,199
10828.0,181
10829.0,197
10830.0,201
10831.0,180
10832.0,176
10833.0,217
10834.0,186
10835.0,172
10836.0,167
10837.0,212
10838.0,214
10839.0,215
10840.0,232
10841.0,241
10842.0,225
10843.0,193
10844.0,182
10845.0,176
10846.0,141
10847.0,166
10848.0,190
10849.0,176
10850.0,196
10851.0,181
10852.0,190
10853.0,216
10854.0,204
10855.0,191
10856.0,210
10857.0,208
10858.0,213
10859.0,226
10860.0,218
10861.0,211
10862.0,186
10863.0,191
10864.0,202
10865.0,191
10866.0,189
10867.0,215
10868.0,215
10869.0,207
10870.0,207
10871.0,217
10872.0,174
10873.0,208
10874.0,246
10875.0,209
10876.0,216
10877.0,207
10878.0,195
10879.0,202
10880.0,207
10881.0,201
10882.0,192
10883.0,194
10884.0,189
10885.0,174
10886.0,191
10887.0,190
10888.0,196
10889.0,215
10890.0,204
10891.0,198
10892.0,200
10893.0,192
10894.0,175
10895.0,188
10896.0,174
10897.0,145
10898.0,167
10899.0,204
10900.0,200
10901.0,181
10902.0,183
10903.0,212
10904.0,178
10905.0,194
10906.0,196
10907.0,175
10908.0,176
10909.0,198
10910.0,197
10911.0,219
10912.0,230
10913.0,242
10914.0,223
10915.0,200
10916.0,201
10917.0,204
10918.0,170
10919.0,165
10920.0,186
10921.0,187
10922.0,186
10923.0,182
10924.0,174
10925.0,164
10926.0,187
10927.0,199
10928.0,163
10929.0,169
10930.0,204
10931.0,209
10932.0,194
10933.0,201
10934.0,178
10935.0,172
10936.0,181
10937.0,205
10938.0,202
10939.0,186
10940.0,180
10941.0,199
10942.0,178
10943.0,190
10944.0,189
10945.0,174
10946.0,172
10947.0,156
10948.0,164
10949.0,200
10950.0,196
10951.0,190
10952.0,207
10953.0,200
10954.0,206
10955.0,199
10956.0,181
10957.0,194
10958.0,188
10959.0,206
10960.0,212
10961.0,207
10962.0,201
10963.0,194
10964.0,185
10965.0,181
10966.0,179
10967.0,175
10968.0,205
10969.0,205
10970.0,210
10971.0,215
10972.0,199
10973.0,189
10974.0,177
10975.0,181
10976.0,182
10977.0,168
10978.0,173
10979.0,167
10980.0,165
10981.0,181
10982.0,188
10983.0,201
10984.0,203
10985.0,194
10986.0,198
10987.0,184
10988.0,161
10989.0,160
10990.0,163
10991.0,175
10992.0,186
10993.0,209
10994.0,200
10995.0,192
10996.0,213
10997.0,186
10998.0,188
10999.0,184
11000.0,187
11001.0,183
11002.0,177
11003.0,177
11004.0,196
11005.0,177
11006.0,173
11007.0,163
11008.0,179
11009.0,188
11010.0,193
11011.0,168
11012.0,198
11013.0,192
11014.0,209
11015.0,223
11016.0,206
11017.0,190
11018.0,196
11019.0,199
11020.0,199
11021.0,201
11022.0,188
11023.0,197
11024.0,169
11025.0,162
11026.0,149
11027.0,180
11028.0,164
11029.0,131
11030.0,172
11031.0,171
11032.0,177
11033.0,175
11034.0,168
11035.0,167
11036.0,154
11037.0,199
11038.0,194
11039.0,179
11040.0,181
11041.0,203
11042.0,207
11043.0,203
11044.0,208
11045.0,205
11046.0,200
11047.0,166
11048.0,188
11049.0,155
11050.0,181
11051.0,183
11052.0,174
11053.0,168
11054.0,165
11055.0,161
11056.0,175
11057.0,202
11058.0,184
11059.0,173
11060.0,167
11061.0,174
11062.0,181
11063.0,178
11064.0,165
11065.0,154
11066.0,177
11067.0,189
11068.0,200
11069.0,210
11070.0,175
11071.0,201
11072.0,172
11073.0,178
11074.0,166
11075.0,152
11076.0,124
11077.0,148
11078.0,197
11079.0,174
11080.0,93
11081.0,258
11082.0,234
11083.0,208
11084.0,198
11085.0,170
11086.0,156
11087.0,139
11088.0,133
11089.0,137
11090.0,139
11091.0,135
11092.0,171
11093.0,171
11094.0,152
11095.0,135
11096.0,160
11097.0,169
11098.0,170
11099.0,170
11100.0,174
11101.0,171
11102.0,170
11103.0,174
11104.0,172
11105.0,123
11106.0,137
11107.0,197
11108.0,247
11109.0,235
11110.0,222
11111.0,214
11112.0,184
11113.0,192
11114.0,195
11115.0,202
11116.0,209
11117.0,179
11118.0,157
11119.0,149
11120.0,125
11121.0,83
11122.0,91
11123.0,138
11124.0,213
11125.0,241
11126.0,221
11127.0,214
11128.0,197
11129.0,168
11130.0,190
11131.0,186
11132.0,162
11133.0,169
11134.0,177
11135.0,152
11136.0,166
11137.0,197
11138.0,207
11139.0,196
11140.0,180
11141.0,182
11142.0,191
11143.0,166
11144.0,171
11145.0,163
11146.0,180
11147.0,182
11148.0,180
11149.0,170
11150.0,177
11151.0,172
11152.0,155
11153.0,186
11154.0,196
11155.0,176
11156.0,166
11157.0,139
11158.0,147
11159.0,188
11160.0,169
11161.0,150
11162.0,154
11163.0,148
11164.0,141
11165.0,192
11166.0,235
11167.0,221
11168.0,155
11169.0,188
11170.0,132
11171.0,100
11172.0,86
11173.0,95
11174.0,126
11175.0,180
11176.0,192
11177.0,197
11178.0,142
11179.0,93
11180.0,70
11181.0,97
11182.0,106
11183.0,126
11184.0,183
11185.0,194
11186.0,207
11187.0,208
11188.0,210
11189.0,207
11190.0,189
11191.0,168
11192.0,172
11193.0,156
11194.0,106
11195.0,92
11196.0,100
11197.0,110
11198.0,128
11199.0,118
11200.0,100
11201.0,74
11202.0,52
11203.0,6
11204.0,39
11205.0,39
11206.0,251
11207.0,220
11208.0,201
11209.0,138
11210.0,130
11211.0,111
11212.0,115
11213.0,118
11214.0,119
11215.0,116
11216.0,102
11217.0,96
11218.0,29
11219.0,0
11220.0,0
11221.0,0
11222.0,0
11223.0,68
11224.0,187
11225.0,189
11226.0,159
11227.0,124
11228.0,102
11229.0,131
11230.0,158
11231.0,135
11232.0,94
11233.0,142
11234.0,167
11235.0,171
11236.0,164
11237.0,182
11238.0,168
11239.0,190
11240.0,213
11241.0,204
11242.0,184
11243.0,201
11244.0,192
11245.0,210
11246.0,172
11247.0,151
11248.0,140
11249.0,124
11250.0,114
11251.0,117
11252.0,122
11253.0,150
11254.0,154
11255.0,142
11256.0,139
11257.0,144
11258.0,154
11259.0,179
11260.0,189
11261.0,183
11262.0,147
11263.0,124
11264.0,128
11265.0,29
11266.0,0
11267.0,0
11268.0,0
11269.0,0
11270.0,0
11271.0,0
11272.0,225
11273.0,206
11274.0,148
11275.0,162
11276.0,130
11277.0,129
11278.0,139
11279.0,148
11280.0,168
11281.0,162
11282.0,152
11283.0,136
11284.0,129
11285.0,136
11286.0,146
11287.0,142
11288.0,157
11289.0,168
11290.0,174
11291.0,137
11292.0,136
11293.0,143
11294.0,158
11295.0,152
11296.0,139
11297.0,107
11298.0,102
11299.0,127
11300.0,111
11301.0,161
11302.0,200
11303.0,216
11304.0,226
11305.0,223
11306.0,199
11307.0,169
11308.0,169
11309.0,137
11310.0,97
11311.0,90
11312.0,65
11313.0,0
11314.0,0
11315.0,0
11316.0,0
11317.0,0
11318.0,0
11319.0,0
11320.0,0
11321.0,0
11322.0,0
11323.0,37
11324.0,250
11325.0,280
11326.0,305
11327.0,334
11328.0,376
11329.0,402
11330.0,419
11331.0,411
11332.0,376
11333.0,312
11334.0,158
11335.0,0
11336.0,0
11337.0,0
11338.0,0
11339.0,0
11340.0,0
11341.0,134
11342.0,169
11343.0,168
11344.0,152
11345.0,150
11346.0,147
11347.0,109
11348.0,90
11349.0,138
11350.0,109
11351.0,81
11352.0,96
11353.0,164
11354.0,194
11355.0,108
11356.0,17
11357.0,2
11358.0,0
11359.0,0
11360.0,0
11361.0,0
11362.0,0
11363.0,94
11364.0,95
11365.0,140
11366.0,236
11367.0,355
11368.0,312
11369.0,278
11370.0,238
11371.0,209
11372.0,198
11373.0,241
11374.0,255
11375.0,265
11376.0,245
11377.0,200
11378.0,178
11379.0,153
11380.0,124
11381.0,110
11382.0,137
11383.0,134
11384.0,120
11385.0,98
11386.0,126
11387.0,155
11388.0,164
11389.0,167
11390.0,175
11391.0,171
11392.0,175
11393.0,163
11394.0,191
11395.0,212
11396.0,221
11397.0,219
11398.0,241
11399.0,247
11400.0,219
11401.0,185
11402.0,199
11403.0,236
11404.0,267
11405.0,260
11406.0,216
11407.0,193
11408.0,168
11409.0,121
11410.0,117
11411.0,120
11412.0,110
11413.0,95
11414.0,93
11415.0,57
11416.0,0
11417.0,0
11418.0,0
11419.0,0
11420.0,0
11421.0,0
11422.0,0
11423.0,0
11424.0,28
11425.0,276
11426.0,262
11427.0,171
11428.0,124
11429.0,105
11430.0,98
11431.0,82
11432.0,80
11433.0,67
11434.0,0
11435.0,0
11436.0,0
11437.0,0
11438.0,0
11439.0,108
11440.0,258
11441.0,207
11442.0,139
11443.0,118
11444.0,59
11445.0,0
11446.0,0
11447.0,0
11448.0,0
11449.0,0
11450.0,0
11451.0,0
11452.0,0
11453.0,86
11454.0,261
11455.0,253
11456.0,167
11457.0,124
11458.0,156
11459.0,177
11460.0,167
11461.0,177
11462.0,209
11463.0,185
11464.0,88
11465.0,86
11466.0,102
11467.0,136
11468.0,160
11469.0,147
11470.0,146
11471.0,156
11472.0,170
11473.0,131
11474.0,156
11475.0,186
11476.0,252
11477.0,235
11478.0,202
11479.0,173
11480.0,136
11481.0,131
11482.0,136
11483.0,132
11484.0,137
11485.0,105
11486.0,117
11487.0,147
11488.0,152
11489.0,163
11490.0,156
11491.0,140
11492.0,134
11493.0,135
11494.0,143
11495.0,149
11496.0,159
11497.0,192
11498.0,168
11499.0,169
11500.0,194
11501.0,178
11502.0,181
11503.0,174
11504.0,179
11505.0,192
11506.0,198
11507.0,183
11508.0,178
11509.0,180
11510.0,179
11511.0,179
11512.0,178
11513.0,176
11514.0,171
11515.0,171
11516.0,159
11517.0,170
11518.0,161
11519.0,153
11520.0,164
11521.0,155
11522.0,147
11523.0,149
11524.0,165
11525.0,183
11526.0,180
11527.0,179
11528.0,173
11529.0,174
11530.0,189
11531.0,178
11532.0,169
11533.0,171
11534.0,167
11535.0,211
11536.0,221
11537.0,213
11538.0,210
11539.0,173
11540.0,201
11541.0,225
11542.0,191
11543.0,186
11544.0,221
11545.0,202
11546.0,202
11547.0,249
11548.0,224
11549.0,215
11550.0,196
11551.0,188
11552.0,170
11553.0,162
11554.0,151
11555.0,171
11556.0,171
11557.0,187
11558.0,172
11559.0,178
11560.0,184
11561.0,200
11562.0,192
11563.0,182
11564.0,175
11565.0,149
11566.0,160
11567.0,184
11568.0,208
11569.0,186
11570.0,167
11571.0,207
11572.0,182
11573.0,178
11574.0,175
11575.0,168
11576.0,162
11577.0,153
11578.0,170
11579.0,152
11580.0,152
11581.0,152
11582.0,155
11583.0,176
11584.0,174
11585.0,153
11586.0,151
11587.0,155
11588.0,156
11589.0,146
11590.0,155
11591.0,180
11592.0,168
11593.0,186
11594.0,207
11595.0,188
11596.0,214
11597.0,211
11598.0,221
11599.0,212
11600.0,194
11601.0,145
11602.0,123
11603.0,121
11604.0,132
11605.0,114
11606.0,145
11607.0,169
11608.0,151
11609.0,112
11610.0,47
11611.0,0
11612.0,0
11613.0,0
11614.0,0
11615.0,0
11616.0,0
11617.0,0
11618.0,0
11619.0,0
11620.0,58
11621.0,233
11622.0,251
11623.0,287
11624.0,280
11625.0,226
11626.0,165
11627.0,126
11628.0,158
11629.0,172
11630.0,172
11631.0,182
11632.0,132
11633.0,75
11634.0,76
11635.0,281
11636.0,266
11637.0,236
11638.0,223
11639.0,218
11640.0,233
11641.0,226
11642.0,207
11643.0,184
11644.0,108
11645.0,67
11646.0,89
11647.0,144
11648.0,171
11649.0,175
11650.0,184
11651.0,208
11652.0,188
11653.0,175
11654.0,177
11655.0,160
11656.0,150
11657.0,185
11658.0,191
11659.0,159
11660.0,164
11661.0,145
11662.0,151
11663.0,146
11664.0,152
11665.0,155
11666.0,152
11667.0,168
11668.0,165
11669.0,168
11670.0,191
11671.0,188
11672.0,193
11673.0,190
11674.0,178
11675.0,180
11676.0,177
11677.0,172
11678.0,180
11679.0,166
11680.0,135
11681.0,139
11682.0,157
11683.0,159
11684.0,179
11685.0,160
11686.0,144
11687.0,167
11688.0,193
11689.0,212
11690.0,200
11691.0,193
11692.0,188
11693.0,185
11694.0,172
11695.0,180
11696.0,195
11697.0,179
11698.0,166
11699.0,175
11700.0,173
11701.0,174
11702.0,200
11703.0,166
11704.0,178
11705.0,214
11706.0,194
11707.0,203
11708.0,203
11709.0,197
11710.0,222
11711.0,250
11712.0,220
11713.0,212
11714.0,201
11715.0,187
11716.0,182
11717.0,178
11718.0,172
11719.0,143
11720.0,133
11721.0,145
11722.0,169
11723.0,176
11724.0,162
11725.0,157
11726.0,180
11727.0,189
11728.0,171
11729.0,201
11730.0,218
11731.0,212
11732.0,201
11733.0,178
11734.0,169
11735.0,161
11736.0,134
11737.0,157
11738.0,130
11739.0,104
11740.0,161
11741.0,221
11742.0,167
11743.0,142
11744.0,120
11745.0,146
11746.0,183
11747.0,185
11748.0,169
11749.0,183
11750.0,220
11751.0,240
11752.0,210
11753.0,171
11754.0,140
11755.0,145
11756.0,197
11757.0,187
11758.0,207
11759.0,223
11760.0,214
11761.0,225
11762.0,254
11763.0,232
11764.0,183
11765.0,171
11766.0,167
11767.0,163
11768.0,181
11769.0,183
11770.0,156
11771.0,158
11772.0,168
11773.0,192
11774.0,194
11775.0,210
11776.0,206
11777.0,187
11778.0,155
11779.0,127
11780.0,183
11781.0,202
11782.0,198
11783.0,194
11784.0,180
11785.0,192
11786.0,200
11787.0,220
11788.0,217
11789.0,201
11790.0,227
11791.0,172
11792.0,97
11793.0,104
11794.0,152
11795.0,145
11796.0,185
11797.0,218
11798.0,213
11799.0,222
11800.0,167
11801.0,183
11802.0,174
11803.0,159
11804.0,151
11805.0,136
11806.0,137
11807.0,146
11808.0,159
11809.0,160
11810.0,155
11811.0,211
11812.0,197
11813.0,156
11814.0,162
11815.0,164
11816.0,177
11817.0,162
11818.0,160
11819.0,170
11820.0,174
11821.0,218
11822.0,228
11823.0,205
11824.0,197
11825.0,194
11826.0,193
11827.0,182
11828.0,188
11829.0,198
11830.0,247
11831.0,300
11832.0,206
11833.0,216
11834.0,218
11835.0,176
11836.0,151
11837.0,170
11838.0,132
11839.0,96
11840.0,121
11841.0,172
11842.0,222
11843.0,201
11844.0,191
11845.0,163
11846.0,187
11847.0,203
11848.0,193
11849.0,183
11850.0,213
11851.0,225
11852.0,210
11853.0,224
11854.0,197
11855.0,175
11856.0,185
11857.0,209
11858.0,231
11859.0,192
11860.0,182
11861.0,178
11862.0,179
11863.0,160
11864.0,152
11865.0,151
11866.0,164
11867.0,189
11868.0,181
11869.0,174
11870.0,168
11871.0,188
11872.0,179
11873.0,157
11874.0,184
11875.0,186
11876.0,148
11877.0,165
11878.0,158
11879.0,154
11880.0,148
11881.0,170
11882.0,191
11883.0,192
11884.0,175
11885.0,110
11886.0,106
11887.0,110
11888.0,106
11889.0,111
11890.0,122
11891.0,155
11892.0,194
11893.0,165
11894.0,235
11895.0,291
11896.0,232
11897.0,194
11898.0,167
11899.0,195
11900.0,171
11901.0,132
11902.0,163
11903.0,166
11904.0,158
11905.0,172
11906.0,195
11907.0,197
11908.0,199
11909.0,143
11910.0,131
11911.0,154
11912.0,169
11913.0,179
11914.0,159
11915.0,132
11916.0,127
11917.0,149
11918.0,146
11919.0,154
11920.0,146
11921.0,140
11922.0,153
11923.0,152
11924.0,170
11925.0,128
11926.0,90
11927.0,97
11928.0,114
11929.0,121
11930.0,130
11931.0,164
11932.0,164
11933.0,153
11934.0,156
11935.0,144
11936.0,132
11937.0,127
11938.0,127
11939.0,160
11940.0,226
11941.0,224
11942.0,92
11943.0,185
11944.0,204
11945.0,160
11946.0,157
11947.0,147
11948.0,131
11949.0,137
11950.0,128
11951.0,141
11952.0,192
11953.0,143
11954.0,116
11955.0,140
11956.0,129
11957.0,151
11958.0,158
11959.0,168
11960.0,159
11961.0,155
11962.0,150
11963.0,152
11964.0,168
11965.0,160
11966.0,158
11967.0,191
11968.0,160
11969.0,163
11970.0,177
11971.0,186
11972.0,185
11973.0,189
11974.0,216
11975.0,181
11976.0,169
11977.0,150
11978.0,124
11979.0,145
11980.0,164
11981.0,154
11982.0,160
11983.0,169
11984.0,167
11985.0,200
11986.0,221
11987.0,246
11988.0,216
11989.0,221
11990.0,209
11991.0,155
11992.0,146
11993.0,142
11994.0,159
11995.0,157
11996.0,191
11997.0,193
11998.0,161
11999.0,183
12000.0,134
12001.0,141
12002.0,150
12003.0,131
12004.0,146
12005.0,146
12006.0,161
12007.0,187
12008.0,209
12009.0,167
12010.0,132
12011.0,130
12012.0,167
12013.0,158
12014.0,170
12015.0,165
12016.0,149
12017.0,172
12018.0,152
12019.0,144
12020.0,221
12021.0,259
12022.0,253
12023.0,241
12024.0,271
12025.0,250
12026.0,230
12027.0,229
12028.0,250
12029.0,270
12030.0,13
12031.0,2
12032.0,3
12033.0,78
12034.0,184
12035.0,184
12036.0,227
12037.0,245
12038.0,222
12039.0,172
12040.0,127
12041.0,101
12042.0,95
12043.0,105
12044.0,113
12045.0,110
12046.0,105
12047.0,106
12048.0,99
12049.0,82
12050.0,0
12051.0,0
12052.0,0
12053.0,0
12054.0,0
12055.0,0
12056.0,0
12057.0,0
12058.0,0
12059.0,0
12060.0,165
12061.0,139
12062.0,116
12063.0,161
12064.0,217
12065.0,206
12066.0,232
12067.0,203
12068.0,195
12069.0,170
12070.0,168
12071.0,202
12072.0,242
12073.0,252
12074.0,265
12075.0,244
12076.0,196
12077.0,145
12078.0,151
12079.0,143
12080.0,155
12081.0,165
12082.0,171
12083.0,124
12084.0,57
12085.0,0
12086.0,0
12087.0,0
12088.0,0
12089.0,0
12090.0,154
12091.0,212
12092.0,129
12093.0,103
12094.0,33
12095.0,2
12096.0,2
12097.0,58
12098.0,73
12099.0,0
12100.0,0
12101.0,0
12102.0,0
12103.0,0
12104.0,0
12105.0,0
12106.0,151
12107.0,169
12108.0,67
12109.0,24
12110.0,0
12111.0,0
12112.0,0
12113.0,0
12114.0,0
12115.0,0
12116.0,42
12117.0,78
12118.0,73
12119.0,132
12120.0,179
12121.0,171
12122.0,173
12123.0,183
12124.0,181
12125.0,195
12126.0,177
12127.0,189
12128.0,222
12129.0,203
12130.0,212
12131.0,210
12132.0,187
12133.0,182
12134.0,198
12135.0,190
12136.0,206
12137.0,202
12138.0,145
12139.0,167
12140.0,206
12141.0,196
12142.0,169
12143.0,170
12144.0,170
12145.0,183
12146.0,181
12147.0,176
12148.0,164
12149.0,188
12150.0,222
12151.0,292
12152.0,276
12153.0,252
12154.0,256
12155.0,246
12156.0,228
12157.0,237
12158.0,266
12159.0,254
12160.0,232
12161.0,240
12162.0,233
12163.0,184
12164.0,166
12165.0,185
12166.0,180
12167.0,200
12168.0,198
12169.0,178
12170.0,160
12171.0,144
12172.0,143
12173.0,163
12174.0,181
12175.0,176
12176.0,154
12177.0,142
12178.0,154
12179.0,169
12180.0,177
12181.0,152
12182.0,189
12183.0,189
12184.0,179
12185.0,164
12186.0,169
12187.0,158
12188.0,176
12189.0,197
12190.0,190
12191.0,176
12192.0,172
12193.0,176
12194.0,177
12195.0,175
12196.0,173
12197.0,180
12198.0,176
12199.0,165
12200.0,160
12201.0,165
12202.0,161
12203.0,161
12204.0,165
12205.0,185
12206.0,175
12207.0,190
12208.0,180
12209.0,134
12210.0,88
12211.0,196
12212.0,193
12213.0,191
12214.0,195
12215.0,185
12216.0,199
12217.0,203
12218.0,213
12219.0,216
12220.0,211
12221.0,209
12222.0,190
12223.0,197
12224.0,189
12225.0,190
12226.0,190
12227.0,188
12228.0,189
12229.0,181
12230.0,180
12231.0,214
12232.0,223
12233.0,218
12234.0,220
12235.0,191
12236.0,188
12237.0,189
12238.0,206
12239.0,208
12240.0,180
12241.0,148
12242.0,167
12243.0,183
12244.0,178
12245.0,192
12246.0,162
12247.0,163
12248.0,186
12249.0,202
12250.0,167
12251.0,168
12252.0,181
12253.0,173
12254.0,186
12255.0,185
12256.0,148
12257.0,147
12258.0,169
12259.0,169
12260.0,166
12261.0,168
12262.0,166
12263.0,165
12264.0,143
12265.0,133
12266.0,153
12267.0,155
12268.0,168
12269.0,169
12270.0,166
12271.0,173
12272.0,153
12273.0,160
12274.0,169
12275.0,162
12276.0,163
12277.0,186
12278.0,179
12279.0,170
12280.0,173
12281.0,167
12282.0,160
12283.0,185
12284.0,188
12285.0,190
12286.0,201
12287.0,345
12288.0,348
12289.0,235
12290.0,191
12291.0,175
12292.0,141
12293.0,182
12294.0,206
12295.0,225
12296.0,244
12297.0,236
12298.0,226
12299.0,196
12300.0,197
12301.0,189
12302.0,205
12303.0,192
12304.0,187
12305.0,191
12306.0,180
12307.0,170
12308.0,193
12309.0,183
12310.0,183
12311.0,187
12312.0,194
12313.0,197
12314.0,183
12315.0,183
12316.0,179
12317.0,201
12318.0,209
12319.0,211
12320.0,221
12321.0,221
12322.0,207
12323.0,201
12324.0,196
12325.0,192
12326.0,181
12327.0,174
12328.0,178
12329.0,166
12330.0,184
12331.0,182
12332.0,183
12333.0,191
12334.0,171
12335.0,162
12336.0,184
12337.0,170
12338.0,176
12339.0,185
12340.0,209
12341.0,210
12342.0,205
12343.0,211
12344.0,200
12345.0,223
12346.0,231
12347.0,230
12348.0,214
12349.0,198
12350.0,215
12351.0,204
12352.0,225
12353.0,233
12354.0,246
12355.0,219
12356.0,203
12357.0,190
12358.0,81
12359.0,80
12360.0,119
12361.0,243
12362.0,288
12363.0,229
12364.0,237
12365.0,249
12366.0,229
12367.0,196
12368.0,179
12369.0,172
12370.0,192
12371.0,197
12372.0,192
12373.0,185
12374.0,200
12375.0,214
12376.0,187
12377.0,287
12378.0,251
12379.0,130
12380.0,98
12381.0,183
12382.0,179
12383.0,173
12384.0,180
12385.0,204
12386.0,198
12387.0,192
12388.0,201
12389.0,166
12390.0,245
12391.0,235
12392.0,208
12393.0,159
12394.0,163
12395.0,204
12396.0,183
12397.0,162
12398.0,153
12399.0,147
12400.0,213
12401.0,210
12402.0,160
12403.0,120
12404.0,140
12405.0,144
12406.0,130
12407.0,142
12408.0,111
12409.0,117
12410.0,91
12411.0,103
12412.0,123
12413.0,148
12414.0,97
12415.0,86
12416.0,159
12417.0,233
12418.0,237
12419.0,157
12420.0,133
12421.0,183
12422.0,192
12423.0,153
12424.0,127
12425.0,130
12426.0,137
12427.0,141
12428.0,165
12429.0,184
12430.0,155
12431.0,137
12432.0,100
12433.0,26
12434.0,0
12435.0,0
12436.0,0
12437.0,0
12438.0,0
12439.0,0
12440.0,0
12441.0,0
12442.0,163
12443.0,268
12444.0,389
12445.0,424
12446.0,395
12447.0,366
12448.0,326
12449.0,266
12450.0,235
12451.0,248
12452.0,228
12453.0,179
12454.0,126
12455.0,111
12456.0,141
12457.0,167
12458.0,179
12459.0,171
12460.0,139
12461.0,129
12462.0,169
12463.0,144
12464.0,142
12465.0,143
12466.0,132
12467.0,137
12468.0,139
12469.0,119
12470.0,100
12471.0,91
12472.0,91
12473.0,170
12474.0,204
12475.0,162
12476.0,200
12477.0,228
12478.0,189
12479.0,162
12480.0,158
12481.0,147
12482.0,147
12483.0,147
12484.0,165
12485.0,170
12486.0,206
12487.0,185
12488.0,161
12489.0,144
12490.0,150
12491.0,160
12492.0,110
12493.0,140
12494.0,162
12495.0,185
12496.0,210
12497.0,264
12498.0,265
12499.0,207
12500.0,168
12501.0,174
12502.0,184
12503.0,133
12504.0,165
12505.0,215
12506.0,157
12507.0,122
12508.0,154
12509.0,190
12510.0,205
12511.0,183
12512.0,166
12513.0,228
12514.0,197
12515.0,172
12516.0,181
12517.0,219
12518.0,210
12519.0,207
12520.0,199
12521.0,167
12522.0,197
12523.0,141
12524.0,150
12525.0,142
12526.0,134
12527.0,140
12528.0,152
12529.0,168
12530.0,120
12531.0,133
12532.0,132
12533.0,156
12534.0,152
12535.0,111
12536.0,127
12537.0,99
12538.0,173
12539.0,221
12540.0,216
12541.0,211
12542.0,167
12543.0,172
12544.0,193
12545.0,192
12546.0,171
12547.0,147
12548.0,97
12549.0,107
12550.0,160
12551.0,165
12552.0,164
12553.0,167
12554.0,183
12555.0,157
12556.0,206
12557.0,276
12558.0,209
12559.0,162
12560.0,124
12561.0,140
12562.0,192
12563.0,146
12564.0,231
12565.0,218
12566.0,211
12567.0,123
12568.0,146
12569.0,254
12570.0,214
12571.0,153
12572.0,160
12573.0,134
12574.0,139
12575.0,152
12576.0,198
12577.0,249
12578.0,201
12579.0,191
12580.0,155
12581.0,148
12582.0,120
12583.0,140
12584.0,180
12585.0,184
12586.0,171
12587.0,157
12588.0,157
12589.0,186
12590.0,161
12591.0,161
12592.0,163
12593.0,163
12594.0,166
12595.0,145
12596.0,149
12597.0,154
12598.0,202
12599.0,173
12600.0,164
12601.0,165
12602.0,142
12603.0,141
12604.0,142
12605.0,181
12606.0,207
12607.0,201
12608.0,226
12609.0,214
12610.0,200
12611.0,221
12612.0,298
12613.0,297
12614.0,295
12615.0,253
12616.0,150
12617.0,130
12618.0,111
12619.0,148
12620.0,164
12621.0,172
12622.0,178
12623.0,195
12624.0,229
12625.0,234
12626.0,168
12627.0,136
12628.0,170
12629.0,153
12630.0,152
12631.0,154
12632.0,188
12633.0,208
12634.0,185
12635.0,168
12636.0,170
12637.0,201
12638.0,188
12639.0,155
12640.0,156
12641.0,190
12642.0,184
12643.0,203
12644.0,190
12645.0,212
12646.0,203
12647.0,183
12648.0,164
12649.0,172
12650.0,153
12651.0,163
12652.0,167
12653.0,171
12654.0,185
12655.0,137
12656.0,75
12657.0,37
12658.0,56
12659.0,68
12660.0,39
12661.0,60
12662.0,284
12663.0,299
12664.0,187
12665.0,195
12666.0,217
12667.0,254
12668.0,250
12669.0,257
12670.0,180
12671.0,130
12672.0,157
12673.0,184
12674.0,209
12675.0,219
12676.0,218
12677.0,164
12678.0,155
12679.0,164
12680.0,162
12681.0,121
12682.0,83
12683.0,79
12684.0,60
12685.0,36
12686.0,54
12687.0,54
12688.0,56
12689.0,256
12690.0,279
12691.0,242
12692.0,224
12693.0,165
12694.0,194
12695.0,195
12696.0,188
12697.0,164
12698.0,157
12699.0,145
12700.0,148
12701.0,134
12702.0,145
12703.0,149
12704.0,104
12705.0,0
12706.0,0
12707.0,0
12708.0,0
12709.0,0
12710.0,0
12711.0,0
12712.0,0
12713.0,0
12714.0,0
12715.0,0
12716.0,71
12717.0,236
12718.0,245
12719.0,246
12720.0,205
12721.0,156
12722.0,278
12723.0,260
12724.0,282
12725.0,292
12726.0,246
12727.0,242
12728.0,269
12729.0,290
12730.0,288
12731.0,281
12732.0,265
12733.0,252
12734.0,258
12735.0,239
12736.0,222
12737.0,227
12738.0,140
12739.0,133
12740.0,233
12741.0,315
12742.0,273
12743.0,225
12744.0,176
12745.0,160
12746.0,187
12747.0,171
12748.0,159
12749.0,113
12750.0,138
12751.0,165
12752.0,151
12753.0,149
12754.0,151
12755.0,147
12756.0,210
12757.0,171
12758.0,172
12759.0,214
12760.0,202
12761.0,91
12762.0,199
12763.0,265
12764.0,255
12765.0,209
12766.0,179
12767.0,151
12768.0,135
12769.0,97
12770.0,96
12771.0,146
12772.0,142
12773.0,159
12774.0,172
12775.0,166
12776.0,156
12777.0,159
12778.0,135
12779.0,138
12780.0,137
12781.0,117
12782.0,119
12783.0,84
12784.0,75
12785.0,68
12786.0,91
12787.0,111
12788.0,127
12789.0,139
12790.0,114
12791.0,109
12792.0,108
12793.0,106
12794.0,105
12795.0,94
12796.0,83
12797.0,59
12798.0,0
12799.0,0
12800.0,0
12801.0,0
12802.0,0
12803.0,0
12804.0,0
12805.0,0
12806.0,0
12807.0,0
12808.0,0
12809.0,0
12810.0,0
12811.0,0
12812.0,0
12813.0,0
12814.0,0
12815.0,0
12816.0,0
12817.0,0
12818.0,0
12819.0,0
12820.0,0
12821.0,0
12822.0,0
12823.0,0
12824.0,0
12825.0,0
12826.0,0
12827.0,0
12828.0,0
12829.0,0
12830.0,0
12831.0,0
12832.0,0
12833.0,0
12834.0,0
12835.0,59
12836.0,238
12837.0,196
12838.0,168
12839.0,199
12840.0,268
12841.0,280
12842.0,233
12843.0,236
12844.0,192
12845.0,183
12846.0,298
12847.0,262
12848.0,262
12849.0,244
12850.0,196
12851.0,172
12852.0,81
12853.0,0
12854.0,0
12855.0,0
12856.0,0
12857.0,0
12858.0,0
12859.0,0
12860.0,0
12861.0,0
12862.0,0
12863.0,0
12864.0,0
12865.0,0
12866.0,0
12867.0,0
12868.0,0
12869.0,0
12870.0,0
12871.0,0
12872.0,0
12873.0,0
12874.0,0
12875.0,0
12876.0,0
12877.0,0
12878.0,0
12879.0,0
12880.0,0
12881.0,0
12882.0,0
12883.0,89
12884.0,85
12885.0,75
12886.0,15
12887.0,3
12888.0,4
12889.0,236
12890.0,267
12891.0,263
12892.0,245
12893.0,246
12894.0,311
12895.0,292
12896.0,253
12897.0,209
12898.0,159
12899.0,41
12900.0,0
12901.0,0
12902.0,0
12903.0,0
12904.0,0
12905.0,0
12906.0,0
12907.0,0
12908.0,0
12909.0,0
12910.0,0
12911.0,223
12912.0,175
12913.0,144
12914.0,229
12915.0,287
12916.0,262
12917.0,257
12918.0,236
12919.0,213
12920.0,179
12921.0,163
12922.0,117
12923.0,100
12924.0,99
12925.0,98
12926.0,94
12927.0,100
12928.0,122
12929.0,138
12930.0,130
12931.0,166
12932.0,167
12933.0,147
12934.0,121
12935.0,98
12936.0,69
12937.0,67
12938.0,73
12939.0,63
12940.0,55
12941.0,39
12942.0,81
12943.0,111
12944.0,164
12945.0,130
12946.0,156
12947.0,130
12948.0,129
12949.0,104
12950.0,76
12951.0,76
12952.0,38
12953.0,88
12954.0,103
12955.0,89
12956.0,104
12957.0,91
12958.0,82
12959.0,76
12960.0,56
12961.0,69
12962.0,121
12963.0,154
12964.0,135
12965.0,115
12966.0,93
12967.0,75
12968.0,96
12969.0,153
12970.0,116
12971.0,110
12972.0,132
12973.0,173
12974.0,173
12975.0,157
12976.0,146
12977.0,116
12978.0,104
12979.0,95
12980.0,118
12981.0,124
12982.0,119
12983.0,141
12984.0,137
12985.0,144
12986.0,144
12987.0,125
12988.0,102
12989.0,112
12990.0,120
12991.0,140
12992.0,222
12993.0,199
12994.0,155
12995.0,150
12996.0,173
12997.0,180
12998.0,218
12999.0,231
13000.0,249
13001.0,255
13002.0,262
13003.0,204
13004.0,189
13005.0,169
13006.0,167
13007.0,166
13008.0,176
13009.0,162
13010.0,170
13011.0,181
13012.0,179
13013.0,151
13014.0,78
13015.0,62
13016.0,66
13017.0,80
13018.0,77
13019.0,48
13020.0,39
13021.0,47
13022.0,55
13023.0,112
13024.0,181
13025.0,153
13026.0,153
13027.0,177
13028.0,182
13029.0,160
13030.0,151
13031.0,171
13032.0,194
13033.0,151
13034.0,128
13035.0,99
13036.0,111
13037.0,132
13038.0,127
13039.0,112
13040.0,102
13041.0,117
13042.0,125
13043.0,107
13044.0,112
13045.0,128
13046.0,145
13047.0,167
13048.0,208
13049.0,197
13050.0,184
13051.0,165
13052.0,164
13053.0,151
13054.0,142
13055.0,131
13056.0,103
13057.0,95
13058.0,91
13059.0,115
13060.0,126
13061.0,131
13062.0,120
13063.0,127
13064.0,142
13065.0,140
13066.0,140
13067.0,145
13068.0,146
13069.0,138
13070.0,105
13071.0,101
13072.0,114
13073.0,85
13074.0,75
13075.0,83
13076.0,75
13077.0,81
13078.0,100
13079.0,134
13080.0,204
13081.0,207
13082.0,259
13083.0,220
13084.0,144
13085.0,150
13086.0,151
13087.0,162
13088.0,140
13089.0,142
13090.0,139
13091.0,158
13092.0,132
13093.0,128
13094.0,123
13095.0,126
13096.0,136
13097.0,160
13098.0,167
13099.0,125
13100.0,134
13101.0,165
13102.0,136
13103.0,101
13104.0,117
13105.0,112
13106.0,122
13107.0,117
13108.0,139
13109.0,137
13110.0,143
13111.0,136
13112.0,134
13113.0,122
13114.0,120
13115.0,122
13116.0,120
13117.0,103
13118.0,138
13119.0,143
13120.0,116
13121.0,100
13122.0,46
13123.0,40
13124.0,40
13125.0,40
13126.0,143
13127.0,117
13128.0,120
13129.0,143
13130.0,180
13131.0,210
13132.0,188
13133.0,201
13134.0,234
13135.0,174
13136.0,177
13137.0,250
13138.0,233
13139.0,170
13140.0,28
13141.0,44
13142.0,171
13143.0,193
13144.0,234
13145.0,193
13146.0,162
13147.0,149
13148.0,177
13149.0,190
13150.0,195
13151.0,208
13152.0,180
13153.0,136
13154.0,125
13155.0,126
13156.0,114
13157.0,99
13158.0,83
13159.0,62
13160.0,4
13161.0,0
13162.0,0
13163.0,0
13164.0,0
13165.0,0
13166.0,0
13167.0,0
13168.0,26
13169.0,189
13170.0,131
13171.0,130
13172.0,151
13173.0,137
13174.0,145
13175.0,126
13176.0,166
13177.0,148
13178.0,135
13179.0,151
13180.0,166
13181.0,155
13182.0,145
13183.0,149
13184.0,168
13185.0,170
13186.0,145
13187.0,128
13188.0,33
13189.0,0
13190.0,0
13191.0,0
13192.0,0
13193.0,166
13194.0,85
13195.0,103
13196.0,69
13197.0,0
13198.0,0
13199.0,0
13200.0,0
13201.0,0
13202.0,0
13203.0,0
13204.0,0
13205.0,155
13206.0,270
13207.0,215
13208.0,199
13209.0,178
13210.0,164
13211.0,136
13212.0,98
13213.0,94
13214.0,93
13215.0,53
13216.0,19
13217.0,16
13218.0,1
13219.0,2
13220.0,2
13221.0,0
13222.0,0
13223.0,0
13224.0,0
13225.0,0
13226.0,0
13227.0,0
13228.0,0
13229.0,0
13230.0,0
13231.0,0
13232.0,0
13233.0,0
13234.0,0
13235.0,0
13236.0,0
13237.0,0
13238.0,0
13239.0,0
13240.0,0
13241.0,0
13242.0,0
13243.0,0
13244.0,0
13245.0,0
13246.0,0
13247.0,0
13248.0,0
13249.0,0
13250.0,0
13251.0,0
13252.0,0
13253.0,0
13254.0,0
13255.0,0
13256.0,0
13257.0,0
13258.0,0
13259.0,0
13260.0,0
13261.0,0
13262.0,0
13263.0,0
13264.0,0
13265.0,0
13266.0,0
13267.0,0
13268.0,0
13269.0,0
13270.0,0
13271.0,0
13272.0,0
13273.0,0
13274.0,0
13275.0,0
13276.0,0
13277.0,0
13278.0,0
13279.0,0
13280.0,0
13281.0,0
13282.0,0
13283.0,0
13284.0,0
13285.0,0
13286.0,0
13287.0,0
13288.0,0
13289.0,0
13290.0,0
13291.0,0
13292.0,0
13293.0,0
13294.0,0
13295.0,0
13296.0,0
13297.0,0
13298.0,0
13299.0,0
13300.0,0
13301.0,57
13302.0,288
13303.0,45
13304.0,132
13305.0,119
13306.0,92
13307.0,84
13308.0,97
13309.0,150
13310.0,193
13311.0,219
13312.0,171
13313.0,182
13314.0,170
13315.0,178
13316.0,178
13317.0,157
13318.0,167
13319.0,179
13320.0,195
13321.0,185
13322.0,174
13323.0,186
13324.0,170
13325.0,165
13326.0,138
13327.0,184
13328.0,170
13329.0,165
13330.0,167
13331.0,133
13332.0,156
13333.0,152
13334.0,126
13335.0,131
13336.0,142
13337.0,150
13338.0,158
13339.0,167
13340.0,152
13341.0,135
13342.0,142
13343.0,139
13344.0,129
13345.0,140
13346.0,121
13347.0,110
13348.0,211
13349.0,203
13350.0,182
13351.0,140
13352.0,144
13353.0,136
13354.0,138
13355.0,142
13356.0,140
13357.0,150
13358.0,169
13359.0,170
13360.0,153
13361.0,163
13362.0,195
13363.0,204
13364.0,192
13365.0,174
13366.0,196
13367.0,190
13368.0,177
13369.0,155
13370.0,131
13371.0,126
13372.0,119
13373.0,125
13374.0,123
13375.0,123
13376.0,141
13377.0,148
13378.0,161
13379.0,157
13380.0,159
13381.0,150
13382.0,156
13383.0,169
13384.0,142
13385.0,150
13386.0,147
13387.0,156
13388.0,150
13389.0,161
13390.0,159
13391.0,164
13392.0,161
13393.0,163
13394.0,155
13395.0,172
13396.0,190
13397.0,192
13398.0,185
13399.0,186
13400.0,176
13401.0,169
13402.0,152
13403.0,153
13404.0,146
13405.0,145
13406.0,148
13407.0,142
13408.0,135
13409.0,129
13410.0,118
13411.0,110
13412.0,112
13413.0,106
13414.0,123
13415.0,125
13416.0,121
13417.0,120
13418.0,112
13419.0,116
13420.0,122
13421.0,124
13422.0,105
13423.0,105
13424.0,104
13425.0,6
13426.0,0
13427.0,0
13428.0,0
13429.0,0
13430.0,0
13431.0,0
13432.0,0
13433.0,0
13434.0,0
13435.0,0
13436.0,0
13437.0,0
13438.0,0
13439.0,0
13440.0,0
13441.0,25
13442.0,97
13443.0,111
13444.0,132
13445.0,123
13446.0,122
13447.0,128
13448.0,123
13449.0,116
13450.0,105
13451.0,94
13452.0,90
13453.0,93
13454.0,79
13455.0,9
13456.0,0
13457.0,0
13458.0,0
13459.0,0
13460.0,62
13461.0,99
13462.0,157
13463.0,149
13464.0,149
13465.0,188
13466.0,186
13467.0,205
13468.0,210
13469.0,204
13470.0,197
13471.0,193
13472.0,197
13473.0,177
13474.0,161
13475.0,165
13476.0,167
13477.0,144
13478.0,137
13479.0,123
13480.0,114
13481.0,111
13482.0,118
13483.0,116
13484.0,118
13485.0,162
13486.0,171
13487.0,158
13488.0,62
13489.0,1
13490.0,0
13491.0,0
13492.0,0
13493.0,0
13494.0,0
13495.0,0
13496.0,51
13497.0,197
13498.0,211
13499.0,231
13500.0,241
13501.0,166
13502.0,139
13503.0,183
13504.0,179
13505.0,186
13506.0,201
13507.0,200
13508.0,209
13509.0,218
13510.0,208
13511.0,213
13512.0,223
13513.0,216
13514.0,215
13515.0,209
13516.0,210
13517.0,213
13518.0,208
13519.0,218
13520.0,218
13521.0,217
13522.0,211
13523.0,215
13524.0,213
13525.0,201
13526.0,215
13527.0,201
13528.0,205
13529.0,197
13530.0,199
13531.0,201
13532.0,178
13533.0,168
13534.0,140
13535.0,141
13536.0,144
13537.0,109
13538.0,144
13539.0,148
13540.0,137
13541.0,168
13542.0,217
13543.0,184
13544.0,204
13545.0,230
13546.0,224
13547.0,201
13548.0,176
13549.0,185
13550.0,177
13551.0,188
13552.0,202
13553.0,196
13554.0,196
13555.0,203
13556.0,183
13557.0,170
13558.0,183
13559.0,187
13560.0,192
13561.0,177
13562.0,177
13563.0,157
13564.0,170
13565.0,185
13566.0,177
13567.0,169
13568.0,171
13569.0,180
13570.0,184
13571.0,177
13572.0,197
13573.0,189
13574.0,177
13575.0,178
13576.0,170
13577.0,155
13578.0,167
13579.0,160
13580.0,145
13581.0,154
13582.0,146
13583.0,151
13584.0,169
13585.0,167
13586.0,164
13587.0,170
13588.0,160
13589.0,173
13590.0,198
13591.0,205
13592.0,171
13593.0,173
13594.0,181
13595.0,156
13596.0,164
13597.0,172
13598.0,157
13599.0,172
13600.0,166
13601.0,156
13602.0,150
13603.0,159
13604.0,147
13605.0,129
13606.0,109
13607.0,135
13608.0,167
13609.0,198
13610.0,198
13611.0,191
13612.0,213
13613.0,219
13614.0,198
13615.0,204
13616.0,197
13617.0,196
13618.0,198
13619.0,190
13620.0,189
13621.0,171
13622.0,194
13623.0,192
13624.0,186
13625.0,183
13626.0,193
13627.0,194
13628.0,198
13629.0,192
13630.0,184
13631.0,190
13632.0,199
13633.0,198
13634.0,193
13635.0,200
13636.0,202
13637.0,192
13638.0,195
13639.0,195
13640.0,192
13641.0,188
13642.0,184
13643.0,184
13644.0,198
13645.0,208
13646.0,221
13647.0,227
13648.0,224
13649.0,223
13650.0,210
13651.0,216
13652.0,220
13653.0,210
13654.0,210
13655.0,210
13656.0,207
13657.0,208
13658.0,217
13659.0,220
13660.0,221
13661.0,219
13662.0,203
13663.0,251
13664.0,241
13665.0,226
13666.0,207
13667.0,208
13668.0,189
13669.0,164
13670.0,155
13671.0,148
13672.0,153
13673.0,147
13674.0,118
13675.0,113
13676.0,139
13677.0,127
13678.0,137
13679.0,138
13680.0,149
13681.0,131
13682.0,118
13683.0,111
13684.0,110
13685.0,98
13686.0,111
13687.0,95
13688.0,93
13689.0,95
13690.0,104
13691.0,96
13692.0,0
13693.0,0
13694.0,0
13695.0,0
13696.0,0
13697.0,45
13698.0,156
13699.0,96
13700.0,82
13701.0,79
13702.0,75
13703.0,69
13704.0,69
13705.0,63
13706.0,62
13707.0,58
13708.0,55
13709.0,0
13710.0,0
13711.0,0
13712.0,13
13713.0,9
13714.0,26
13715.0,26
13716.0,26
13717.0,200
13718.0,207
13719.0,199
13720.0,204
13721.0,198
13722.0,194
13723.0,197
13724.0,186
13725.0,185
13726.0,188
13727.0,190
13728.0,187
13729.0,182
13730.0,176
13731.0,169
13732.0,171
13733.0,173
13734.0,167
13735.0,159
13736.0,167
13737.0,158
13738.0,154
13739.0,169
13740.0,175
13741.0,184
13742.0,155
13743.0,167
13744.0,155
13745.0,134
13746.0,9
13747.0,0
13748.0,0
13749.0,0
13750.0,76
13751.0,83
13752.0,0
13753.0,0
13754.0,0
13755.0,0
13756.0,0
13757.0,0
13758.0,0
13759.0,0
13760.0,0
13761.0,0
13762.0,0
13763.0,0
13764.0,0
13765.0,0
13766.0,0
13767.0,0
13768.0,0
13769.0,0
13770.0,15
13771.0,131
13772.0,136
13773.0,108
13774.0,52
13775.0,81
13776.0,84
13777.0,70
13778.0,74
13779.0,82
13780.0,68
13781.0,74
13782.0,75
13783.0,74
13784.0,74
13785.0,79
13786.0,86
13787.0,69
13788.0,11
13789.0,0
13790.0,0
13791.0,0
13792.0,0
13793.0,0
13794.0,71
13795.0,139
13796.0,137
13797.0,155
13798.0,156
13799.0,121
13800.0,135
13801.0,141
13802.0,147
13803.0,130
13804.0,95
13805.0,66
13806.0,65
13807.0,30
13808.0,0
13809.0,0
13810.0,0
13811.0,0
13812.0,0
13813.0,0
13814.0,0
13815.0,0
13816.0,0
13817.0,0
13818.0,0
13819.0,0
13820.0,0
13821.0,0
13822.0,0
13823.0,0
13824.0,0
13825.0,0
13826.0,0
13827.0,0
13828.0,24
13829.0,192
13830.0,200
13831.0,216
13832.0,234
13833.0,156
13834.0,61
13835.0,85
13836.0,14
13837.0,51
13838.0,82
13839.0,212
13840.0,189
13841.0,174
13842.0,154
13843.0,159
13844.0,160
13845.0,149
13846.0,154
13847.0,164
13848.0,163
13849.0,160
13850.0,164
13851.0,164
13852.0,148
13853.0,136
13854.0,167
13855.0,173
13856.0,170
13857.0,164
13858.0,165
13859.0,148
13860.0,139
13861.0,161
13862.0,162
13863.0,132
13864.0,121
13865.0,125
13866.0,127
13867.0,125
13868.0,112
13869.0,99
13870.0,75
13871.0,28
13872.0,1
13873.0,1
13874.0,214
13875.0,233
13876.0,202
13877.0,179
13878.0,181
13879.0,194
13880.0,189
13881.0,176
13882.0,159
13883.0,171
13884.0,168
13885.0,157
13886.0,160
13887.0,163
13888.0,180
13889.0,187
13890.0,179
13891.0,167
13892.0,159
13893.0,144
13894.0,149
13895.0,150
13896.0,139
13897.0,130
13898.0,164
13899.0,333
13900.0,434
13901.0,262
13902.0,179
13903.0,173
13904.0,143
13905.0,146
13906.0,103
13907.0,98
13908.0,107
13909.0,123
13910.0,133
13911.0,129
13912.0,131
13913.0,132
13914.0,139
13915.0,160
13916.0,156
13917.0,158
13918.0,160
13919.0,159
13920.0,170
13921.0,164
13922.0,114
13923.0,143
13924.0,150
13925.0,137
13926.0,132
13927.0,139
13928.0,149
13929.0,159
13930.0,148
13931.0,136
13932.0,137
13933.0,144
13934.0,142
13935.0,144
13936.0,137
13937.0,140
13938.0,139
13939.0,143
13940.0,145
13941.0,155
13942.0,152
13943.0,146
13944.0,153
13945.0,157
13946.0,147
13947.0,143
13948.0,154
13949.0,160
13950.0,158
13951.0,145
13952.0,157
13953.0,169
13954.0,173
13955.0,176
13956.0,163
13957.0,163
13958.0,171
13959.0,179
13960.0,184
13961.0,187
13962.0,198
13963.0,198
13964.0,175
13965.0,181
13966.0,160
13967.0,155
13968.0,163
13969.0,152
13970.0,143
13971.0,22
13972.0,0
13973.0,0
13974.0,0
13975.0,0
13976.0,33
13977.0,17
13978.0,43
13979.0,142
13980.0,195
13981.0,165
13982.0,127
13983.0,135
13984.0,150
13985.0,195
13986.0,196
13987.0,171
13988.0,152
13989.0,164
13990.0,157
13991.0,157
13992.0,152
13993.0,137
13994.0,141
13995.0,131
13996.0,127
13997.0,129
13998.0,137
13999.0,149
14000.0,135
14001.0,132
14002.0,158
14003.0,176
14004.0,181
14005.0,183
14006.0,151
14007.0,144
14008.0,193
14009.0,218
14010.0,230
14011.0,232
14012.0,201
14013.0,203
14014.0,211
14015.0,206
14016.0,125
14017.0,81
14018.0,274
14019.0,277
14020.0,268
14021.0,253
14022.0,253
14023.0,243
14024.0,222
14025.0,208
14026.0,215
14027.0,219
14028.0,195
14029.0,211
14030.0,218
14031.0,207
14032.0,195
14033.0,186
14034.0,203
14035.0,186
14036.0,219
14037.0,201
14038.0,199
14039.0,195
14040.0,177
14041.0,151
14042.0,148
14043.0,116
14044.0,109
14045.0,107
14046.0,66
14047.0,32
14048.0,32
14049.0,162
14050.0,116
14051.0,104
14052.0,81
14053.0,105
14054.0,136
14055.0,150
14056.0,95
14057.0,117
14058.0,192
14059.0,147
14060.0,143
14061.0,141
14062.0,128
14063.0,120
14064.0,108
14065.0,94
14066.0,86
14067.0,95
14068.0,103
14069.0,103
14070.0,97
14071.0,93
14072.0,50
14073.0,0
14074.0,0
14075.0,0
14076.0,0
14077.0,0
14078.0,0
14079.0,73
14080.0,104
14081.0,0
14082.0,0
14083.0,0
14084.0,6
14085.0,10
14086.0,0
14087.0,0
14088.0,0
14089.0,0
14090.0,0
14091.0,0
14092.0,0
14093.0,0
14094.0,0
14095.0,0
14096.0,0
14097.0,108
14098.0,504
14099.0,288
14100.0,223
14101.0,192
14102.0,152
14103.0,147
14104.0,98
14105.0,78
14106.0,75
14107.0,76
14108.0,6
14109.0,0
14110.0,0
14111.0,0
14112.0,0
14113.0,0
14114.0,0
14115.0,0
14116.0,0
14117.0,0
14118.0,0
14119.0,106
14120.0,183
14121.0,164
14122.0,152
14123.0,68
14124.0,135
14125.0,205
14126.0,200
14127.0,203
14128.0,192
14129.0,200
14130.0,196
14131.0,173
14132.0,163
14133.0,170
14134.0,163
14135.0,163
14136.0,144
14137.0,141
14138.0,142
14139.0,159
14140.0,170
14141.0,193
14142.0,195
14143.0,175
14144.0,177
14145.0,180
14146.0,192
14147.0,187
14148.0,95
14149.0,93
14150.0,189
14151.0,218
14152.0,249
14153.0,261
14154.0,252
14155.0,244
14156.0,224
14157.0,233
14158.0,233
14159.0,211
14160.0,205
14161.0,215
14162.0,226
14163.0,219
14164.0,228
14165.0,218
14166.0,214
14167.0,217
14168.0,217
14169.0,212
14170.0,211
14171.0,209
14172.0,211
14173.0,218
14174.0,190
14175.0,185
14176.0,189
14177.0,179
14178.0,176
14179.0,166
14180.0,169
14181.0,169
14182.0,190
14183.0,181
14184.0,198
14185.0,199
14186.0,184
14187.0,183
14188.0,176
14189.0,160
14190.0,157
14191.0,174
14192.0,179
14193.0,149
14194.0,131
14195.0,141
14196.0,67
14197.0,147
14198.0,152
14199.0,144
14200.0,142
14201.0,136
14202.0,137
14203.0,138
14204.0,166
14205.0,189
14206.0,159
14207.0,126
14208.0,146
14209.0,150
14210.0,147
14211.0,162
14212.0,154
14213.0,146
14214.0,159
14215.0,174
14216.0,183
14217.0,178
14218.0,183
14219.0,193
14220.0,208
14221.0,198
14222.0,204
14223.0,199
14224.0,190
14225.0,203
14226.0,208
14227.0,204
14228.0,182
14229.0,182
14230.0,182
14231.0,186
14232.0,174
14233.0,169
14234.0,168
14235.0,159
14236.0,159
14237.0,173
14238.0,159
14239.0,166
14240.0,189
14241.0,197
14242.0,195
14243.0,186
14244.0,125
14245.0,75
14246.0,108
14247.0,202
14248.0,210
14249.0,198
14250.0,190
14251.0,181
14252.0,175
14253.0,182
14254.0,177
14255.0,153
14256.0,159
14257.0,145
14258.0,133
14259.0,92
14260.0,0
14261.0,0
14262.0,0
14263.0,0
14264.0,0
14265.0,0
