t,power
0.0,0
1.0,0
2.0,0
3.0,0
4.0,0
5.0,0
6.0,0
7.0,0
8.0,0
9.0,0
10.0,0
11.0,0
12.0,0
13.0,0
14.0,0
15.0,0
16.0,0
17.0,0
18.0,0
19.0,0
20.0,0
21.0,0
22.0,0
23.0,0
24.0,0
25.0,0
26.0,0
27.0,0
28.0,0
29.0,0
30.0,0
31.0,0
32.0,0
33.0,0
34.0,0
35.0,0
36.0,0
37.0,0
38.0,0
39.0,0
40.0,0
41.0,0
42.0,0
43.0,0
44.0,0
45.0,0
46.0,0
47.0,0
48.0,0
49.0,0
50.0,0
51.0,0
52.0,0
53.0,0
54.0,0
55.0,0
56.0,0
57.0,0
58.0,0
59.0,0
60.0,0
61.0,0
62.0,0
63.0,0
64.0,0
65.0,0
66.0,0
67.0,0
68.0,0
69.0,0
70.0,0
71.0,0
72.0,0
73.0,0
74.0,0
75.0,0
76.0,0
77.0,0
78.0,0
79.0,0
80.0,0
81.0,0
82.0,0
83.0,0
84.0,0
85.0,0
86.0,0
87.0,0
88.0,0
89.0,0
90.0,0
91.0,0
92.0,0
93.0,0
94.0,0
95.0,0
96.0,368
97.0,615
98.0,313
99.0,142
100.0,25
101.0,9
102.0,9
103.0,10
104.0,218
105.0,318
106.0,368
107.0,329
108.0,273
109.0,344
110.0,250
111.0,267
112.0,237
113.0,217
114.0,221
115.0,244
116.0,235
117.0,295
118.0,298
119.0,261
120.0,270
121.0,259
122.0,252
123.0,265
124.0,301
125.0,290
126.0,273
127.0,243
128.0,200
129.0,139
130.0,57
131.0,0
132.0,0
133.0,0
134.0,0
135.0,0
136.0,0
137.0,0
138.0,3
139.0,0
140.0,0
141.0,0
142.0,0
143.0,0
144.0,0
145.0,0
146.0,0
147.0,0
148.0,0
149.0,0
150.0,0
151.0,0
152.0,0
153.0,0
154.0,0
155.0,0
156.0,0
157.0,0
158.0,0
159.0,0
160.0,0
161.0,0
162.0,0
163.0,0
164.0,0
165.0,0
166.0,0
167.0,0
168.0,0
169.0,0
170.0,0
171.0,0
172.0,0
173.0,0
174.0,0
175.0,0
176.0,0
177.0,0
178.0,0
179.0,0
180.0,0
181.0,0
182.0,0
183.0,0
184.0,0
185.0,0
186.0,0
187.0,0
188.0,0
189.0,0
190.0,0
191.0,0
192.0,0
193.0,0
194.0,0
195.0,0
196.0,0
197.0,0
198.0,0
199.0,0
200.0,0
201.0,0
202.0,0
203.0,0
204.0,0
205.0,0
206.0,0
207.0,0
208.0,0
209.0,0
210.0,0
211.0,177
212.0,379
213.0,385
214.0,340
215.0,36
216.0,188
217.0,201
218.0,27
219.0,28
220.0,295
221.0,334
222.0,259
223.0,273
224.0,158
225.0,123
226.0,133
227.0,140
228.0,115
229.0,98
230.0,160
231.0,220
232.0,153
233.0,66
234.0,73
235.0,98
236.0,53
237.0,69
238.0,141
239.0,181
240.0,197
241.0,319
242.0,318
243.0,206
244.0,151
245.0,163
246.0,147
247.0,163
248.0,161
249.0,116
250.0,100
251.0,116
252.0,94
253.0,123
254.0,104
255.0,102
256.0,93
257.0,113
258.0,32
259.0,34
260.0,98
261.0,101
262.0,73
263.0,90
264.0,87
265.0,89
266.0,85
267.0,72
268.0,100
269.0,45
270.0,0
271.0,0
272.0,0
273.0,0
274.0,0
275.0,0
276.0,0
277.0,0
278.0,0
279.0,0
280.0,0
281.0,175
282.0,339
283.0,377
284.0,219
285.0,177
286.0,148
287.0,134
288.0,177
289.0,179
290.0,93
291.0,55
292.0,106
293.0,128
294.0,107
295.0,73
296.0,66
297.0,148
298.0,256
299.0,181
300.0,240
301.0,118
302.0,98
303.0,198
304.0,225
305.0,281
306.0,260
307.0,286
308.0,254
309.0,221
310.0,72
311.0,33
312.0,65
313.0,204
314.0,224
315.0,56
316.0,2
317.0,2
318.0,48
319.0,200
320.0,115
321.0,53
322.0,72
323.0,32
324.0,14
325.0,0
326.0,0
327.0,0
328.0,28
329.0,207
330.0,341
331.0,328
332.0,180
333.0,162
334.0,191
335.0,145
336.0,194
337.0,184
338.0,163
339.0,181
340.0,157
341.0,12
342.0,2
343.0,2
344.0,2
345.0,184
346.0,293
347.0,257
348.0,158
349.0,43
350.0,0
351.0,0
352.0,0
353.0,19
354.0,288
355.0,187
356.0,195
357.0,271
358.0,300
359.0,269
360.0,294
361.0,104
362.0,101
363.0,132
364.0,153
365.0,131
366.0,67
367.0,80
368.0,141
369.0,175
370.0,124
371.0,132
372.0,194
373.0,194
374.0,157
375.0,126
376.0,110
377.0,112
378.0,109
379.0,107
380.0,191
381.0,248
382.0,162
383.0,127
384.0,126
385.0,132
386.0,114
387.0,85
388.0,63
389.0,77
390.0,94
391.0,50
392.0,7
393.0,0
394.0,0
395.0,0
396.0,0
397.0,0
398.0,0
399.0,310
400.0,403
401.0,305
402.0,264
403.0,218
404.0,110
405.0,0
406.0,0
407.0,0
408.0,0
409.0,0
410.0,0
411.0,0
412.0,0
413.0,0
414.0,0
415.0,0
416.0,0
417.0,0
418.0,42
419.0,12
420.0,74
421.0,91
422.0,187
423.0,250
424.0,316
425.0,284
426.0,176
427.0,101
428.0,63
429.0,21
430.0,39
431.0,40
432.0,45
433.0,72
434.0,75
435.0,40
436.0,0
437.0,0
438.0,0
439.0,0
440.0,0
441.0,0
442.0,40
443.0,376
444.0,325
445.0,319
446.0,328
447.0,255
448.0,187
449.0,150
450.0,104
451.0,23
452.0,27
453.0,138
454.0,137
455.0,151
456.0,190
457.0,231
458.0,196
459.0,175
460.0,185
461.0,197
462.0,207
463.0,201
464.0,178
465.0,192
466.0,201
467.0,174
468.0,164
469.0,159
470.0,143
471.0,178
472.0,222
473.0,215
474.0,166
475.0,148
476.0,161
477.0,204
478.0,189
479.0,172
480.0,176
481.0,173
482.0,182
483.0,200
484.0,177
485.0,170
486.0,177
487.0,172
488.0,115
489.0,115
490.0,162
491.0,94
492.0,4
493.0,5
494.0,5
495.0,6
496.0,27
497.0,37
498.0,100
499.0,250
500.0,367
501.0,364
502.0,337
503.0,297
504.0,213
505.0,202
506.0,160
507.0,150
508.0,132
509.0,120
510.0,165
511.0,175
512.0,166
513.0,169
514.0,117
515.0,118
516.0,99
517.0,29
518.0,0
519.0,0
520.0,0
521.0,0
522.0,0
523.0,67
524.0,115
525.0,103
526.0,90
527.0,29
528.0,0
529.0,0
530.0,0
531.0,0
532.0,0
533.0,0
534.0,0
535.0,0
536.0,0
537.0,0
538.0,0
539.0,0
540.0,0
541.0,0
542.0,0
543.0,0
544.0,0
545.0,0
546.0,0
547.0,0
548.0,169
549.0,248
550.0,262
551.0,305
552.0,297
553.0,264
554.0,263
555.0,259
556.0,301
557.0,234
558.0,186
559.0,160
560.0,156
561.0,183
562.0,191
563.0,231
564.0,189
565.0,162
566.0,180
567.0,207
568.0,166
569.0,70
570.0,68
571.0,215
572.0,327
573.0,314
574.0,239
575.0,236
576.0,312
577.0,288
578.0,321
579.0,273
580.0,268
581.0,279
582.0,243
583.0,244
584.0,265
585.0,240
586.0,262
587.0,271
588.0,247
589.0,202
590.0,213
591.0,206
592.0,216
593.0,209
594.0,293
595.0,267
596.0,242
597.0,147
598.0,174
599.0,161
600.0,182
601.0,209
602.0,226
603.0,217
604.0,192
605.0,195
606.0,169
607.0,170
608.0,162
609.0,161
610.0,203
611.0,195
612.0,186
613.0,223
614.0,250
615.0,218
616.0,171
617.0,170
618.0,191
619.0,186
620.0,195
621.0,208
622.0,215
623.0,208
624.0,185
625.0,137
626.0,176
627.0,181
628.0,171
629.0,165
630.0,165
631.0,182
632.0,216
633.0,188
634.0,165
635.0,186
636.0,195
637.0,207
638.0,213
639.0,229
640.0,232
641.0,220
642.0,222
643.0,222
644.0,183
645.0,204
646.0,208
647.0,191
648.0,236
649.0,220
650.0,211
651.0,226
652.0,249
653.0,237
654.0,215
655.0,208
656.0,217
657.0,214
658.0,222
659.0,227
660.0,228
661.0,188
662.0,188
663.0,221
664.0,227
665.0,239
666.0,224
667.0,210
668.0,235
669.0,221
670.0,197
671.0,227
672.0,224
673.0,208
674.0,177
675.0,178
676.0,203
677.0,207
678.0,217
679.0,217
680.0,241
681.0,256
682.0,211
683.0,236
684.0,239
685.0,196
686.0,187
687.0,183
688.0,189
689.0,195
690.0,208
691.0,215
692.0,251
693.0,230
694.0,201
695.0,173
696.0,163
697.0,180
698.0,138
699.0,85
700.0,83
701.0,91
702.0,40
703.0,11
704.0,35
705.0,0
706.0,0
707.0,0
708.0,0
709.0,0
710.0,0
711.0,0
712.0,0
713.0,0
714.0,0
715.0,0
716.0,0
717.0,0
718.0,0
719.0,0
720.0,0
721.0,0
722.0,0
723.0,0
724.0,0
725.0,0
726.0,0
727.0,0
728.0,0
729.0,0
730.0,0
731.0,0
732.0,0
733.0,0
734.0,0
735.0,0
736.0,0
737.0,0
738.0,0
739.0,0
740.0,0
741.0,0
742.0,0
743.0,0
744.0,0
745.0,0
746.0,0
747.0,0
748.0,0
749.0,0
750.0,0
751.0,0
752.0,0
753.0,0
754.0,0
755.0,50
756.0,223
757.0,0
758.0,0
759.0,0
760.0,0
761.0,0
762.0,0
763.0,0
764.0,0
765.0,0
766.0,0
767.0,0
768.0,0
769.0,0
770.0,0
771.0,0
772.0,0
773.0,0
774.0,0
775.0,35
776.0,55
777.0,19
778.0,20
779.0,335
780.0,189
781.0,36
782.0,36
783.0,37
784.0,368
785.0,416
786.0,371
787.0,340
788.0,265
789.0,222
790.0,190
791.0,203
792.0,216
793.0,204
794.0,250
795.0,254
796.0,231
797.0,201
798.0,182
799.0,156
800.0,152
801.0,159
802.0,166
803.0,204
804.0,188
805.0,159
806.0,162
807.0,187
808.0,206
809.0,220
810.0,213
811.0,234
812.0,191
813.0,202
814.0,240
815.0,224
816.0,194
817.0,209
818.0,244
819.0,243
820.0,209
821.0,221
822.0,228
823.0,275
824.0,304
825.0,282
826.0,276
827.0,231
828.0,183
829.0,193
830.0,230
831.0,232
832.0,215
833.0,205
834.0,176
835.0,138
836.0,223
837.0,231
838.0,293
839.0,279
840.0,259
841.0,236
842.0,223
843.0,152
844.0,167
845.0,194
846.0,192
847.0,197
848.0,198
849.0,196
850.0,181
851.0,205
852.0,217
853.0,228
854.0,211
855.0,192
856.0,180
857.0,202
858.0,210
859.0,236
860.0,226
861.0,208
862.0,213
863.0,205
864.0,197
865.0,225
866.0,245
867.0,249
868.0,248
869.0,218
870.0,231
871.0,227
872.0,244
873.0,256
874.0,243
875.0,242
876.0,214
877.0,203
878.0,194
879.0,210
880.0,219
881.0,186
882.0,165
883.0,182
884.0,182
885.0,183
886.0,167
887.0,199
888.0,214
889.0,175
890.0,197
891.0,213
892.0,212
893.0,216
894.0,219
895.0,216
896.0,201
897.0,196
898.0,181
899.0,175
900.0,159
901.0,155
902.0,146
903.0,142
904.0,98
905.0,90
906.0,125
907.0,114
908.0,80
909.0,18
910.0,20
911.0,0
912.0,0
913.0,0
914.0,0
915.0,0
916.0,0
917.0,0
918.0,0
919.0,0
920.0,0
921.0,0
922.0,0
923.0,0
924.0,0
925.0,0
926.0,0
927.0,63
928.0,215
929.0,217
930.0,208
931.0,212
932.0,277
933.0,276
934.0,255
935.0,233
936.0,256
937.0,268
938.0,250
939.0,226
940.0,171
941.0,232
942.0,197
943.0,190
944.0,219
945.0,234
946.0,218
947.0,217
948.0,198
949.0,215
950.0,207
951.0,215
952.0,218
953.0,201
954.0,225
955.0,217
956.0,196
957.0,211
958.0,218
959.0,217
960.0,233
961.0,200
962.0,225
963.0,240
964.0,262
965.0,271
966.0,244
967.0,233
968.0,262
969.0,265
970.0,228
971.0,208
972.0,224
973.0,235
974.0,253
975.0,247
976.0,241
977.0,227
978.0,239
979.0,222
980.0,266
981.0,281
982.0,261
983.0,231
984.0,216
985.0,219
986.0,237
987.0,245
988.0,217
989.0,178
990.0,50
991.0,7
992.0,0
993.0,0
994.0,0
995.0,0
996.0,0
997.0,0
998.0,0
999.0,0
1000.0,0
1001.0,0
1002.0,0
1003.0,0
1004.0,0
1005.0,0
1006.0,0
1007.0,0
1008.0,0
1009.0,0
1010.0,0
1011.0,25
1012.0,171
1013.0,212
1014.0,238
1015.0,255
1016.0,315
1017.0,377
1018.0,390
1019.0,366
1020.0,274
1021.0,163
1022.0,151
1023.0,112
1024.0,106
1025.0,113
1026.0,75
1027.0,36
1028.0,20
1029.0,20
1030.0,21
1031.0,61
1032.0,13
1033.0,3
1034.0,1
1035.0,1
1036.0,1
1037.0,74
1038.0,74
1039.0,133
1040.0,49
1041.0,0
1042.0,0
1043.0,0
1044.0,0
1045.0,212
1046.0,178
1047.0,81
1048.0,85
1049.0,12
1050.0,0
1051.0,0
1052.0,0
1053.0,0
1054.0,362
1055.0,401
1056.0,479
1057.0,448
1058.0,414
1059.0,322
1060.0,251
1061.0,144
1062.0,80
1063.0,79
1064.0,94
1065.0,112
1066.0,200
1067.0,217
1068.0,225
1069.0,237
1070.0,241
1071.0,169
1072.0,161
1073.0,195
1074.0,173
1075.0,156
1076.0,111
1077.0,116
1078.0,141
1079.0,162
1080.0,155
1081.0,147
1082.0,178
1083.0,181
1084.0,189
1085.0,198
1086.0,193
1087.0,167
1088.0,189
1089.0,201
1090.0,200
1091.0,208
1092.0,235
1093.0,228
1094.0,220
1095.0,235
1096.0,242
1097.0,237
1098.0,235
1099.0,204
1100.0,215
1101.0,227
1102.0,227
1103.0,220
1104.0,196
1105.0,195
1106.0,187
1107.0,213
1108.0,250
1109.0,266
1110.0,243
1111.0,199
1112.0,202
1113.0,159
1114.0,177
1115.0,192
1116.0,250
1117.0,278
1118.0,248
1119.0,226
1120.0,243
1121.0,288
1122.0,317
1123.0,283
1124.0,269
1125.0,229
1126.0,176
1127.0,192
1128.0,77
1129.0,2
1130.0,2
1131.0,30
1132.0,194
1133.0,297
1134.0,324
1135.0,274
1136.0,162
1137.0,107
1138.0,0
1139.0,0
1140.0,0
1141.0,0
1142.0,0
1143.0,0
1144.0,0
1145.0,0
1146.0,0
1147.0,0
1148.0,0
1149.0,0
1150.0,0
1151.0,0
1152.0,0
1153.0,0
1154.0,243
1155.0,142
1156.0,0
1157.0,0
1158.0,0
1159.0,0
1160.0,83
1161.0,107
1162.0,79
1163.0,84
1164.0,105
1165.0,99
1166.0,83
1167.0,45
1168.0,0
1169.0,0
1170.0,0
1171.0,0
1172.0,0
1173.0,0
1174.0,0
1175.0,0
1176.0,143
1177.0,401
1178.0,392
1179.0,327
1180.0,312
1181.0,304
1182.0,272
1183.0,348
1184.0,397
1185.0,338
1186.0,273
1187.0,226
1188.0,230
1189.0,198
1190.0,196
1191.0,193
1192.0,219
1193.0,186
1194.0,192
1195.0,232
1196.0,234
1197.0,232
1198.0,212
1199.0,184
1200.0,193
1201.0,209
1202.0,163
1203.0,185
1204.0,216
1205.0,217
1206.0,221
1207.0,237
1208.0,239
1209.0,206
1210.0,205
1211.0,214
1212.0,177
1213.0,195
1214.0,236
1215.0,197
1216.0,185
1217.0,177
1218.0,159
1219.0,188
1220.0,187
1221.0,129
1222.0,106
1223.0,90
1224.0,97
1225.0,89
1226.0,71
1227.0,47
1228.0,51
1229.0,27
1230.0,0
1231.0,0
1232.0,0
1233.0,0
1234.0,0
1235.0,33
1236.0,379
1237.0,349
1238.0,352
1239.0,379
1240.0,326
1241.0,292
1242.0,260
1243.0,231
1244.0,206
1245.0,264
1246.0,260
1247.0,251
1248.0,276
1249.0,276
1250.0,149
1251.0,267
1252.0,277
1253.0,307
1254.0,315
1255.0,343
1256.0,313
1257.0,300
1258.0,327
1259.0,341
1260.0,365
1261.0,328
1262.0,341
1263.0,361
1264.0,363
1265.0,337
1266.0,288
1267.0,293
1268.0,303
1269.0,281
1270.0,281
1271.0,235
1272.0,194
1273.0,179
1274.0,208
1275.0,208
1276.0,197
1277.0,201
1278.0,200
1279.0,195
1280.0,189
1281.0,200
1282.0,171
1283.0,179
1284.0,187
1285.0,221
1286.0,213
1287.0,215
1288.0,239
1289.0,216
1290.0,253
1291.0,263
1292.0,326
1293.0,259
1294.0,283
1295.0,265
1296.0,269
1297.0,286
1298.0,282
1299.0,277
1300.0,250
1301.0,216
1302.0,224
1303.0,251
1304.0,291
1305.0,337
1306.0,331
1307.0,313
1308.0,267
1309.0,253
1310.0,238
1311.0,240
1312.0,239
1313.0,244
1314.0,259
1315.0,247
1316.0,251
1317.0,253
1318.0,291
1319.0,282
1320.0,297
1321.0,312
1322.0,298
1323.0,301
1324.0,304
1325.0,321
1326.0,301
1327.0,294
1328.0,294
1329.0,267
1330.0,261
1331.0,263
1332.0,273
1333.0,273
1334.0,296
1335.0,295
1336.0,316
1337.0,289
1338.0,250
1339.0,195
1340.0,173
1341.0,186
1342.0,164
1343.0,105
1344.0,63
1345.0,92
1346.0,85
1347.0,99
1348.0,74
1349.0,78
1350.0,9
1351.0,0
1352.0,0
1353.0,0
1354.0,0
1355.0,0
1356.0,0
1357.0,0
1358.0,0
1359.0,0
1360.0,0
1361.0,0
1362.0,0
1363.0,0
1364.0,0
1365.0,0
1366.0,0
1367.0,0
1368.0,0
1369.0,0
1370.0,0
1371.0,0
1372.0,0
1373.0,0
1374.0,0
1375.0,0
1376.0,0
1377.0,0
1378.0,0
1379.0,0
1380.0,0
1381.0,0
1382.0,0
1383.0,0
1384.0,0
1385.0,0
1386.0,153
1387.0,301
1388.0,217
1389.0,157
1390.0,87
1391.0,59
1392.0,24
1393.0,61
1394.0,82
1395.0,31
1396.0,0
1397.0,0
1398.0,0
1399.0,0
1400.0,0
1401.0,0
1402.0,0
1403.0,0
1404.0,0
1405.0,0
1406.0,0
1407.0,0
1408.0,0
1409.0,0
1410.0,0
1411.0,0
1412.0,0
1413.0,0
1414.0,0
1415.0,0
1416.0,0
1417.0,0
1418.0,0
1419.0,0
1420.0,0
1421.0,0
1422.0,0
1423.0,0
1424.0,0
1425.0,0
1426.0,0
1427.0,0
1428.0,0
1429.0,0
1430.0,0
1431.0,0
1432.0,0
1433.0,0
1434.0,0
1435.0,0
1436.0,0
1437.0,0
1438.0,76
1439.0,13
1440.0,0
1441.0,0
1442.0,0
1443.0,0
1444.0,0
1445.0,0
1446.0,0
1447.0,0
1448.0,16
1449.0,134
1450.0,32
1451.0,1
1452.0,10
1453.0,10
1454.0,12
1455.0,9
1456.0,2
1457.0,2
1458.0,73
1459.0,26
1460.0,4
1461.0,48
1462.0,120
1463.0,80
1464.0,30
1465.0,143
1466.0,95
1467.0,8
1468.0,0
1469.0,0
1470.0,0
1471.0,0
1472.0,0
1473.0,0
1474.0,0
1475.0,0
1476.0,247
1477.0,304
1478.0,353
1479.0,371
1480.0,324
1481.0,317
1482.0,333
1483.0,322
1484.0,329
1485.0,132
1486.0,48
1487.0,253
1488.0,300
1489.0,297
1490.0,264
1491.0,242
1492.0,161
1493.0,149
1494.0,119
1495.0,112
1496.0,187
1497.0,198
1498.0,167
1499.0,189
1500.0,164
1501.0,170
1502.0,198
1503.0,235
1504.0,213
1505.0,190
1506.0,184
1507.0,195
1508.0,188
1509.0,198
1510.0,198
1511.0,154
1512.0,125
1513.0,159
1514.0,149
1515.0,127
1516.0,117
1517.0,155
1518.0,156
1519.0,185
1520.0,178
1521.0,171
1522.0,165
1523.0,153
1524.0,96
1525.0,141
1526.0,172
1527.0,215
1528.0,220
1529.0,213
1530.0,220
1531.0,249
1532.0,230
1533.0,249
1534.0,257
1535.0,216
1536.0,161
1537.0,175
1538.0,193
1539.0,234
1540.0,245
1541.0,218
1542.0,184
1543.0,195
1544.0,177
1545.0,180
1546.0,219
1547.0,188
1548.0,46
1549.0,34
1550.0,101
1551.0,58
1552.0,258
1553.0,337
1554.0,282
1555.0,172
1556.0,236
1557.0,255
1558.0,266
1559.0,236
1560.0,284
1561.0,310
1562.0,282
1563.0,259
1564.0,268
1565.0,265
1566.0,279
1567.0,270
1568.0,271
1569.0,293
1570.0,287
1571.0,290
1572.0,278
1573.0,275
1574.0,263
1575.0,300
1576.0,293
1577.0,273
1578.0,238
1579.0,248
1580.0,272
1581.0,269
1582.0,286
1583.0,297
1584.0,319
1585.0,332
1586.0,341
1587.0,328
1588.0,323
1589.0,328
1590.0,341
1591.0,317
1592.0,309
1593.0,293
1594.0,308
1595.0,321
1596.0,340
1597.0,310
1598.0,294
1599.0,305
1600.0,315
1601.0,297
1602.0,287
1603.0,281
1604.0,310
1605.0,288
1606.0,234
1607.0,233
1608.0,249
1609.0,337
1610.0,384
1611.0,395
1612.0,424
1613.0,468
1614.0,492
1615.0,468
1616.0,445
1617.0,390
1618.0,326
1619.0,329
1620.0,296
1621.0,267
1622.0,250
1623.0,238
1624.0,240
1625.0,218
1626.0,163
1627.0,132
1628.0,139
1629.0,74
1630.0,47
1631.0,25
1632.0,142
1633.0,163
1634.0,131
1635.0,23
1636.0,0
1637.0,0
1638.0,0
1639.0,0
1640.0,0
1641.0,0
1642.0,0
1643.0,0
1644.0,0
1645.0,0
1646.0,0
1647.0,0
1648.0,0
1649.0,0
1650.0,0
1651.0,0
1652.0,0
1653.0,0
1654.0,0
1655.0,0
1656.0,0
1657.0,0
1658.0,0
1659.0,0
1660.0,0
1661.0,0
1662.0,0
1663.0,0
1664.0,0
1665.0,0
1666.0,0
1667.0,0
1668.0,0
1669.0,0
1670.0,0
1671.0,0
1672.0,0
1673.0,0
1674.0,0
1675.0,0
1676.0,0
1677.0,0
1678.0,0
1679.0,0
1680.0,0
1681.0,0
1682.0,0
1683.0,0
1684.0,0
1685.0,0
1686.0,0
1687.0,0
1688.0,0
1689.0,0
1690.0,0
1691.0,0
1692.0,0
1693.0,0
1694.0,0
1695.0,0
1696.0,0
1697.0,0
1698.0,0
1699.0,0
1700.0,0
1701.0,0
1702.0,0
1703.0,0
1704.0,0
1705.0,0
1706.0,0
1707.0,0
1708.0,0
1709.0,0
1710.0,0
1711.0,0
1712.0,0
1713.0,0
1714.0,0
1715.0,0
1716.0,0
1717.0,0
1718.0,0
1719.0,0
1720.0,0
1721.0,0
1722.0,0
1723.0,0
1724.0,0
1725.0,0
1726.0,0
1727.0,0
1728.0,0
1729.0,0
1730.0,0
1731.0,0
1732.0,0
1733.0,0
1734.0,0
1735.0,0
1736.0,0
1737.0,0
1738.0,0
1739.0,0
1740.0,0
1741.0,0
1742.0,0
1743.0,0
1744.0,0
1745.0,0
1746.0,0
1747.0,0
1748.0,0
1749.0,0
1750.0,0
1751.0,0
1752.0,0
1753.0,0
1754.0,0
1755.0,0
1756.0,0
1757.0,0
1758.0,0
1759.0,0
1760.0,0
1761.0,0
1762.0,0
1763.0,0
1764.0,0
1765.0,0
1766.0,0
1767.0,0
1768.0,0
1769.0,0
1770.0,0
1771.0,0
1772.0,0
1773.0,0
1774.0,0
1775.0,0
1776.0,0
1777.0,0
1778.0,0
1779.0,0
1780.0,0
1781.0,0
1782.0,0
1783.0,0
1784.0,87
1785.0,355
1786.0,368
1787.0,484
1788.0,460
1789.0,244
1790.0,294
1791.0,452
1792.0,478
1793.0,468
1794.0,366
1795.0,355
1796.0,346
1797.0,339
1798.0,305
1799.0,296
1800.0,351
1801.0,366
1802.0,331
1803.0,318
1804.0,328
1805.0,320
1806.0,316
1807.0,334
1808.0,327
1809.0,316
1810.0,285
1811.0,293
1812.0,311
1813.0,336
1814.0,350
1815.0,320
1816.0,319
1817.0,314
1818.0,286
1819.0,296
1820.0,302
1821.0,306
1822.0,307
1823.0,264
1824.0,313
1825.0,338
1826.0,349
1827.0,340
1828.0,309
1829.0,284
1830.0,320
1831.0,320
1832.0,315
1833.0,314
1834.0,295
1835.0,294
1836.0,302
1837.0,307
1838.0,361
1839.0,359
1840.0,370
1841.0,352
1842.0,308
1843.0,289
1844.0,295
1845.0,288
1846.0,252
1847.0,271
1848.0,306
1849.0,338
1850.0,311
1851.0,278
1852.0,287
1853.0,365
1854.0,379
1855.0,376
1856.0,335
1857.0,288
1858.0,303
1859.0,291
1860.0,290
1861.0,271
1862.0,328
1863.0,292
1864.0,327
1865.0,319
1866.0,309
1867.0,299
1868.0,301
1869.0,353
1870.0,352
1871.0,335
1872.0,319
1873.0,311
1874.0,312
1875.0,291
1876.0,294
1877.0,333
1878.0,325
1879.0,327
1880.0,315
1881.0,312
1882.0,289
1883.0,308
1884.0,311
1885.0,315
1886.0,309
1887.0,329
1888.0,327
1889.0,323
1890.0,304
1891.0,310
1892.0,308
1893.0,303
1894.0,323
1895.0,310
1896.0,311
1897.0,322
1898.0,284
1899.0,325
1900.0,339
1901.0,333
1902.0,324
1903.0,314
1904.0,280
1905.0,265
1906.0,282
1907.0,293
1908.0,282
1909.0,275
1910.0,276
1911.0,275
1912.0,295
1913.0,286
1914.0,304
1915.0,298
1916.0,336
1917.0,331
1918.0,359
1919.0,343
1920.0,348
1921.0,365
1922.0,341
1923.0,320
1924.0,286
1925.0,264
1926.0,285
1927.0,336
1928.0,303
1929.0,287
1930.0,323
1931.0,318
1932.0,286
1933.0,310
1934.0,288
1935.0,268
1936.0,276
1937.0,313
1938.0,317
1939.0,333
1940.0,346
1941.0,324
1942.0,319
1943.0,301
1944.0,326
1945.0,318
1946.0,327
1947.0,350
1948.0,301
1949.0,301
1950.0,308
1951.0,307
1952.0,333
1953.0,313
1954.0,329
1955.0,314
1956.0,311
1957.0,286
1958.0,285
1959.0,275
1960.0,334
1961.0,336
1962.0,332
1963.0,333
1964.0,330
1965.0,319
1966.0,280
1967.0,287
1968.0,309
1969.0,305
1970.0,315
1971.0,279
1972.0,289
1973.0,253
1974.0,285
1975.0,291
1976.0,296
1977.0,323
1978.0,332
1979.0,306
1980.0,294
1981.0,289
1982.0,286
1983.0,284
1984.0,263
1985.0,292
1986.0,271
1987.0,301
1988.0,304
1989.0,275
1990.0,273
1991.0,287
1992.0,311
1993.0,300
1994.0,303
1995.0,272
1996.0,278
1997.0,263
1998.0,289
1999.0,314
2000.0,311
2001.0,328
2002.0,328
2003.0,331
2004.0,348
2005.0,340
2006.0,330
2007.0,351
2008.0,318
2009.0,329
2010.0,328
2011.0,332
2012.0,319
2013.0,336
2014.0,359
2015.0,331
2016.0,317
2017.0,297
2018.0,299
2019.0,289
2020.0,330
2021.0,313
2022.0,281
2023.0,294
2024.0,302
2025.0,277
2026.0,296
2027.0,283
2028.0,283
2029.0,294
2030.0,298
2031.0,276
2032.0,296
2033.0,319
2034.0,282
2035.0,345
2036.0,361
2037.0,347
2038.0,352
2039.0,394
2040.0,374
2041.0,350
2042.0,321
2043.0,325
2044.0,291
2045.0,306
2046.0,326
2047.0,324
2048.0,293
2049.0,301
2050.0,328
2051.0,323
2052.0,315
2053.0,286
2054.0,318
2055.0,300
2056.0,295
2057.0,301
2058.0,299
2059.0,320
2060.0,307
2061.0,311
2062.0,311
2063.0,285
2064.0,276
2065.0,300
2066.0,307
2067.0,295
2068.0,347
2069.0,324
2070.0,298
2071.0,339
2072.0,296
2073.0,359
2074.0,330
2075.0,347
2076.0,310
2077.0,295
2078.0,292
2079.0,301
2080.0,314
2081.0,339
2082.0,332
2083.0,320
2084.0,310
2085.0,307
2086.0,299
2087.0,304
2088.0,308
2089.0,306
2090.0,292
2091.0,289
2092.0,318
2093.0,331
2094.0,322
2095.0,323
2096.0,327
2097.0,329
2098.0,328
2099.0,326
2100.0,302
2101.0,286
2102.0,299
2103.0,287
2104.0,283
2105.0,276
2106.0,293
2107.0,299
2108.0,305
2109.0,325
2110.0,330
2111.0,279
2112.0,277
2113.0,290
2114.0,304
2115.0,302
2116.0,307
2117.0,282
2118.0,262
2119.0,288
2120.0,288
2121.0,299
2122.0,286
2123.0,302
2124.0,312
2125.0,290
2126.0,301
2127.0,276
2128.0,332
2129.0,372
2130.0,361
2131.0,315
2132.0,330
2133.0,343
2134.0,315
2135.0,303
2136.0,318
2137.0,334
2138.0,300
2139.0,265
2140.0,285
2141.0,302
2142.0,272
2143.0,267
2144.0,293
2145.0,263
2146.0,275
2147.0,256
2148.0,269
2149.0,262
2150.0,282
2151.0,285
2152.0,312
2153.0,370
2154.0,339
2155.0,375
2156.0,373
2157.0,344
2158.0,315
2159.0,336
2160.0,330
2161.0,331
2162.0,324
2163.0,318
2164.0,280
2165.0,264
2166.0,286
2167.0,259
2168.0,253
2169.0,242
2170.0,268
2171.0,259
2172.0,242
2173.0,239
2174.0,238
2175.0,245
2176.0,299
2177.0,323
2178.0,298
2179.0,329
2180.0,343
2181.0,298
2182.0,324
2183.0,317
2184.0,361
2185.0,358
2186.0,349
2187.0,321
2188.0,344
2189.0,325
2190.0,319
2191.0,325
2192.0,326
2193.0,347
2194.0,338
2195.0,308
2196.0,323
2197.0,313
2198.0,283
2199.0,292
2200.0,296
2201.0,323
2202.0,280
2203.0,305
2204.0,332
2205.0,276
2206.0,225
2207.0,264
2208.0,309
2209.0,322
2210.0,312
2211.0,282
2212.0,292
2213.0,304
2214.0,311
2215.0,296
2216.0,268
2217.0,307
2218.0,341
2219.0,315
2220.0,329
2221.0,317
2222.0,339
2223.0,305
2224.0,284
2225.0,289
2226.0,305
2227.0,267
2228.0,272
2229.0,296
2230.0,283
2231.0,250
2232.0,235
2233.0,290
2234.0,252
2235.0,241
2236.0,267
2237.0,320
2238.0,299
2239.0,298
2240.0,272
2241.0,278
2242.0,307
2243.0,285
2244.0,248
2245.0,319
2246.0,332
2247.0,328
2248.0,349
2249.0,350
2250.0,339
2251.0,355
2252.0,327
2253.0,298
2254.0,298
2255.0,270
2256.0,265
2257.0,313
2258.0,314
2259.0,274
2260.0,303
2261.0,344
2262.0,268
2263.0,317
2264.0,304
2265.0,315
2266.0,282
2267.0,262
2268.0,269
2269.0,268
2270.0,290
2271.0,284
2272.0,294
2273.0,276
2274.0,284
2275.0,286
2276.0,293
2277.0,330
2278.0,339
2279.0,352
2280.0,318
2281.0,302
2282.0,303
2283.0,296
2284.0,260
2285.0,290
2286.0,317
2287.0,284
2288.0,282
2289.0,261
2290.0,269
2291.0,257
2292.0,297
2293.0,268
2294.0,281
2295.0,321
2296.0,250
2297.0,301
2298.0,271
2299.0,249
2300.0,287
2301.0,308
2302.0,290
2303.0,315
2304.0,312
2305.0,356
2306.0,369
2307.0,321
2308.0,308
2309.0,301
2310.0,334
2311.0,311
2312.0,328
2313.0,281
2314.0,328
2315.0,314
2316.0,301
2317.0,324
2318.0,313
2319.0,294
2320.0,292
2321.0,291
2322.0,255
2323.0,281
2324.0,264
2325.0,274
2326.0,288
2327.0,292
2328.0,293
2329.0,293
2330.0,276
2331.0,273
2332.0,274
2333.0,285
2334.0,285
2335.0,280
2336.0,287
2337.0,250
2338.0,279
2339.0,358
2340.0,319
2341.0,260
2342.0,257
2343.0,302
2344.0,319
2345.0,326
2346.0,292
2347.0,327
2348.0,343
2349.0,299
2350.0,369
2351.0,317
2352.0,360
2353.0,391
2354.0,377
2355.0,355
2356.0,317
2357.0,264
2358.0,295
2359.0,332
2360.0,325
2361.0,302
2362.0,306
2363.0,325
2364.0,327
2365.0,328
2366.0,327
2367.0,304
2368.0,279
2369.0,268
2370.0,275
2371.0,261
2372.0,314
2373.0,310
2374.0,326
2375.0,298
2376.0,285
2377.0,288
2378.0,279
2379.0,258
2380.0,285
2381.0,303
2382.0,281
2383.0,281
2384.0,302
2385.0,276
2386.0,259
2387.0,267
2388.0,280
2389.0,319
2390.0,304
2391.0,305
2392.0,297
2393.0,294
2394.0,287
2395.0,306
2396.0,306
2397.0,272
2398.0,241
2399.0,254
2400.0,300
2401.0,276
2402.0,300
2403.0,299
2404.0,283
2405.0,300
2406.0,334
2407.0,331
2408.0,322
2409.0,326
2410.0,344
2411.0,379
2412.0,353
2413.0,334
2414.0,318
2415.0,256
2416.0,310
2417.0,315
2418.0,316
2419.0,319
2420.0,282
2421.0,268
2422.0,339
2423.0,267
2424.0,262
2425.0,279
2426.0,249
2427.0,218
2428.0,225
2429.0,212
2430.0,235
2431.0,320
2432.0,334
2433.0,292
2434.0,298
2435.0,286
2436.0,278
2437.0,280
2438.0,279
2439.0,272
2440.0,270
2441.0,275
2442.0,278
2443.0,286
2444.0,280
2445.0,289
2446.0,331
2447.0,312
2448.0,311
2449.0,305
2450.0,319
2451.0,328
2452.0,322
2453.0,302
2454.0,315
2455.0,273
2456.0,259
2457.0,243
2458.0,277
2459.0,261
2460.0,261
2461.0,265
2462.0,261
2463.0,288
2464.0,253
2465.0,291
2466.0,271
2467.0,265
2468.0,282
2469.0,272
2470.0,274
2471.0,290
2472.0,316
2473.0,311
2474.0,311
2475.0,364
2476.0,312
2477.0,306
2478.0,329
2479.0,330
2480.0,355
2481.0,331
2482.0,324
2483.0,278
2484.0,279
2485.0,293
2486.0,288
2487.0,303
2488.0,343
2489.0,327
2490.0,323
2491.0,292
2492.0,291
2493.0,302
2494.0,293
2495.0,300
2496.0,308
2497.0,290
2498.0,257
2499.0,285
2500.0,317
2501.0,307
2502.0,328
2503.0,317
2504.0,337
2505.0,338
2506.0,359
2507.0,339
2508.0,341
2509.0,349
2510.0,375
2511.0,354
2512.0,304
2513.0,292
2514.0,313
2515.0,331
2516.0,309
2517.0,322
2518.0,331
2519.0,338
2520.0,327
2521.0,282
2522.0,285
2523.0,307
2524.0,310
2525.0,281
2526.0,266
2527.0,261
2528.0,247
2529.0,248
2530.0,263
2531.0,308
2532.0,291
2533.0,296
2534.0,244
2535.0,267
2536.0,274
2537.0,240
2538.0,276
2539.0,293
2540.0,313
2541.0,280
2542.0,262
2543.0,247
2544.0,269
2545.0,294
2546.0,285
2547.0,315
2548.0,298
2549.0,313
2550.0,305
2551.0,304
2552.0,293
2553.0,291
2554.0,290
2555.0,317
2556.0,303
2557.0,328
2558.0,306
2559.0,285
2560.0,290
2561.0,326
2562.0,308
2563.0,295
2564.0,256
2565.0,274
2566.0,287
2567.0,281
2568.0,261
2569.0,286
2570.0,282
2571.0,285
2572.0,298
2573.0,296
2574.0,312
2575.0,308
2576.0,302
2577.0,299
2578.0,304
2579.0,294
2580.0,312
2581.0,325
2582.0,304
2583.0,302
2584.0,289
2585.0,312
2586.0,281
2587.0,255
2588.0,290
2589.0,315
2590.0,299
2591.0,302
2592.0,299
2593.0,268
2594.0,260
2595.0,296
2596.0,306
2597.0,300
2598.0,278
2599.0,245
2600.0,223
2601.0,277
2602.0,339
2603.0,361
2604.0,329
2605.0,280
2606.0,280
2607.0,291
2608.0,283
2609.0,302
2610.0,325
2611.0,299
2612.0,258
2613.0,269
2614.0,270
2615.0,269
2616.0,264
2617.0,267
2618.0,250
2619.0,266
2620.0,229
2621.0,274
2622.0,312
2623.0,310
2624.0,303
2625.0,317
2626.0,290
2627.0,278
2628.0,252
2629.0,279
2630.0,266
2631.0,242
2632.0,249
2633.0,261
2634.0,255
2635.0,269
2636.0,303
2637.0,371
2638.0,320
2639.0,286
2640.0,252
2641.0,307
2642.0,297
2643.0,269
2644.0,267
2645.0,291
2646.0,294
2647.0,278
2648.0,326
2649.0,329
2650.0,329
2651.0,327
2652.0,296
2653.0,327
2654.0,327
2655.0,307
2656.0,311
2657.0,315
2658.0,321
2659.0,332
2660.0,348
2661.0,343
2662.0,343
2663.0,332
2664.0,313
2665.0,297
2666.0,297
2667.0,303
2668.0,294
2669.0,276
2670.0,264
2671.0,285
2672.0,289
2673.0,271
2674.0,274
2675.0,278
2676.0,234
2677.0,281
2678.0,292
2679.0,254
2680.0,259
2681.0,265
2682.0,257
2683.0,258
2684.0,274
2685.0,290
2686.0,283
2687.0,271
2688.0,309
2689.0,317
2690.0,307
2691.0,316
2692.0,304
2693.0,292
2694.0,301
2695.0,327
2696.0,343
2697.0,287
2698.0,299
2699.0,327
2700.0,314
2701.0,305
2702.0,312
2703.0,310
2704.0,315
2705.0,309
2706.0,266
2707.0,266
2708.0,266
2709.0,289
2710.0,273
2711.0,259
2712.0,292
2713.0,275
2714.0,278
2715.0,285
2716.0,292
2717.0,281
2718.0,294
2719.0,273
2720.0,275
2721.0,274
2722.0,278
2723.0,280
2724.0,288
2725.0,296
2726.0,273
2727.0,262
2728.0,344
2729.0,282
2730.0,291
2731.0,279
2732.0,291
2733.0,299
2734.0,312
2735.0,320
2736.0,327
2737.0,337
2738.0,332
2739.0,321
2740.0,333
2741.0,298
2742.0,288
2743.0,263
2744.0,258
2745.0,267
2746.0,299
2747.0,316
2748.0,324
2749.0,312
2750.0,299
2751.0,284
2752.0,300
2753.0,338
2754.0,333
2755.0,333
2756.0,307
2757.0,324
2758.0,322
2759.0,303
2760.0,300
2761.0,309
2762.0,321
2763.0,329
2764.0,339
2765.0,323
2766.0,308
2767.0,309
2768.0,320
2769.0,315
2770.0,338
2771.0,343
2772.0,287
2773.0,313
2774.0,290
2775.0,289
2776.0,275
2777.0,299
2778.0,277
2779.0,265
2780.0,295
2781.0,295
2782.0,303
2783.0,301
2784.0,325
2785.0,326
2786.0,321
2787.0,311
2788.0,311
2789.0,301
2790.0,315
2791.0,321
2792.0,297
2793.0,330
2794.0,316
2795.0,291
2796.0,284
2797.0,244
2798.0,297
2799.0,300
2800.0,313
2801.0,292
2802.0,267
2803.0,260
2804.0,284
2805.0,263
2806.0,239
2807.0,300
2808.0,281
2809.0,248
2810.0,276
2811.0,281
2812.0,284
2813.0,292
2814.0,237
2815.0,285
2816.0,281
2817.0,269
2818.0,285
2819.0,327
2820.0,321
2821.0,320
2822.0,290
2823.0,314
2824.0,303
2825.0,316
2826.0,347
2827.0,354
2828.0,354
2829.0,364
2830.0,346
2831.0,346
2832.0,349
2833.0,347
2834.0,342
2835.0,345
2836.0,333
2837.0,352
2838.0,350
2839.0,326
2840.0,295
2841.0,318
2842.0,334
2843.0,329
2844.0,337
2845.0,334
2846.0,323
2847.0,295
2848.0,315
2849.0,324
2850.0,291
2851.0,289
2852.0,276
2853.0,254
2854.0,257
2855.0,254
2856.0,277
2857.0,286
2858.0,275
2859.0,290
2860.0,315
2861.0,282
2862.0,268
2863.0,280
2864.0,266
2865.0,284
2866.0,249
2867.0,271
2868.0,295
2869.0,290
2870.0,278
2871.0,267
2872.0,264
2873.0,249
2874.0,257
2875.0,281
2876.0,313
2877.0,297
2878.0,328
2879.0,328
2880.0,293
2881.0,319
2882.0,331
2883.0,365
2884.0,358
2885.0,318
2886.0,280
2887.0,160
2888.0,214
2889.0,348
2890.0,319
2891.0,303
2892.0,332
2893.0,334
2894.0,306
2895.0,292
2896.0,295
2897.0,303
2898.0,298
2899.0,297
2900.0,282
2901.0,282
2902.0,298
2903.0,291
2904.0,311
2905.0,337
2906.0,338
2907.0,336
2908.0,324
2909.0,391
2910.0,424
2911.0,413
2912.0,399
2913.0,438
2914.0,427
2915.0,405
2916.0,375
2917.0,314
2918.0,282
2919.0,315
2920.0,320
2921.0,294
2922.0,289
2923.0,284
2924.0,299
2925.0,278
2926.0,304
2927.0,266
2928.0,267
2929.0,273
2930.0,283
2931.0,261
2932.0,274
2933.0,287
2934.0,261
2935.0,270
2936.0,279
2937.0,282
2938.0,295
2939.0,289
2940.0,308
2941.0,321
2942.0,299
2943.0,305
2944.0,255
2945.0,254
2946.0,300
2947.0,289
2948.0,294
2949.0,322
2950.0,314
2951.0,291
2952.0,267
2953.0,296
2954.0,271
2955.0,260
2956.0,300
2957.0,349
2958.0,365
2959.0,328
2960.0,316
2961.0,252
2962.0,255
2963.0,260
2964.0,301
2965.0,308
2966.0,317
2967.0,325
2968.0,305
2969.0,278
2970.0,286
2971.0,285
2972.0,286
2973.0,310
2974.0,269
2975.0,283
2976.0,316
2977.0,314
2978.0,319
2979.0,327
2980.0,318
2981.0,279
2982.0,266
2983.0,277
2984.0,272
2985.0,268
2986.0,289
2987.0,320
2988.0,297
2989.0,305
2990.0,289
2991.0,309
2992.0,309
2993.0,301
2994.0,291
2995.0,302
2996.0,324
2997.0,315
2998.0,303
2999.0,286
3000.0,292
3001.0,305
3002.0,292
3003.0,280
3004.0,286
3005.0,297
3006.0,309
3007.0,307
3008.0,319
3009.0,301
3010.0,302
3011.0,322
3012.0,314
3013.0,296
3014.0,270
3015.0,308
3016.0,325
3017.0,296
3018.0,334
3019.0,330
3020.0,319
3021.0,318
3022.0,288
3023.0,291
3024.0,298
3025.0,325
3026.0,227
3027.0,185
3028.0,228
3029.0,263
3030.0,171
3031.0,176
3032.0,103
3033.0,28
3034.0,59
3035.0,62
3036.0,94
3037.0,103
3038.0,86
3039.0,57
3040.0,0
3041.0,0
3042.0,0
3043.0,0
3044.0,0
3045.0,0
3046.0,0
3047.0,0
3048.0,0
3049.0,0
3050.0,0
3051.0,13
3052.0,102
3053.0,89
3054.0,92
3055.0,82
3056.0,75
3057.0,57
3058.0,58
3059.0,58
3060.0,55
3061.0,0
3062.0,0
3063.0,0
3064.0,0
3065.0,0
3066.0,0
3067.0,0
3068.0,0
3069.0,0
3070.0,0
3071.0,0
3072.0,0
3073.0,0
3074.0,0
3075.0,19
3076.0,211
3077.0,193
3078.0,188
3079.0,180
3080.0,198
3081.0,179
3082.0,161
3083.0,162
3084.0,183
3085.0,229
3086.0,176
3087.0,172
3088.0,217
3089.0,191
3090.0,178
3091.0,173
3092.0,180
3093.0,173
3094.0,182
3095.0,186
3096.0,173
3097.0,177
3098.0,226
3099.0,215
3100.0,82
3101.0,38
3102.0,0
3103.0,0
3104.0,0
3105.0,0
3106.0,0
3107.0,0
3108.0,0
3109.0,0
3110.0,15
3111.0,101
3112.0,119
3113.0,254
3114.0,235
3115.0,257
3116.0,264
3117.0,237
3118.0,227
3119.0,239
3120.0,215
3121.0,169
3122.0,173
3123.0,204
3124.0,203
3125.0,214
3126.0,224
3127.0,215
3128.0,192
3129.0,202
3130.0,209
3131.0,194
3132.0,191
3133.0,185
3134.0,196
3135.0,226
3136.0,234
3137.0,241
3138.0,269
3139.0,279
3140.0,256
3141.0,248
3142.0,249
3143.0,266
3144.0,270
3145.0,240
3146.0,224
3147.0,202
3148.0,179
3149.0,164
3150.0,162
3151.0,160
3152.0,171
3153.0,163
3154.0,131
3155.0,112
3156.0,107
3157.0,137
3158.0,184
3159.0,80
3160.0,120
3161.0,163
3162.0,158
3163.0,165
3164.0,168
3165.0,142
3166.0,131
3167.0,117
3168.0,121
3169.0,156
3170.0,168
3171.0,169
3172.0,153
3173.0,146
3174.0,141
3175.0,155
3176.0,163
3177.0,149
3178.0,176
3179.0,176
3180.0,160
3181.0,141
3182.0,158
3183.0,183
3184.0,167
3185.0,165
3186.0,180
3187.0,144
3188.0,131
3189.0,108
3190.0,112
3191.0,130
3192.0,127
3193.0,136
3194.0,162
3195.0,113
3196.0,82
3197.0,0
3198.0,0
3199.0,0
3200.0,0
3201.0,0
3202.0,179
3203.0,231
3204.0,249
3205.0,207
3206.0,218
3207.0,245
3208.0,238
3209.0,212
3210.0,216
3211.0,222
3212.0,257
3213.0,230
3214.0,211
3215.0,224
3216.0,259
3217.0,296
3218.0,297
3219.0,238
3220.0,284
3221.0,316
3222.0,371
3223.0,393
3224.0,471
3225.0,450
3226.0,444
3227.0,405
3228.0,386
3229.0,384
3230.0,334
3231.0,319
3232.0,322
3233.0,283
3234.0,281
3235.0,296
3236.0,276
3237.0,263
3238.0,283
3239.0,286
3240.0,285
3241.0,281
3242.0,319
3243.0,299
3244.0,281
3245.0,288
3246.0,286
3247.0,259
3248.0,256
3249.0,267
3250.0,274
3251.0,311
3252.0,311
3253.0,345
3254.0,390
3255.0,291
3256.0,291
3257.0,281
3258.0,332
3259.0,334
3260.0,349
3261.0,316
3262.0,296
3263.0,323
3264.0,329
3265.0,326
3266.0,314
3267.0,311
3268.0,295
3269.0,275
3270.0,275
3271.0,271
3272.0,265
3273.0,271
3274.0,296
3275.0,298
3276.0,319
3277.0,321
3278.0,319
3279.0,324
3280.0,328
3281.0,361
3282.0,354
3283.0,357
3284.0,297
3285.0,333
3286.0,355
3287.0,376
3288.0,351
3289.0,339
3290.0,361
3291.0,369
3292.0,365
3293.0,318
3294.0,320
3295.0,285
3296.0,268
3297.0,300
3298.0,284
3299.0,305
3300.0,302
3301.0,341
3302.0,307
3303.0,326
3304.0,330
3305.0,331
3306.0,336
3307.0,330
3308.0,430
3309.0,362
3310.0,355
3311.0,320
3312.0,305
3313.0,312
3314.0,303
3315.0,304
3316.0,311
3317.0,294
3318.0,276
3319.0,281
3320.0,275
3321.0,283
3322.0,277
3323.0,299
3324.0,297
3325.0,317
3326.0,302
3327.0,296
3328.0,299
3329.0,307
3330.0,316
3331.0,324
3332.0,358
3333.0,343
3334.0,337
3335.0,333
3336.0,338
3337.0,326
3338.0,288
3339.0,284
3340.0,290
3341.0,274
3342.0,272
3343.0,254
3344.0,254
3345.0,292
3346.0,326
3347.0,296
3348.0,325
3349.0,318
3350.0,323
3351.0,289
3352.0,298
3353.0,338
3354.0,359
3355.0,330
3356.0,336
3357.0,312
3358.0,273
3359.0,261
3360.0,229
3361.0,225
3362.0,142
3363.0,285
3364.0,257
3365.0,228
3366.0,204
3367.0,204
3368.0,155
3369.0,42
3370.0,11
3371.0,65
3372.0,28
3373.0,5
3374.0,0
3375.0,0
3376.0,0
3377.0,10
3378.0,114
3379.0,289
3380.0,309
3381.0,228
3382.0,188
3383.0,222
3384.0,236
3385.0,212
3386.0,101
3387.0,57
3388.0,36
3389.0,35
3390.0,51
3391.0,86
3392.0,150
3393.0,112
3394.0,135
3395.0,128
3396.0,127
3397.0,148
3398.0,155
3399.0,139
3400.0,139
3401.0,162
3402.0,164
3403.0,187
3404.0,177
3405.0,177
3406.0,178
3407.0,165
3408.0,169
3409.0,135
3410.0,135
3411.0,151
3412.0,156
3413.0,176
3414.0,141
3415.0,134
3416.0,114
3417.0,114
3418.0,100
3419.0,118
3420.0,110
3421.0,113
3422.0,111
3423.0,122
3424.0,110
3425.0,120
3426.0,140
3427.0,126
3428.0,103
3429.0,114
3430.0,152
3431.0,136
3432.0,128
3433.0,114
3434.0,113
3435.0,117
3436.0,131
3437.0,121
3438.0,134
3439.0,132
3440.0,151
3441.0,125
3442.0,128
3443.0,124
3444.0,120
3445.0,104
3446.0,108
3447.0,108
3448.0,120
3449.0,177
3450.0,197
3451.0,142
3452.0,120
3453.0,150
3454.0,153
3455.0,163
3456.0,136
3457.0,133
3458.0,152
3459.0,129
3460.0,123
3461.0,140
3462.0,123
3463.0,119
3464.0,114
3465.0,113
3466.0,129
3467.0,94
3468.0,63
3469.0,14
3470.0,0
3471.0,0
3472.0,0
3473.0,0
3474.0,0
3475.0,0
3476.0,0
3477.0,0
3478.0,0
3479.0,0
3480.0,0
3481.0,0
3482.0,0
3483.0,0
3484.0,0
3485.0,0
3486.0,0
3487.0,0
3488.0,0
3489.0,0
3490.0,0
3491.0,0
3492.0,0
3493.0,0
3494.0,64
3495.0,99
3496.0,188
3497.0,180
3498.0,144
3499.0,129
3500.0,130
3501.0,132
3502.0,122
3503.0,109
3504.0,73
3505.0,4
3506.0,4
3507.0,5
3508.0,2
3509.0,3
3510.0,122
3511.0,153
3512.0,111
3513.0,74
3514.0,46
3515.0,1
3516.0,0
3517.0,0
3518.0,0
3519.0,0
3520.0,0
3521.0,0
3522.0,0
3523.0,0
3524.0,0
3525.0,138
3526.0,69
3527.0,126
3528.0,157
3529.0,165
3530.0,151
3531.0,163
3532.0,150
3533.0,136
3534.0,121
3535.0,117
3536.0,102
3537.0,145
3538.0,73
3539.0,0
3540.0,0
3541.0,0
3542.0,0
3543.0,0
3544.0,0
3545.0,0
3546.0,0
3547.0,0
3548.0,0
3549.0,0
3550.0,0
3551.0,0
3552.0,21
3553.0,95
3554.0,137
3555.0,208
3556.0,245
3557.0,269
3558.0,219
3559.0,241
3560.0,334
3561.0,302
3562.0,299
3563.0,321
3564.0,319
3565.0,283
3566.0,285
3567.0,322
3568.0,330
3569.0,291
3570.0,240
3571.0,201
3572.0,178
3573.0,168
3574.0,203
3575.0,212
3576.0,281
3577.0,294
3578.0,314
3579.0,262
3580.0,271
3581.0,285
3582.0,287
3583.0,271
3584.0,273
3585.0,283
3586.0,274
3587.0,252
3588.0,255
3589.0,249
3590.0,242
3591.0,219
3592.0,245
3593.0,232
3594.0,213
3595.0,218
3596.0,184
3597.0,211
3598.0,219
3599.0,205
3600.0,236
3601.0,221
3602.0,217
3603.0,223
3604.0,263
3605.0,251
3606.0,256
3607.0,255
3608.0,239
3609.0,234
3610.0,232
3611.0,213
3612.0,203
3613.0,198
3614.0,201
3615.0,200
3616.0,214
3617.0,245
3618.0,214
3619.0,222
3620.0,184
3621.0,186
3622.0,235
3623.0,226
3624.0,221
3625.0,197
3626.0,184
3627.0,182
3628.0,185
3629.0,145
3630.0,238
3631.0,217
3632.0,185
3633.0,151
3634.0,212
3635.0,218
3636.0,198
3637.0,190
3638.0,194
3639.0,188
3640.0,201
3641.0,224
3642.0,204
3643.0,215
3644.0,225
3645.0,224
3646.0,237
3647.0,233
3648.0,248
3649.0,215
3650.0,194
3651.0,245
3652.0,275
3653.0,260
3654.0,260
3655.0,232
3656.0,232
3657.0,219
3658.0,205
3659.0,224
3660.0,213
3661.0,217
3662.0,200
3663.0,228
3664.0,220
3665.0,214
3666.0,208
3667.0,199
3668.0,220
3669.0,213
3670.0,203
3671.0,247
3672.0,223
3673.0,201
3674.0,218
3675.0,192
3676.0,203
3677.0,214
3678.0,211
3679.0,241
3680.0,217
3681.0,188
3682.0,233
3683.0,201
3684.0,173
3685.0,160
3686.0,180
3687.0,168
3688.0,137
3689.0,212
3690.0,215
3691.0,193
3692.0,219
3693.0,277
3694.0,259
3695.0,212
3696.0,229
3697.0,255
3698.0,212
3699.0,152
3700.0,165
3701.0,218
3702.0,249
3703.0,240
3704.0,234
3705.0,222
3706.0,231
3707.0,222
3708.0,231
3709.0,216
3710.0,208
3711.0,218
3712.0,214
3713.0,124
3714.0,261
3715.0,260
3716.0,259
3717.0,226
3718.0,226
3719.0,236
3720.0,250
3721.0,259
3722.0,247
3723.0,249
3724.0,261
3725.0,270
3726.0,260
3727.0,260
3728.0,258
3729.0,269
3730.0,266
3731.0,298
3732.0,297
3733.0,233
3734.0,232
3735.0,215
3736.0,227
3737.0,233
3738.0,219
3739.0,219
3740.0,252
3741.0,253
3742.0,241
3743.0,268
3744.0,255
3745.0,251
3746.0,264
3747.0,269
3748.0,243
3749.0,227
3750.0,217
3751.0,238
3752.0,256
3753.0,236
3754.0,227
3755.0,236
3756.0,252
3757.0,250
3758.0,258
3759.0,283
3760.0,256
3761.0,247
3762.0,260
3763.0,252
3764.0,248
3765.0,223
3766.0,221
3767.0,223
3768.0,226
3769.0,251
3770.0,263
3771.0,259
3772.0,268
3773.0,275
3774.0,271
3775.0,262
3776.0,250
3777.0,226
3778.0,263
3779.0,283
3780.0,256
3781.0,261
3782.0,259
3783.0,273
3784.0,278
3785.0,285
3786.0,292
3787.0,280
3788.0,246
3789.0,275
3790.0,267
3791.0,259
3792.0,256
3793.0,243
3794.0,246
3795.0,249
3796.0,255
3797.0,263
3798.0,231
3799.0,263
3800.0,264
3801.0,255
3802.0,255
3803.0,249
3804.0,205
3805.0,213
3806.0,234
3807.0,253
3808.0,256
3809.0,265
3810.0,243
3811.0,214
3812.0,214
3813.0,238
3814.0,231
3815.0,225
3816.0,231
3817.0,245
3818.0,184
3819.0,130
3820.0,126
3821.0,105
3822.0,84
3823.0,17
3824.0,0
3825.0,0
3826.0,0
3827.0,0
3828.0,0
3829.0,0
3830.0,11
3831.0,17
3832.0,59
3833.0,25
3834.0,0
3835.0,0
3836.0,0
3837.0,0
3838.0,0
3839.0,2
3840.0,103
3841.0,111
3842.0,105
3843.0,99
3844.0,93
3845.0,62
3846.0,24
3847.0,0
3848.0,0
3849.0,0
3850.0,0
3851.0,0
3852.0,0
3853.0,0
3854.0,0
3855.0,0
3856.0,0
3857.0,0
3858.0,0
3859.0,0
3860.0,0
3861.0,0
3862.0,0
3863.0,82
3864.0,122
3865.0,103
3866.0,76
3867.0,78
3868.0,86
3869.0,63
3870.0,2
3871.0,1
3872.0,1
3873.0,1
3874.0,0
3875.0,0
3876.0,0
3877.0,0
3878.0,0
3879.0,0
3880.0,0
3881.0,0
3882.0,0
3883.0,55
3884.0,34
3885.0,0
3886.0,0
3887.0,0
3888.0,0
3889.0,49
3890.0,263
3891.0,310
3892.0,289
3893.0,254
3894.0,264
3895.0,268
3896.0,260
3897.0,240
3898.0,224
3899.0,288
3900.0,332
3901.0,348
3902.0,429
3903.0,442
3904.0,414
3905.0,417
3906.0,351
3907.0,271
3908.0,383
3909.0,423
3910.0,414
3911.0,394
3912.0,376
3913.0,315
3914.0,285
3915.0,260
3916.0,270
3917.0,229
3918.0,177
3919.0,174
3920.0,89
3921.0,123
3922.0,148
3923.0,164
3924.0,183
3925.0,205
3926.0,163
3927.0,164
3928.0,198
3929.0,199
3930.0,176
3931.0,181
3932.0,188
3933.0,197
3934.0,177
3935.0,202
3936.0,224
3937.0,185
3938.0,175
3939.0,166
3940.0,144
3941.0,89
3942.0,77
3943.0,57
3944.0,0
3945.0,0
3946.0,0
3947.0,0
3948.0,0
3949.0,0
3950.0,6
3951.0,176
3952.0,117
3953.0,112
3954.0,119
3955.0,112
3956.0,129
3957.0,137
3958.0,145
3959.0,173
3960.0,188
3961.0,214
3962.0,211
3963.0,265
3964.0,279
3965.0,280
3966.0,307
3967.0,305
3968.0,294
3969.0,234
3970.0,245
3971.0,227
3972.0,227
3973.0,232
3974.0,272
3975.0,258
3976.0,243
3977.0,234
3978.0,239
3979.0,252
3980.0,239
3981.0,234
3982.0,261
3983.0,291
3984.0,265
3985.0,230
3986.0,225
3987.0,240
3988.0,236
3989.0,228
3990.0,235
3991.0,244
3992.0,237
3993.0,232
3994.0,242
3995.0,243
3996.0,257
3997.0,247
3998.0,141
3999.0,237
4000.0,338
4001.0,296
4002.0,296
4003.0,265
4004.0,261
4005.0,264
4006.0,237
4007.0,234
4008.0,221
4009.0,216
4010.0,203
4011.0,174
4012.0,208
4013.0,238
4014.0,196
4015.0,215
4016.0,209
4017.0,171
4018.0,136
4019.0,119
4020.0,139
4021.0,131
4022.0,140
4023.0,135
4024.0,136
4025.0,150
4026.0,168
4027.0,187
4028.0,183
4029.0,204
4030.0,251
4031.0,217
4032.0,229
4033.0,264
4034.0,258
4035.0,246
4036.0,260
4037.0,250
4038.0,234
4039.0,238
4040.0,245
4041.0,251
4042.0,219
4043.0,187
4044.0,223
4045.0,258
4046.0,251
4047.0,248
4048.0,232
4049.0,262
4050.0,269
4051.0,243
4052.0,228
4053.0,205
4054.0,220
4055.0,186
4056.0,193
4057.0,178
4058.0,194
4059.0,201
4060.0,179
4061.0,203
4062.0,195
4063.0,195
4064.0,208
4065.0,206
4066.0,212
4067.0,214
4068.0,220
4069.0,224
4070.0,252
4071.0,219
4072.0,256
4073.0,258
4074.0,290
4075.0,325
4076.0,321
4077.0,274
4078.0,274
4079.0,288
4080.0,279
4081.0,281
4082.0,289
4083.0,290
4084.0,272
4085.0,253
4086.0,223
4087.0,182
4088.0,219
4089.0,208
4090.0,205
4091.0,236
4092.0,212
4093.0,208
4094.0,190
4095.0,210
4096.0,214
4097.0,201
4098.0,198
4099.0,198
4100.0,204
4101.0,207
4102.0,211
4103.0,202
4104.0,211
4105.0,205
4106.0,196
4107.0,185
4108.0,173
4109.0,160
4110.0,155
4111.0,176
4112.0,165
4113.0,179
4114.0,172
4115.0,189
4116.0,226
4117.0,254
4118.0,246
4119.0,176
4120.0,201
4121.0,243
4122.0,251
4123.0,275
4124.0,252
4125.0,261
4126.0,263
4127.0,269
4128.0,228
4129.0,240
4130.0,262
4131.0,263
4132.0,265
4133.0,259
4134.0,273
4135.0,276
4136.0,269
4137.0,250
4138.0,257
4139.0,254
4140.0,228
4141.0,227
4142.0,245
4143.0,248
4144.0,225
4145.0,222
4146.0,223
4147.0,232
4148.0,143
4149.0,290
4150.0,261
4151.0,264
4152.0,253
4153.0,238
4154.0,228
4155.0,198
4156.0,271
4157.0,277
4158.0,273
4159.0,259
4160.0,230
4161.0,234
4162.0,174
4163.0,175
4164.0,170
4165.0,143
4166.0,131
4167.0,157
4168.0,198
4169.0,193
4170.0,200
4171.0,169
4172.0,166
4173.0,155
4174.0,182
4175.0,220
4176.0,182
4177.0,171
4178.0,163
4179.0,184
4180.0,182
4181.0,186
4182.0,178
4183.0,202
4184.0,227
4185.0,229
4186.0,235
4187.0,240
4188.0,251
4189.0,232
4190.0,228
4191.0,242
4192.0,258
4193.0,249
4194.0,233
4195.0,243
4196.0,249
4197.0,260
4198.0,263
4199.0,271
4200.0,262
4201.0,272
4202.0,261
4203.0,230
4204.0,237
4205.0,274
4206.0,286
4207.0,240
4208.0,235
4209.0,251
4210.0,256
4211.0,261
4212.0,259
4213.0,261
4214.0,269
4215.0,260
4216.0,253
4217.0,253
4218.0,260
4219.0,257
4220.0,264
4221.0,245
4222.0,249
4223.0,242
4224.0,246
4225.0,271
4226.0,259
4227.0,257
4228.0,254
4229.0,250
4230.0,240
4231.0,260
4232.0,275
4233.0,265
4234.0,258
4235.0,248
4236.0,244
4237.0,232
4238.0,220
4239.0,225
4240.0,230
4241.0,244
4242.0,265
4243.0,266
4244.0,253
4245.0,232
4246.0,228
4247.0,231
4248.0,227
4249.0,234
4250.0,245
4251.0,244
4252.0,248
4253.0,256
4254.0,268
4255.0,269
4256.0,271
4257.0,265
4258.0,245
4259.0,259
4260.0,260
4261.0,268
4262.0,259
4263.0,259
4264.0,257
4265.0,272
4266.0,242
4267.0,243
4268.0,250
4269.0,251
4270.0,251
4271.0,254
4272.0,252
4273.0,251
4274.0,250
4275.0,262
4276.0,269
4277.0,256
4278.0,248
4279.0,263
4280.0,259
4281.0,251
4282.0,256
4283.0,272
4284.0,261
4285.0,266
4286.0,267
4287.0,245
4288.0,243
4289.0,223
4290.0,193
4291.0,186
4292.0,167
4293.0,171
4294.0,165
4295.0,177
4296.0,219
4297.0,227
4298.0,223
4299.0,229
4300.0,226
4301.0,218
4302.0,197
4303.0,177
4304.0,180
4305.0,167
4306.0,157
4307.0,158
4308.0,157
4309.0,80
4310.0,93
4311.0,145
4312.0,189
4313.0,136
4314.0,159
4315.0,142
4316.0,109
4317.0,161
4318.0,179
4319.0,170
4320.0,176
4321.0,154
4322.0,171
4323.0,181
4324.0,172
4325.0,124
4326.0,118
4327.0,243
4328.0,246
4329.0,146
4330.0,177
4331.0,232
4332.0,190
4333.0,208
4334.0,188
4335.0,174
4336.0,204
4337.0,214
4338.0,204
4339.0,233
4340.0,239
4341.0,253
4342.0,233
4343.0,225
4344.0,228
4345.0,221
4346.0,233
4347.0,224
4348.0,229
4349.0,226
4350.0,228
4351.0,228
4352.0,264
4353.0,272
4354.0,252
4355.0,242
4356.0,242
4357.0,248
4358.0,244
4359.0,234
4360.0,227
4361.0,237
4362.0,247
4363.0,243
4364.0,250
4365.0,218
4366.0,230
4367.0,259
4368.0,244
4369.0,245
4370.0,233
4371.0,230
4372.0,220
4373.0,213
4374.0,226
4375.0,239
4376.0,248
4377.0,245
4378.0,235
4379.0,233
4380.0,212
4381.0,213
4382.0,221
4383.0,243
4384.0,224
4385.0,225
4386.0,220
4387.0,220
4388.0,213
4389.0,220
4390.0,242
4391.0,247
4392.0,215
4393.0,244
4394.0,260
4395.0,254
4396.0,253
4397.0,260
4398.0,264
4399.0,245
4400.0,262
4401.0,289
4402.0,233
4403.0,235
4404.0,235
4405.0,282
4406.0,281
4407.0,295
4408.0,276
4409.0,284
4410.0,284
4411.0,274
4412.0,279
4413.0,287
4414.0,283
4415.0,278
4416.0,280
4417.0,274
4418.0,281
4419.0,286
4420.0,275
4421.0,264
4422.0,240
4423.0,248
4424.0,264
4425.0,252
4426.0,239
4427.0,228
4428.0,228
4429.0,224
4430.0,224
4431.0,209
4432.0,204
4433.0,209
4434.0,202
4435.0,207
4436.0,207
4437.0,191
4438.0,156
4439.0,195
4440.0,219
4441.0,185
4442.0,83
4443.0,124
4444.0,5
4445.0,0
4446.0,0
4447.0,0
4448.0,190
4449.0,144
4450.0,52
4451.0,1
4452.0,36
4453.0,94
4454.0,104
4455.0,80
4456.0,88
4457.0,91
4458.0,93
4459.0,80
4460.0,112
4461.0,168
4462.0,96
4463.0,31
4464.0,62
4465.0,15
4466.0,0
4467.0,0
4468.0,0
4469.0,0
4470.0,0
4471.0,0
4472.0,0
4473.0,0
4474.0,0
4475.0,0
4476.0,0
4477.0,0
4478.0,0
4479.0,0
4480.0,0
4481.0,0
4482.0,0
4483.0,0
4484.0,0
4485.0,0
4486.0,0
4487.0,0
4488.0,0
4489.0,0
4490.0,0
4491.0,0
4492.0,0
4493.0,0
4494.0,0
4495.0,0
4496.0,0
4497.0,0
4498.0,0
4499.0,0
4500.0,0
4501.0,0
4502.0,0
4503.0,0
4504.0,0
4505.0,0
4506.0,0
4507.0,0
4508.0,0
4509.0,0
4510.0,0
4511.0,0
4512.0,0
4513.0,0
4514.0,0
4515.0,0
4516.0,0
4517.0,0
4518.0,0
4519.0,0
4520.0,0
4521.0,5
4522.0,72
4523.0,77
4524.0,19
4525.0,0
4526.0,0
4527.0,0
4528.0,0
4529.0,0
4530.0,0
4531.0,0
4532.0,0
4533.0,0
4534.0,0
4535.0,0
4536.0,0
4537.0,252
4538.0,238
4539.0,185
4540.0,135
4541.0,154
4542.0,117
4543.0,90
4544.0,120
4545.0,123
4546.0,113
4547.0,119
4548.0,111
4549.0,102
4550.0,89
4551.0,67
4552.0,53
4553.0,69
4554.0,93
4555.0,95
4556.0,122
4557.0,144
4558.0,170
4559.0,137
4560.0,148
4561.0,175
4562.0,146
4563.0,136
4564.0,137
4565.0,142
4566.0,186
4567.0,172
4568.0,142
4569.0,86
4570.0,44
4571.0,29
4572.0,58
4573.0,40
4574.0,1
4575.0,0
4576.0,0
4577.0,0
4578.0,0
4579.0,62
4580.0,184
4581.0,181
4582.0,148
4583.0,120
4584.0,62
4585.0,53
4586.0,117
4587.0,133
4588.0,104
4589.0,82
4590.0,72
4591.0,33
4592.0,7
4593.0,33
4594.0,140
4595.0,61
4596.0,84
4597.0,96
4598.0,75
4599.0,62
4600.0,41
4601.0,0
4602.0,0
4603.0,0
4604.0,0
4605.0,0
4606.0,39
4607.0,13
4608.0,40
4609.0,91
4610.0,54
4611.0,3
4612.0,3
4613.0,3
4614.0,4
4615.0,4
4616.0,4
4617.0,159
4618.0,124
4619.0,45
4620.0,0
4621.0,0
4622.0,0
4623.0,3
4624.0,213
4625.0,236
4626.0,249
4627.0,274
4628.0,285
4629.0,274
4630.0,222
4631.0,146
4632.0,159
4633.0,198
4634.0,201
4635.0,205
4636.0,192
4637.0,168
4638.0,147
4639.0,134
4640.0,111
4641.0,142
4642.0,88
4643.0,52
4644.0,42
4645.0,29
4646.0,86
4647.0,96
4648.0,97
4649.0,102
4650.0,106
4651.0,156
4652.0,162
4653.0,164
4654.0,112
4655.0,131
4656.0,98
4657.0,75
4658.0,54
4659.0,46
4660.0,52
4661.0,46
4662.0,32
4663.0,37
4664.0,58
4665.0,110
4666.0,172
4667.0,257
4668.0,244
4669.0,201
4670.0,173
4671.0,145
4672.0,137
4673.0,129
4674.0,135
4675.0,122
4676.0,156
4677.0,156
4678.0,140
4679.0,149
4680.0,156
4681.0,179
4682.0,201
4683.0,216
4684.0,220
4685.0,160
4686.0,154
4687.0,172
4688.0,170
4689.0,136
4690.0,147
4691.0,149
4692.0,152
4693.0,158
4694.0,144
4695.0,138
4696.0,136
4697.0,117
4698.0,117
4699.0,121
4700.0,149
4701.0,117
4702.0,87
4703.0,74
4704.0,119
4705.0,137
4706.0,163
4707.0,197
4708.0,160
4709.0,147
4710.0,149
4711.0,106
4712.0,115
4713.0,119
4714.0,137
4715.0,134
4716.0,133
4717.0,152
4718.0,152
4719.0,130
4720.0,143
4721.0,150
4722.0,137
4723.0,149
4724.0,163
4725.0,161
4726.0,155
4727.0,135
4728.0,158
4729.0,140
4730.0,160
4731.0,178
4732.0,190
4733.0,187
4734.0,133
4735.0,44
4736.0,99
4737.0,0
4738.0,0
4739.0,0
4740.0,0
4741.0,0
4742.0,0
4743.0,0
4744.0,0
4745.0,0
4746.0,0
4747.0,0
4748.0,0
4749.0,0
4750.0,0
4751.0,0
4752.0,0
4753.0,0
4754.0,0
4755.0,0
4756.0,0
4757.0,0
4758.0,0
4759.0,0
4760.0,0
4761.0,0
4762.0,34
4763.0,153
4764.0,177
4765.0,101
4766.0,23
4767.0,0
4768.0,0
4769.0,0
4770.0,0
4771.0,0
4772.0,0
4773.0,0
4774.0,0
4775.0,0
4776.0,0
4777.0,0
4778.0,0
4779.0,0
4780.0,0
4781.0,0
4782.0,0
4783.0,0
4784.0,0
4785.0,0
4786.0,0
4787.0,0
4788.0,0
4789.0,0
4790.0,0
4791.0,0
4792.0,0
4793.0,0
4794.0,0
4795.0,0
4796.0,0
4797.0,0
4798.0,0
4799.0,0
4800.0,0
4801.0,0
4802.0,0
4803.0,0
4804.0,0
4805.0,0
4806.0,0
4807.0,0
4808.0,0
4809.0,0
4810.0,0
4811.0,0
4812.0,0
4813.0,0
4814.0,0
4815.0,0
4816.0,0
4817.0,0
4818.0,0
4819.0,0
4820.0,0
4821.0,0
4822.0,0
4823.0,0
4824.0,0
4825.0,0
4826.0,0
4827.0,0
4828.0,0
4829.0,0
4830.0,0
4831.0,0
4832.0,0
4833.0,0
4834.0,0
4835.0,0
4836.0,0
4837.0,0
4838.0,0
4839.0,0
4840.0,0
4841.0,0
4842.0,0
4843.0,0
4844.0,0
4845.0,0
4846.0,0
4847.0,0
4848.0,0
4849.0,0
4850.0,0
4851.0,0
4852.0,0
4853.0,0
4854.0,0
4855.0,0
4856.0,0
4857.0,0
4858.0,0
4859.0,0
4860.0,0
4861.0,0
4862.0,0
4863.0,0
4864.0,0
4865.0,0
4866.0,0
4867.0,0
4868.0,0
4869.0,0
4870.0,0
4871.0,0
4872.0,0
4873.0,0
4874.0,0
4875.0,0
4876.0,0
4877.0,0
4878.0,0
4879.0,0
4880.0,0
4881.0,0
4882.0,0
4883.0,0
4884.0,0
4885.0,0
4886.0,0
4887.0,0
4888.0,0
4889.0,0
4890.0,0
4891.0,0
4892.0,0
4893.0,0
4894.0,0
4895.0,0
4896.0,0
4897.0,0
4898.0,0
4899.0,0
4900.0,0
4901.0,0
4902.0,0
4903.0,0
4904.0,0
4905.0,0
4906.0,0
4907.0,0
4908.0,0
4909.0,0
4910.0,0
4911.0,0
4912.0,0
4913.0,0
4914.0,0
4915.0,0
4916.0,0
4917.0,0
4918.0,0
4919.0,0
4920.0,0
4921.0,0
4922.0,0
4923.0,0
4924.0,0
4925.0,0
4926.0,0
4927.0,0
4928.0,0
4929.0,0
4930.0,0
4931.0,0
4932.0,0
4933.0,0
4934.0,0
4935.0,0
4936.0,0
4937.0,0
4938.0,0
4939.0,0
4940.0,0
4941.0,0
4942.0,0
4943.0,0
4944.0,0
4945.0,0
4946.0,0
4947.0,0
4948.0,0
4949.0,0
4950.0,0
4951.0,0
4952.0,0
4953.0,0
4954.0,0
4955.0,0
4956.0,0
4957.0,0
4958.0,0
4959.0,0
4960.0,0
4961.0,0
4962.0,0
4963.0,0
4964.0,0
4965.0,0
4966.0,0
4967.0,0
4968.0,0
4969.0,0
4970.0,0
4971.0,0
4972.0,0
4973.0,0
4974.0,0
4975.0,0
4976.0,0
4977.0,0
4978.0,0
4979.0,0
4980.0,0
4981.0,0
4982.0,0
4983.0,0
4984.0,0
4985.0,0
4986.0,0
4987.0,0
4988.0,0
4989.0,0
4990.0,0
4991.0,0
4992.0,0
4993.0,0
4994.0,0
4995.0,0
4996.0,0
4997.0,0
4998.0,0
4999.0,0
5000.0,0
5001.0,0
5002.0,0
5003.0,0
5004.0,0
5005.0,0
5006.0,0
5007.0,0
5008.0,0
5009.0,0
5010.0,0
5011.0,0
5012.0,0
5013.0,0
5014.0,0
5015.0,0
5016.0,0
5017.0,0
5018.0,0
5019.0,0
5020.0,0
5021.0,0
5022.0,0
5023.0,0
5024.0,0
5025.0,0
5026.0,0
5027.0,0
5028.0,0
5029.0,0
5030.0,0
5031.0,0
5032.0,0
5033.0,0
5034.0,0
5035.0,0
5036.0,0
5037.0,0
5038.0,0
5039.0,0
5040.0,0
5041.0,0
5042.0,0
5043.0,0
5044.0,0
5045.0,0
5046.0,0
5047.0,0
5048.0,0
5049.0,0
5050.0,0
5051.0,0
5052.0,0
5053.0,0
5054.0,0
5055.0,0
5056.0,0
5057.0,0
5058.0,0
5059.0,0
5060.0,0
5061.0,0
5062.0,0
5063.0,0
5064.0,0
5065.0,0
5066.0,0
5067.0,0
5068.0,0
5069.0,0
5070.0,0
5071.0,0
5072.0,0
5073.0,0
5074.0,0
5075.0,0
5076.0,0
5077.0,0
5078.0,0
5079.0,0
5080.0,0
5081.0,0
5082.0,0
5083.0,0
5084.0,0
5085.0,0
5086.0,0
5087.0,0
5088.0,0
5089.0,0
5090.0,0
5091.0,0
5092.0,0
5093.0,0
5094.0,0
5095.0,0
5096.0,0
5097.0,0
5098.0,0
5099.0,0
5100.0,0
5101.0,0
5102.0,0
5103.0,0
5104.0,0
5105.0,0
5106.0,0
5107.0,0
5108.0,0
5109.0,0
5110.0,0
5111.0,0
5112.0,0
5113.0,0
5114.0,0
5115.0,0
5116.0,0
5117.0,0
5118.0,0
5119.0,0
5120.0,0
5121.0,0
5122.0,0
5123.0,0
5124.0,0
5125.0,0
5126.0,0
5127.0,0
5128.0,0
5129.0,0
5130.0,0
5131.0,0
5132.0,0
5133.0,0
5134.0,0
5135.0,0
5136.0,0
5137.0,0
5138.0,0
5139.0,0
5140.0,0
5141.0,0
5142.0,0
5143.0,0
5144.0,0
5145.0,0
5146.0,0
5147.0,0
5148.0,0
5149.0,0
5150.0,0
5151.0,0
5152.0,0
5153.0,0
5154.0,0
5155.0,0
5156.0,0
5157.0,0
5158.0,0
5159.0,0
5160.0,0
5161.0,0
5162.0,0
5163.0,0
5164.0,0
5165.0,0
5166.0,0
5167.0,0
5168.0,0
5169.0,0
5170.0,0
5171.0,0
5172.0,0
5173.0,0
5174.0,0
5175.0,0
5176.0,0
5177.0,0
5178.0,0
5179.0,0
5180.0,0
5181.0,0
5182.0,0
5183.0,0
5184.0,0
5185.0,0
5186.0,0
5187.0,0
5188.0,0
5189.0,0
5190.0,0
5191.0,0
5192.0,0
5193.0,0
5194.0,0
5195.0,0
5196.0,0
5197.0,0
5198.0,0
5199.0,0
5200.0,0
5201.0,0
5202.0,0
5203.0,0
5204.0,0
5205.0,0
5206.0,0
5207.0,0
5208.0,0
5209.0,0
5210.0,0
5211.0,0
5212.0,0
5213.0,0
5214.0,0
5215.0,0
5216.0,0
5217.0,0
5218.0,0
5219.0,0
5220.0,0
5221.0,0
5222.0,0
5223.0,0
5224.0,0
5225.0,0
5226.0,0
5227.0,0
5228.0,0
5229.0,0
5230.0,0
5231.0,0
5232.0,0
5233.0,0
5234.0,0
5235.0,0
5236.0,0
5237.0,0
5238.0,0
5239.0,0
5240.0,0
5241.0,0
5242.0,0
5243.0,0
5244.0,0
5245.0,0
5246.0,0
5247.0,0
5248.0,0
5249.0,0
5250.0,0
5251.0,0
5252.0,0
5253.0,0
5254.0,0
5255.0,0
5256.0,0
5257.0,0
5258.0,0
5259.0,0
5260.0,0
5261.0,0
5262.0,0
5263.0,0
5264.0,0
5265.0,0
5266.0,0
5267.0,0
5268.0,0
5269.0,0
5270.0,0
5271.0,0
5272.0,0
5273.0,0
5274.0,0
5275.0,0
5276.0,0
5277.0,0
5278.0,0
5279.0,0
5280.0,0
5281.0,0
5282.0,0
5283.0,0
5284.0,0
5285.0,0
5286.0,0
5287.0,0
5288.0,0
5289.0,0
5290.0,0
5291.0,0
5292.0,0
5293.0,0
5294.0,0
5295.0,0
5296.0,0
5297.0,0
5298.0,0
5299.0,0
5300.0,0
5301.0,0
5302.0,0
5303.0,0
5304.0,0
5305.0,0
5306.0,0
5307.0,0
5308.0,0
5309.0,0
5310.0,0
5311.0,0
5312.0,0
5313.0,0
5314.0,0
5315.0,0
5316.0,0
5317.0,0
5318.0,0
5319.0,0
5320.0,0
5321.0,0
5322.0,128
5323.0,241
5324.0,158
5325.0,21
5326.0,7
5327.0,7
5328.0,24
5329.0,25
5330.0,145
5331.0,147
5332.0,144
5333.0,145
5334.0,133
5335.0,49
5336.0,113
5337.0,235
5338.0,182
5339.0,111
5340.0,120
5341.0,150
5342.0,154
5343.0,174
5344.0,160
5345.0,154
5346.0,149
5347.0,117
5348.0,145
5349.0,202
5350.0,204
5351.0,218
5352.0,217
5353.0,200
5354.0,214
5355.0,218
5356.0,222
5357.0,216
5358.0,206
5359.0,210
5360.0,217
5361.0,203
5362.0,204
5363.0,186
5364.0,162
5365.0,143
5366.0,134
5367.0,126
5368.0,135
5369.0,138
5370.0,153
5371.0,153
5372.0,145
5373.0,150
5374.0,116
5375.0,146
5376.0,130
5377.0,157
5378.0,164
5379.0,161
5380.0,146
5381.0,179
5382.0,191
5383.0,183
5384.0,161
5385.0,149
5386.0,138
5387.0,146
5388.0,157
5389.0,153
5390.0,168
5391.0,194
5392.0,185
5393.0,169
5394.0,174
5395.0,189
5396.0,180
5397.0,180
5398.0,190
5399.0,184
5400.0,181
5401.0,198
5402.0,226
5403.0,226
5404.0,254
5405.0,259
5406.0,264
5407.0,265
5408.0,253
5409.0,245
5410.0,224
5411.0,228
5412.0,239
5413.0,227
5414.0,211
5415.0,191
5416.0,170
5417.0,166
5418.0,150
5419.0,160
5420.0,187
5421.0,196
5422.0,185
5423.0,199
5424.0,201
5425.0,202
5426.0,192
5427.0,203
5428.0,211
5429.0,223
5430.0,226
5431.0,218
5432.0,210
5433.0,202
5434.0,185
5435.0,192
5436.0,213
5437.0,212
5438.0,209
5439.0,203
5440.0,204
5441.0,219
5442.0,225
5443.0,225
5444.0,216
5445.0,205
5446.0,202
5447.0,206
5448.0,206
5449.0,211
5450.0,219
5451.0,217
5452.0,210
5453.0,205
5454.0,211
5455.0,209
5456.0,213
5457.0,220
5458.0,227
5459.0,232
5460.0,248
5461.0,267
5462.0,255
5463.0,243
5464.0,218
5465.0,233
5466.0,219
5467.0,207
5468.0,193
5469.0,184
5470.0,185
5471.0,178
5472.0,196
5473.0,200
5474.0,196
5475.0,212
5476.0,198
5477.0,196
5478.0,191
5479.0,188
5480.0,202
5481.0,205
5482.0,195
5483.0,197
5484.0,227
5485.0,208
5486.0,193
5487.0,187
5488.0,204
5489.0,191
5490.0,203
5491.0,213
5492.0,223
5493.0,210
5494.0,216
5495.0,214
5496.0,210
5497.0,216
5498.0,219
5499.0,228
5500.0,219
5501.0,226
5502.0,211
5503.0,213
5504.0,141
5505.0,271
5506.0,237
5507.0,232
5508.0,236
5509.0,241
5510.0,234
5511.0,232
5512.0,236
5513.0,238
5514.0,239
5515.0,142
5516.0,266
5517.0,262
5518.0,277
5519.0,277
5520.0,262
5521.0,258
5522.0,241
5523.0,225
5524.0,210
5525.0,229
5526.0,245
5527.0,230
5528.0,215
5529.0,230
5530.0,223
5531.0,266
5532.0,236
5533.0,240
5534.0,228
5535.0,211
5536.0,211
5537.0,244
5538.0,213
5539.0,218
5540.0,219
5541.0,230
5542.0,226
5543.0,213
5544.0,238
5545.0,227
5546.0,232
5547.0,235
5548.0,239
5549.0,246
5550.0,251
5551.0,247
5552.0,236
5553.0,245
5554.0,248
5555.0,249
5556.0,262
5557.0,275
5558.0,290
5559.0,282
5560.0,265
5561.0,267
5562.0,266
5563.0,271
5564.0,268
5565.0,240
5566.0,220
5567.0,181
5568.0,178
5569.0,209
5570.0,188
5571.0,203
5572.0,224
5573.0,200
5574.0,186
5575.0,196
5576.0,185
5577.0,183
5578.0,204
5579.0,196
5580.0,196
5581.0,209
5582.0,196
5583.0,140
5584.0,127
5585.0,227
5586.0,164
5587.0,108
5588.0,116
5589.0,133
5590.0,144
5591.0,132
5592.0,152
5593.0,214
5594.0,192
5595.0,219
5596.0,202
5597.0,191
5598.0,222
5599.0,230
5600.0,224
5601.0,233
5602.0,241
5603.0,262
5604.0,258
5605.0,242
5606.0,227
5607.0,248
5608.0,239
5609.0,213
5610.0,205
5611.0,195
5612.0,183
5613.0,213
5614.0,233
5615.0,233
5616.0,212
5617.0,155
5618.0,160
5619.0,193
5620.0,210
5621.0,236
5622.0,242
5623.0,231
5624.0,255
5625.0,242
5626.0,228
5627.0,234
5628.0,232
5629.0,275
5630.0,249
5631.0,231
5632.0,231
5633.0,257
5634.0,243
5635.0,239
5636.0,211
5637.0,221
5638.0,238
5639.0,238
5640.0,228
5641.0,220
5642.0,209
5643.0,197
5644.0,212
5645.0,222
5646.0,241
5647.0,263
5648.0,259
5649.0,257
5650.0,262
5651.0,256
5652.0,226
5653.0,187
5654.0,187
5655.0,201
5656.0,228
5657.0,227
5658.0,225
5659.0,219
5660.0,219
5661.0,220
5662.0,219
5663.0,166
5664.0,151
5665.0,151
5666.0,153
5667.0,177
5668.0,175
5669.0,168
5670.0,166
5671.0,184
5672.0,172
5673.0,147
5674.0,143
5675.0,160
5676.0,134
5677.0,130
5678.0,114
5679.0,132
5680.0,111
5681.0,131
5682.0,136
5683.0,143
5684.0,163
5685.0,189
5686.0,175
5687.0,216
5688.0,205
5689.0,180
5690.0,153
5691.0,141
5692.0,119
5693.0,131
5694.0,208
5695.0,226
5696.0,200
5697.0,215
5698.0,195
5699.0,162
5700.0,203
5701.0,170
5702.0,172
5703.0,182
5704.0,155
5705.0,158
5706.0,171
5707.0,198
5708.0,239
5709.0,191
5710.0,166
5711.0,160
5712.0,157
5713.0,162
5714.0,166
5715.0,196
5716.0,207
5717.0,184
5718.0,183
5719.0,157
5720.0,146
5721.0,155
5722.0,181
5723.0,171
5724.0,187
5725.0,198
5726.0,200
5727.0,174
5728.0,181
5729.0,195
5730.0,196
5731.0,185
5732.0,178
5733.0,178
5734.0,160
5735.0,159
5736.0,163
5737.0,165
5738.0,178
5739.0,190
5740.0,190
5741.0,148
5742.0,178
5743.0,169
5744.0,164
5745.0,161
5746.0,162
5747.0,151
5748.0,155
5749.0,169
5750.0,144
5751.0,150
5752.0,145
5753.0,147
5754.0,141
5755.0,124
5756.0,117
5757.0,155
5758.0,174
5759.0,155
5760.0,161
5761.0,156
5762.0,150
5763.0,162
5764.0,173
5765.0,155
5766.0,174
5767.0,191
5768.0,195
5769.0,185
5770.0,170
5771.0,181
5772.0,172
5773.0,161
5774.0,164
5775.0,171
5776.0,178
5777.0,173
5778.0,200
5779.0,189
5780.0,174
5781.0,178
5782.0,181
5783.0,184
5784.0,179
5785.0,220
5786.0,238
5787.0,222
5788.0,206
5789.0,229
5790.0,236
5791.0,235
5792.0,258
5793.0,280
5794.0,289
5795.0,235
5796.0,202
5797.0,200
5798.0,204
5799.0,195
5800.0,193
5801.0,190
5802.0,142
5803.0,192
5804.0,226
5805.0,205
5806.0,186
5807.0,171
5808.0,172
5809.0,223
5810.0,216
5811.0,193
5812.0,174
5813.0,203
5814.0,221
5815.0,213
5816.0,187
5817.0,170
5818.0,187
5819.0,203
5820.0,187
5821.0,149
5822.0,128
5823.0,160
5824.0,175
5825.0,183
5826.0,195
5827.0,232
5828.0,221
5829.0,238
5830.0,208
5831.0,178
5832.0,223
5833.0,211
5834.0,182
5835.0,195
5836.0,239
5837.0,228
5838.0,186
5839.0,193
5840.0,176
5841.0,206
5842.0,211
5843.0,82
5844.0,174
5845.0,226
5846.0,216
5847.0,195
5848.0,196
5849.0,191
5850.0,217
5851.0,251
5852.0,225
5853.0,188
5854.0,189
5855.0,216
5856.0,207
5857.0,245
5858.0,223
5859.0,192
5860.0,216
5861.0,149
5862.0,153
5863.0,198
5864.0,212
5865.0,248
5866.0,237
5867.0,255
5868.0,217
5869.0,236
5870.0,228
5871.0,201
5872.0,205
5873.0,193
5874.0,202
5875.0,175
5876.0,141
5877.0,137
5878.0,152
5879.0,159
5880.0,160
5881.0,178
5882.0,188
5883.0,166
5884.0,173
5885.0,204
5886.0,231
5887.0,202
5888.0,224
5889.0,188
5890.0,154
5891.0,157
5892.0,205
5893.0,178
5894.0,181
5895.0,246
5896.0,243
5897.0,209
5898.0,206
5899.0,212
5900.0,214
5901.0,219
5902.0,201
5903.0,202
5904.0,192
5905.0,204
5906.0,197
5907.0,201
5908.0,201
5909.0,205
5910.0,173
5911.0,180
5912.0,173
5913.0,149
5914.0,140
5915.0,135
5916.0,156
5917.0,167
5918.0,154
5919.0,200
5920.0,227
5921.0,191
5922.0,186
5923.0,195
5924.0,214
5925.0,262
5926.0,254
5927.0,239
5928.0,236
5929.0,226
5930.0,224
5931.0,225
5932.0,227
5933.0,239
5934.0,244
5935.0,249
5936.0,236
5937.0,211
5938.0,196
5939.0,207
5940.0,192
5941.0,168
5942.0,188
5943.0,170
5944.0,177
5945.0,186
5946.0,208
5947.0,184
5948.0,175
5949.0,210
5950.0,197
5951.0,195
5952.0,168
5953.0,193
5954.0,214
5955.0,206
5956.0,195
5957.0,197
5958.0,205
5959.0,179
5960.0,169
5961.0,175
5962.0,197
5963.0,191
5964.0,184
5965.0,204
5966.0,216
5967.0,225
5968.0,228
5969.0,233
5970.0,213
5971.0,227
5972.0,236
5973.0,238
5974.0,224
5975.0,213
5976.0,209
5977.0,185
5978.0,189
5979.0,189
5980.0,188
5981.0,183
5982.0,210
5983.0,206
5984.0,209
5985.0,258
5986.0,287
5987.0,280
5988.0,136
5989.0,174
5990.0,297
5991.0,263
5992.0,226
5993.0,236
5994.0,225
5995.0,212
5996.0,189
5997.0,213
5998.0,209
5999.0,220
6000.0,232
6001.0,235
6002.0,235
6003.0,217
6004.0,217
6005.0,212
6006.0,219
6007.0,224
6008.0,227
6009.0,300
6010.0,290
6011.0,299
6012.0,279
6013.0,282
6014.0,254
6015.0,246
6016.0,228
6017.0,236
6018.0,210
6019.0,242
6020.0,232
6021.0,255
6022.0,256
6023.0,218
6024.0,194
6025.0,200
6026.0,181
6027.0,202
6028.0,223
6029.0,178
6030.0,185
6031.0,200
6032.0,170
6033.0,161
6034.0,173
6035.0,182
6036.0,190
6037.0,190
6038.0,193
6039.0,185
6040.0,207
6041.0,230
6042.0,225
6043.0,210
6044.0,222
6045.0,228
6046.0,220
6047.0,220
6048.0,214
6049.0,247
6050.0,262
6051.0,282
6052.0,278
6053.0,261
6054.0,240
6055.0,268
6056.0,298
6057.0,291
6058.0,284
6059.0,269
6060.0,288
6061.0,279
6062.0,282
6063.0,284
6064.0,300
6065.0,287
6066.0,285
6067.0,283
6068.0,279
6069.0,277
6070.0,259
6071.0,254
6072.0,261
6073.0,261
6074.0,278
6075.0,278
6076.0,285
6077.0,280
6078.0,267
6079.0,243
6080.0,250
6081.0,219
6082.0,207
6083.0,218
6084.0,215
6085.0,211
6086.0,197
6087.0,182
6088.0,184
6089.0,187
6090.0,177
6091.0,174
6092.0,183
6093.0,206
6094.0,199
6095.0,166
6096.0,145
6097.0,127
6098.0,136
6099.0,161
6100.0,126
6101.0,100
6102.0,130
6103.0,146
6104.0,151
6105.0,151
6106.0,176
6107.0,155
6108.0,167
6109.0,173
6110.0,164
6111.0,139
6112.0,163
6113.0,162
6114.0,150
6115.0,155
6116.0,138
6117.0,114
6118.0,155
6119.0,215
6120.0,194
6121.0,234
6122.0,218
6123.0,217
6124.0,204
6125.0,238
6126.0,263
6127.0,274
6128.0,310
6129.0,333
6130.0,305
6131.0,305
6132.0,311
6133.0,312
6134.0,298
6135.0,290
6136.0,232
6137.0,202
6138.0,196
6139.0,195
6140.0,183
6141.0,185
6142.0,174
6143.0,176
6144.0,171
6145.0,159
6146.0,144
6147.0,134
6148.0,148
6149.0,167
6150.0,108
6151.0,130
6152.0,190
6153.0,207
6154.0,210
6155.0,207
6156.0,204
6157.0,161
6158.0,160
6159.0,163
6160.0,173
6161.0,188
6162.0,197
6163.0,188
6164.0,194
6165.0,192
6166.0,179
6167.0,189
6168.0,213
6169.0,201
6170.0,189
6171.0,231
6172.0,230
6173.0,205
6174.0,187
6175.0,191
6176.0,196
6177.0,166
6178.0,183
6179.0,198
6180.0,194
6181.0,163
6182.0,198
6183.0,190
6184.0,182
6185.0,190
6186.0,183
6187.0,189
6188.0,208
6189.0,236
6190.0,235
6191.0,238
6192.0,224
6193.0,233
6194.0,211
6195.0,200
6196.0,199
6197.0,205
6198.0,210
6199.0,227
6200.0,236
6201.0,221
6202.0,210
6203.0,221
6204.0,217
6205.0,239
6206.0,236
6207.0,236
6208.0,262
6209.0,248
6210.0,223
6211.0,209
6212.0,214
6213.0,221
6214.0,237
6215.0,232
6216.0,239
6217.0,234
6218.0,226
6219.0,228
6220.0,225
6221.0,224
6222.0,212
6223.0,225
6224.0,238
6225.0,239
6226.0,201
6227.0,215
6228.0,216
6229.0,217
6230.0,250
6231.0,269
6232.0,224
6233.0,194
6234.0,177
6235.0,174
6236.0,193
6237.0,216
6238.0,188
6239.0,200
6240.0,230
6241.0,225
6242.0,195
6243.0,186
6244.0,176
6245.0,197
6246.0,184
6247.0,210
6248.0,231
6249.0,226
6250.0,216
6251.0,212
6252.0,219
6253.0,194
6254.0,208
6255.0,203
6256.0,199
6257.0,195
6258.0,214
6259.0,203
6260.0,187
6261.0,209
6262.0,233
6263.0,234
6264.0,235
6265.0,215
6266.0,253
6267.0,249
6268.0,254
6269.0,248
6270.0,242
6271.0,234
6272.0,251
6273.0,236
6274.0,254
6275.0,246
6276.0,233
6277.0,232
6278.0,228
6279.0,223
6280.0,214
6281.0,239
6282.0,226
6283.0,192
6284.0,178
6285.0,120
6286.0,110
6287.0,156
6288.0,225
6289.0,215
6290.0,218
6291.0,220
6292.0,246
6293.0,262
6294.0,244
6295.0,232
6296.0,237
6297.0,229
6298.0,244
6299.0,251
6300.0,247
6301.0,260
6302.0,235
6303.0,237
6304.0,243
6305.0,243
6306.0,232
6307.0,184
6308.0,122
6309.0,228
6310.0,249
6311.0,201
6312.0,202
6313.0,228
6314.0,225
6315.0,265
6316.0,306
6317.0,303
6318.0,302
6319.0,282
6320.0,293
6321.0,244
6322.0,271
6323.0,279
6324.0,270
6325.0,270
6326.0,252
6327.0,238
6328.0,204
6329.0,130
6330.0,140
6331.0,233
6332.0,223
6333.0,213
6334.0,198
6335.0,236
6336.0,288
6337.0,300
6338.0,294
6339.0,247
6340.0,235
6341.0,253
6342.0,250
6343.0,249
6344.0,251
6345.0,218
6346.0,241
6347.0,266
6348.0,260
6349.0,245
6350.0,263
6351.0,242
6352.0,231
6353.0,219
6354.0,123
6355.0,280
6356.0,248
6357.0,244
6358.0,219
6359.0,233
6360.0,209
6361.0,232
6362.0,249
6363.0,261
6364.0,264
6365.0,265
6366.0,261
6367.0,247
6368.0,243
6369.0,231
6370.0,217
6371.0,259
6372.0,276
6373.0,258
6374.0,248
6375.0,242
6376.0,241
6377.0,238
6378.0,212
6379.0,217
6380.0,232
6381.0,245
6382.0,245
6383.0,239
6384.0,227
6385.0,206
6386.0,207
6387.0,222
6388.0,250
6389.0,235
6390.0,238
6391.0,221
6392.0,203
6393.0,204
6394.0,202
6395.0,227
6396.0,254
6397.0,237
6398.0,232
6399.0,227
6400.0,215
6401.0,222
6402.0,222
6403.0,260
6404.0,248
6405.0,252
6406.0,255
6407.0,232
6408.0,212
6409.0,197
6410.0,209
6411.0,222
6412.0,221
6413.0,225
6414.0,229
6415.0,219
6416.0,214
6417.0,206
6418.0,213
6419.0,215
6420.0,198
6421.0,206
6422.0,194
6423.0,207
6424.0,221
6425.0,209
6426.0,271
6427.0,238
6428.0,241
6429.0,226
6430.0,236
6431.0,223
6432.0,235
6433.0,244
6434.0,236
6435.0,246
6436.0,253
6437.0,242
6438.0,223
6439.0,239
6440.0,248
6441.0,238
6442.0,254
6443.0,222
6444.0,270
6445.0,261
6446.0,251
6447.0,228
6448.0,225
6449.0,232
6450.0,232
6451.0,252
6452.0,241
6453.0,250
6454.0,239
6455.0,224
6456.0,227
6457.0,225
6458.0,245
6459.0,254
6460.0,254
6461.0,251
6462.0,257
6463.0,260
6464.0,272
6465.0,284
6466.0,299
6467.0,289
6468.0,267
6469.0,263
6470.0,261
6471.0,265
6472.0,279
6473.0,278
6474.0,277
6475.0,285
6476.0,264
6477.0,285
6478.0,255
6479.0,252
6480.0,264
6481.0,261
6482.0,255
6483.0,231
6484.0,234
6485.0,235
6486.0,211
6487.0,208
6488.0,231
6489.0,249
6490.0,263
6491.0,248
6492.0,217
6493.0,241
6494.0,238
6495.0,245
6496.0,237
6497.0,221
6498.0,226
6499.0,229
6500.0,238
6501.0,217
6502.0,201
6503.0,237
6504.0,237
6505.0,236
6506.0,219
6507.0,218
6508.0,216
6509.0,223
6510.0,223
6511.0,222
6512.0,212
6513.0,205
6514.0,205
6515.0,196
6516.0,198
6517.0,203
6518.0,206
6519.0,198
6520.0,241
6521.0,238
6522.0,233
6523.0,203
6524.0,214
6525.0,216
6526.0,228
6527.0,209
6528.0,238
6529.0,232
6530.0,248
6531.0,242
6532.0,240
6533.0,213
6534.0,225
6535.0,232
6536.0,218
6537.0,212
6538.0,216
6539.0,219
6540.0,209
6541.0,196
6542.0,200
6543.0,217
6544.0,230
6545.0,212
6546.0,220
6547.0,234
6548.0,234
6549.0,242
6550.0,256
6551.0,262
6552.0,241
6553.0,236
6554.0,242
6555.0,237
6556.0,234
6557.0,231
6558.0,261
6559.0,252
6560.0,246
6561.0,237
6562.0,231
6563.0,240
6564.0,221
6565.0,213
6566.0,210
6567.0,233
6568.0,241
6569.0,239
6570.0,266
6571.0,265
6572.0,241
6573.0,227
6574.0,207
6575.0,182
6576.0,197
6577.0,198
6578.0,210
6579.0,211
6580.0,217
6581.0,207
6582.0,228
6583.0,217
6584.0,205
6585.0,198
6586.0,199
6587.0,181
6588.0,145
6589.0,188
6590.0,169
6591.0,181
6592.0,182
6593.0,172
6594.0,176
6595.0,170
6596.0,173
6597.0,153
6598.0,179
6599.0,179
6600.0,176
6601.0,194
6602.0,194
6603.0,231
6604.0,171
6605.0,98
6606.0,201
6607.0,286
6608.0,297
6609.0,301
6610.0,288
6611.0,299
6612.0,297
6613.0,297
6614.0,295
6615.0,229
6616.0,132
6617.0,199
6618.0,225
6619.0,205
6620.0,185
6621.0,195
6622.0,201
6623.0,194
6624.0,143
6625.0,153
6626.0,154
6627.0,154
6628.0,157
6629.0,156
6630.0,153
6631.0,170
6632.0,178
6633.0,173
6634.0,203
6635.0,174
6636.0,155
6637.0,162
6638.0,147
6639.0,132
6640.0,118
6641.0,118
6642.0,69
6643.0,0
6644.0,0
6645.0,0
6646.0,0
6647.0,0
6648.0,0
6649.0,0
6650.0,0
6651.0,0
6652.0,0
6653.0,0
6654.0,0
6655.0,177
6656.0,256
6657.0,265
6658.0,261
6659.0,266
6660.0,277
6661.0,280
6662.0,286
6663.0,94
6664.0,12
6665.0,86
6666.0,189
6667.0,160
6668.0,164
6669.0,160
6670.0,150
6671.0,158
6672.0,166
6673.0,189
6674.0,174
6675.0,160
6676.0,173
6677.0,200
6678.0,184
6679.0,191
6680.0,178
6681.0,192
6682.0,193
6683.0,197
6684.0,201
6685.0,193
6686.0,186
6687.0,173
6688.0,158
6689.0,158
6690.0,152
6691.0,161
6692.0,153
6693.0,152
6694.0,145
6695.0,143
6696.0,137
6697.0,127
6698.0,103
6699.0,116
6700.0,123
6701.0,158
6702.0,156
6703.0,161
6704.0,112
6705.0,99
6706.0,90
6707.0,83
6708.0,87
6709.0,68
6710.0,65
6711.0,61
6712.0,104
6713.0,91
6714.0,11
6715.0,0
6716.0,0
6717.0,0
6718.0,0
6719.0,0
6720.0,0
6721.0,0
6722.0,16
6723.0,58
6724.0,96
6725.0,89
6726.0,89
6727.0,88
6728.0,86
6729.0,86
6730.0,0
6731.0,0
6732.0,0
6733.0,0
6734.0,0
6735.0,0
6736.0,6
6737.0,1
6738.0,1
6739.0,1
6740.0,0
6741.0,0
6742.0,0
6743.0,0
6744.0,11
6745.0,0
6746.0,0
6747.0,0
6748.0,0
6749.0,0
6750.0,0
6751.0,32
6752.0,237
6753.0,186
6754.0,159
6755.0,158
6756.0,141
6757.0,120
6758.0,94
6759.0,0
6760.0,0
6761.0,0
6762.0,0
6763.0,0
6764.0,0
6765.0,0
6766.0,0
6767.0,0
6768.0,0
6769.0,0
6770.0,0
6771.0,0
6772.0,0
6773.0,0
6774.0,0
6775.0,0
6776.0,0
6777.0,0
6778.0,0
6779.0,0
6780.0,0
6781.0,0
6782.0,0
6783.0,0
6784.0,0
6785.0,0
6786.0,0
6787.0,0
6788.0,0
6789.0,0
6790.0,117
6791.0,126
6792.0,0
6793.0,0
6794.0,0
6795.0,0
6796.0,0
6797.0,0
6798.0,0
6799.0,0
6800.0,0
6801.0,0
6802.0,0
6803.0,0
6804.0,0
6805.0,0
6806.0,0
6807.0,0
6808.0,0
6809.0,0
6810.0,0
6811.0,0
6812.0,0
6813.0,0
6814.0,0
6815.0,0
6816.0,0
6817.0,0
6818.0,0
6819.0,0
6820.0,0
6821.0,0
6822.0,0
6823.0,0
6824.0,0
6825.0,0
6826.0,0
6827.0,0
6828.0,0
6829.0,0
6830.0,0
6831.0,0
6832.0,0
6833.0,0
6834.0,0
6835.0,0
6836.0,0
6837.0,0
6838.0,0
6839.0,0
6840.0,0
6841.0,0
6842.0,0
6843.0,0
6844.0,0
6845.0,0
6846.0,0
6847.0,0
6848.0,0
6849.0,0
6850.0,0
6851.0,0
6852.0,0
6853.0,0
6854.0,11
6855.0,0
6856.0,0
6857.0,0
6858.0,0
6859.0,0
6860.0,0
6861.0,0
6862.0,0
6863.0,0
6864.0,215
6865.0,317
6866.0,281
6867.0,248
6868.0,219
6869.0,223
6870.0,254
6871.0,226
6872.0,204
6873.0,174
6874.0,126
6875.0,116
6876.0,107
6877.0,118
6878.0,106
6879.0,86
6880.0,75
6881.0,42
6882.0,0
6883.0,0
6884.0,0
6885.0,0
6886.0,0
6887.0,0
6888.0,0
6889.0,0
6890.0,0
6891.0,0
6892.0,0
6893.0,0
6894.0,0
6895.0,0
6896.0,0
6897.0,0
6898.0,0
6899.0,0
6900.0,0
6901.0,97
6902.0,89
6903.0,85
6904.0,117
6905.0,202
6906.0,319
6907.0,283
6908.0,359
6909.0,309
6910.0,285
6911.0,242
6912.0,171
6913.0,203
6914.0,75
6915.0,8
6916.0,8
6917.0,10
6918.0,15
6919.0,15
6920.0,155
6921.0,320
6922.0,247
6923.0,225
6924.0,194
6925.0,187
6926.0,175
6927.0,196
6928.0,182
6929.0,198
6930.0,232
6931.0,212
6932.0,185
6933.0,205
6934.0,204
6935.0,205
6936.0,229
6937.0,195
6938.0,253
6939.0,284
6940.0,298
6941.0,272
6942.0,178
6943.0,176
6944.0,225
6945.0,239
6946.0,235
6947.0,220
6948.0,231
6949.0,216
6950.0,198
6951.0,214
6952.0,231
6953.0,229
6954.0,220
6955.0,203
6956.0,212
6957.0,245
6958.0,221
6959.0,204
6960.0,233
6961.0,225
6962.0,213
6963.0,196
6964.0,216
6965.0,212
6966.0,207
6967.0,224
6968.0,208
6969.0,202
6970.0,219
6971.0,222
6972.0,217
6973.0,218
6974.0,214
6975.0,242
6976.0,239
6977.0,215
6978.0,192
6979.0,183
6980.0,204
6981.0,207
6982.0,209
6983.0,198
6984.0,182
6985.0,184
6986.0,192
6987.0,205
6988.0,193
6989.0,182
6990.0,181
6991.0,223
6992.0,217
6993.0,203
6994.0,200
6995.0,222
6996.0,230
6997.0,231
6998.0,233
6999.0,216
7000.0,205
7001.0,220
7002.0,222
7003.0,231
7004.0,232
7005.0,219
7006.0,204
7007.0,232
7008.0,241
7009.0,244
7010.0,227
7011.0,221
7012.0,205
7013.0,225
7014.0,218
7015.0,226
7016.0,212
7017.0,193
7018.0,213
7019.0,209
7020.0,215
7021.0,210
7022.0,206
7023.0,196
7024.0,216
7025.0,212
7026.0,196
7027.0,211
7028.0,203
7029.0,216
7030.0,214
7031.0,205
7032.0,207
7033.0,208
7034.0,219
7035.0,225
7036.0,206
7037.0,188
7038.0,217
7039.0,223
7040.0,200
7041.0,176
7042.0,215
7043.0,242
7044.0,195
7045.0,199
7046.0,250
7047.0,246
7048.0,214
7049.0,224
7050.0,237
7051.0,228
7052.0,232
7053.0,207
7054.0,208
7055.0,199
7056.0,221
7057.0,246
7058.0,249
7059.0,273
7060.0,252
7061.0,253
7062.0,262
7063.0,274
7064.0,252
7065.0,234
7066.0,235
7067.0,227
7068.0,221
7069.0,230
7070.0,216
7071.0,200
7072.0,202
7073.0,214
7074.0,227
7075.0,235
7076.0,199
7077.0,206
7078.0,210
7079.0,228
7080.0,217
7081.0,216
7082.0,224
7083.0,216
7084.0,214
7085.0,196
7086.0,215
7087.0,217
7088.0,221
7089.0,224
7090.0,191
7091.0,191
7092.0,181
7093.0,190
7094.0,194
7095.0,209
7096.0,207
7097.0,210
7098.0,209
7099.0,201
7100.0,212
7101.0,205
7102.0,196
7103.0,207
7104.0,204
7105.0,202
7106.0,183
7107.0,177
7108.0,203
7109.0,190
7110.0,209
7111.0,230
7112.0,208
7113.0,210
7114.0,167
7115.0,191
7116.0,165
7117.0,145
7118.0,159
7119.0,175
7120.0,200
7121.0,194
7122.0,211
7123.0,193
7124.0,160
7125.0,192
7126.0,226
7127.0,289
7128.0,241
7129.0,216
7130.0,230
7131.0,238
7132.0,213
7133.0,149
7134.0,112
7135.0,167
7136.0,156
7137.0,158
7138.0,151
7139.0,177
7140.0,186
7141.0,217
7142.0,239
7143.0,235
7144.0,235
7145.0,211
7146.0,219
7147.0,237
7148.0,228
7149.0,227
7150.0,225
7151.0,259
7152.0,246
7153.0,247
7154.0,224
7155.0,215
7156.0,201
7157.0,176
7158.0,175
7159.0,175
7160.0,173
7161.0,173
7162.0,205
7163.0,184
7164.0,195
7165.0,209
7166.0,228
7167.0,213
7168.0,197
7169.0,195
7170.0,209
7171.0,213
7172.0,209
7173.0,204
7174.0,219
7175.0,210
7176.0,193
7177.0,186
7178.0,194
7179.0,191
7180.0,190
7181.0,200
7182.0,199
7183.0,163
7184.0,191
7185.0,166
7186.0,157
7187.0,144
7188.0,111
7189.0,171
7190.0,164
7191.0,195
7192.0,254
7193.0,221
7194.0,279
7195.0,276
7196.0,267
7197.0,267
7198.0,282
7199.0,264
7200.0,273
7201.0,285
7202.0,271
7203.0,202
7204.0,191
7205.0,294
7206.0,269
7207.0,264
7208.0,263
7209.0,258
7210.0,255
7211.0,247
7212.0,270
7213.0,232
7214.0,247
7215.0,235
7216.0,249
7217.0,236
7218.0,237
7219.0,271
7220.0,256
7221.0,246
7222.0,249
7223.0,262
7224.0,237
7225.0,249
7226.0,228
7227.0,228
7228.0,226
7229.0,236
7230.0,248
7231.0,250
7232.0,237
7233.0,224
7234.0,231
7235.0,246
7236.0,249
7237.0,236
7238.0,239
7239.0,233
7240.0,265
7241.0,237
7242.0,254
7243.0,258
7244.0,235
7245.0,250
7246.0,239
7247.0,239
7248.0,248
7249.0,275
7250.0,290
7251.0,309
7252.0,286
7253.0,260
7254.0,225
7255.0,187
7256.0,199
7257.0,187
7258.0,213
7259.0,221
7260.0,267
7261.0,132
7262.0,237
7263.0,219
7264.0,162
7265.0,161
7266.0,216
7267.0,215
7268.0,238
7269.0,253
7270.0,278
7271.0,298
7272.0,297
7273.0,291
7274.0,297
7275.0,308
7276.0,291
7277.0,325
7278.0,349
7279.0,338
7280.0,330
7281.0,303
7282.0,273
7283.0,224
7284.0,225
7285.0,211
7286.0,208
7287.0,210
7288.0,182
7289.0,169
7290.0,171
7291.0,140
7292.0,185
7293.0,169
7294.0,144
7295.0,70
7296.0,128
7297.0,106
7298.0,104
7299.0,109
7300.0,51
7301.0,0
7302.0,0
7303.0,0
7304.0,0
7305.0,0
7306.0,0
7307.0,0
7308.0,0
7309.0,0
7310.0,0
7311.0,139
7312.0,113
7313.0,108
7314.0,96
7315.0,90
7316.0,86
7317.0,89
7318.0,92
7319.0,84
7320.0,82
7321.0,95
7322.0,106
7323.0,119
7324.0,123
7325.0,110
7326.0,126
7327.0,131
7328.0,168
7329.0,216
7330.0,168
7331.0,146
7332.0,139
7333.0,133
7334.0,147
7335.0,147
7336.0,176
7337.0,205
7338.0,182
7339.0,175
7340.0,163
7341.0,178
7342.0,198
7343.0,199
7344.0,181
7345.0,190
7346.0,208
7347.0,188
7348.0,199
7349.0,190
7350.0,192
7351.0,196
7352.0,209
7353.0,216
7354.0,223
7355.0,237
7356.0,241
7357.0,250
7358.0,231
7359.0,198
7360.0,193
7361.0,191
7362.0,169
7363.0,140
7364.0,123
7365.0,123
7366.0,140
7367.0,171
7368.0,144
7369.0,145
7370.0,149
7371.0,152
7372.0,157
7373.0,151
7374.0,173
7375.0,173
7376.0,152
7377.0,163
7378.0,164
7379.0,151
7380.0,135
7381.0,142
7382.0,161
7383.0,143
7384.0,136
7385.0,168
7386.0,130
7387.0,2
7388.0,1
7389.0,1
7390.0,180
7391.0,200
7392.0,215
7393.0,229
7394.0,278
7395.0,247
7396.0,254
7397.0,227
7398.0,206
7399.0,228
7400.0,212
7401.0,162
7402.0,106
7403.0,128
7404.0,145
7405.0,168
7406.0,191
7407.0,177
7408.0,174
7409.0,169
7410.0,183
7411.0,185
7412.0,187
7413.0,191
7414.0,196
7415.0,201
7416.0,200
7417.0,133
7418.0,129
7419.0,206
7420.0,259
7421.0,241
7422.0,216
7423.0,178
7424.0,175
7425.0,150
7426.0,181
7427.0,268
7428.0,276
7429.0,268
7430.0,268
7431.0,274
7432.0,273
7433.0,285
7434.0,274
7435.0,270
7436.0,268
7437.0,276
7438.0,279
7439.0,234
7440.0,234
7441.0,249
7442.0,277
7443.0,237
7444.0,282
7445.0,253
7446.0,275
7447.0,275
7448.0,256
7449.0,260
7450.0,265
7451.0,285
7452.0,284
7453.0,254
7454.0,235
7455.0,276
7456.0,276
7457.0,250
7458.0,259
7459.0,273
7460.0,244
7461.0,232
7462.0,231
7463.0,242
7464.0,226
7465.0,221
7466.0,206
7467.0,202
7468.0,186
7469.0,148
7470.0,120
7471.0,161
7472.0,174
7473.0,180
7474.0,182
7475.0,209
7476.0,237
7477.0,265
7478.0,288
7479.0,287
7480.0,302
7481.0,286
7482.0,282
7483.0,280
7484.0,270
7485.0,284
7486.0,276
7487.0,287
7488.0,296
7489.0,276
7490.0,277
7491.0,289
7492.0,293
7493.0,286
7494.0,267
7495.0,263
7496.0,258
7497.0,253
7498.0,263
7499.0,253
7500.0,215
7501.0,216
7502.0,223
7503.0,237
7504.0,237
7505.0,214
7506.0,225
7507.0,215
7508.0,221
7509.0,192
7510.0,213
7511.0,234
7512.0,205
7513.0,175
7514.0,208
7515.0,228
7516.0,169
7517.0,190
7518.0,197
7519.0,199
7520.0,208
7521.0,209
7522.0,210
7523.0,216
7524.0,228
7525.0,184
7526.0,201
7527.0,241
7528.0,255
7529.0,236
7530.0,219
7531.0,226
7532.0,231
7533.0,229
7534.0,223
7535.0,249
7536.0,247
7537.0,257
7538.0,238
7539.0,247
7540.0,247
7541.0,251
7542.0,263
7543.0,266
7544.0,262
7545.0,254
7546.0,248
7547.0,244
7548.0,253
7549.0,267
7550.0,298
7551.0,258
7552.0,249
7553.0,248
7554.0,274
7555.0,282
7556.0,273
7557.0,252
7558.0,257
7559.0,254
7560.0,268
7561.0,276
7562.0,271
7563.0,261
7564.0,255
7565.0,248
7566.0,239
7567.0,227
7568.0,248
7569.0,267
7570.0,264
7571.0,268
7572.0,273
7573.0,250
7574.0,253
7575.0,257
7576.0,243
7577.0,270
7578.0,266
7579.0,254
7580.0,249
7581.0,253
7582.0,241
7583.0,283
7584.0,268
7585.0,241
7586.0,252
7587.0,252
7588.0,252
7589.0,248
7590.0,236
7591.0,247
7592.0,270
7593.0,273
7594.0,265
7595.0,285
7596.0,318
7597.0,297
7598.0,259
7599.0,261
7600.0,285
7601.0,271
7602.0,269
7603.0,257
7604.0,318
7605.0,282
7606.0,258
7607.0,232
7608.0,255
7609.0,265
7610.0,254
7611.0,253
7612.0,224
7613.0,263
7614.0,253
7615.0,253
7616.0,270
7617.0,227
7618.0,252
7619.0,236
7620.0,231
7621.0,280
7622.0,278
7623.0,254
7624.0,249
7625.0,249
7626.0,252
7627.0,246
7628.0,233
7629.0,260
7630.0,254
7631.0,226
7632.0,233
7633.0,243
7634.0,228
7635.0,193
7636.0,196
7637.0,189
7638.0,208
7639.0,255
7640.0,242
7641.0,234
7642.0,202
7643.0,182
7644.0,170
7645.0,180
7646.0,185
7647.0,178
7648.0,109
7649.0,204
7650.0,146
7651.0,143
7652.0,130
7653.0,153
7654.0,137
7655.0,104
7656.0,98
7657.0,103
7658.0,102
7659.0,49
7660.0,24
7661.0,25
7662.0,138
7663.0,118
7664.0,127
7665.0,107
7666.0,131
7667.0,192
7668.0,108
7669.0,5
7670.0,0
7671.0,0
7672.0,0
7673.0,0
7674.0,0
7675.0,0
7676.0,0
7677.0,0
7678.0,0
7679.0,0
7680.0,0
7681.0,0
7682.0,0
7683.0,0
7684.0,0
7685.0,1
7686.0,87
7687.0,152
7688.0,129
7689.0,99
7690.0,0
7691.0,0
7692.0,0
7693.0,0
7694.0,0
7695.0,0
7696.0,0
7697.0,0
7698.0,0
7699.0,0
7700.0,0
7701.0,0
7702.0,0
7703.0,0
7704.0,0
7705.0,0
7706.0,19
7707.0,0
7708.0,0
7709.0,0
7710.0,0
7711.0,0
7712.0,0
7713.0,0
7714.0,0
7715.0,0
7716.0,0
7717.0,0
7718.0,0
7719.0,0
7720.0,0
7721.0,0
7722.0,0
7723.0,0
7724.0,0
7725.0,0
7726.0,0
7727.0,0
7728.0,0
7729.0,0
7730.0,0
7731.0,0
7732.0,0
7733.0,0
7734.0,0
7735.0,0
7736.0,0
7737.0,0
7738.0,0
7739.0,0
7740.0,0
7741.0,140
7742.0,272
7743.0,328
7744.0,279
7745.0,234
7746.0,223
7747.0,192
7748.0,175
7749.0,167
7750.0,148
7751.0,165
7752.0,165
7753.0,150
7754.0,136
7755.0,162
7756.0,150
7757.0,130
7758.0,128
7759.0,119
7760.0,111
7761.0,113
7762.0,106
7763.0,81
7764.0,82
7765.0,57
7766.0,68
7767.0,71
7768.0,81
7769.0,102
7770.0,95
7771.0,118
7772.0,122
7773.0,106
7774.0,129
7775.0,112
7776.0,111
7777.0,139
7778.0,145
7779.0,124
7780.0,117
7781.0,119
7782.0,133
7783.0,86
7784.0,40
7785.0,3
7786.0,0
7787.0,0
7788.0,0
7789.0,60
7790.0,123
7791.0,129
7792.0,121
7793.0,137
7794.0,120
7795.0,78
7796.0,47
7797.0,27
7798.0,16
7799.0,23
7800.0,19
7801.0,19
7802.0,89
7803.0,103
7804.0,81
7805.0,69
7806.0,57
7807.0,78
7808.0,38
7809.0,48
7810.0,60
7811.0,34
7812.0,75
7813.0,111
7814.0,104
7815.0,96
7816.0,73
7817.0,92
7818.0,134
7819.0,140
7820.0,102
7821.0,84
7822.0,105
7823.0,102
7824.0,80
7825.0,186
7826.0,130
7827.0,134
7828.0,93
7829.0,124
7830.0,137
7831.0,99
7832.0,119
7833.0,121
7834.0,122
7835.0,138
7836.0,157
7837.0,170
7838.0,195
7839.0,195
7840.0,179
7841.0,170
7842.0,151
7843.0,121
7844.0,143
7845.0,172
7846.0,135
7847.0,148
7848.0,173
7849.0,192
7850.0,165
7851.0,153
7852.0,136
7853.0,125
7854.0,108
7855.0,90
7856.0,68
7857.0,65
7858.0,0
7859.0,0
7860.0,0
7861.0,0
7862.0,0
7863.0,0
7864.0,222
7865.0,103
7866.0,6
7867.0,6
7868.0,8
7869.0,183
7870.0,172
7871.0,177
7872.0,211
7873.0,213
7874.0,207
7875.0,180
7876.0,181
7877.0,170
7878.0,132
7879.0,103
7880.0,106
7881.0,28
7882.0,7
7883.0,7
7884.0,8
7885.0,54
7886.0,55
7887.0,199
7888.0,182
7889.0,217
7890.0,144
7891.0,119
7892.0,40
7893.0,0
7894.0,0
7895.0,0
7896.0,0
7897.0,0
7898.0,0
7899.0,69
7900.0,180
7901.0,169
7902.0,171
7903.0,152
7904.0,170
7905.0,254
7906.0,193
7907.0,180
7908.0,171
7909.0,164
7910.0,209
7911.0,243
7912.0,228
7913.0,227
7914.0,234
7915.0,256
7916.0,226
7917.0,187
7918.0,213
7919.0,229
7920.0,225
7921.0,217
7922.0,192
7923.0,143
7924.0,126
7925.0,117
7926.0,142
7927.0,163
7928.0,153
7929.0,170
7930.0,190
7931.0,193
7932.0,184
7933.0,189
7934.0,174
7935.0,182
7936.0,197
7937.0,215
7938.0,217
7939.0,215
7940.0,193
7941.0,169
7942.0,170
7943.0,160
7944.0,155
7945.0,135
7946.0,146
7947.0,140
7948.0,191
7949.0,173
7950.0,140
7951.0,160
7952.0,151
7953.0,108
7954.0,103
7955.0,117
7956.0,95
7957.0,107
7958.0,107
7959.0,101
7960.0,106
7961.0,83
7962.0,73
7963.0,79
7964.0,81
7965.0,76
7966.0,52
7967.0,101
7968.0,108
7969.0,12
7970.0,12
7971.0,13
7972.0,166
7973.0,138
7974.0,138
7975.0,186
7976.0,155
7977.0,154
7978.0,165
7979.0,156
7980.0,144
7981.0,136
7982.0,136
7983.0,131
7984.0,131
7985.0,121
7986.0,121
7987.0,130
7988.0,121
7989.0,95
7990.0,104
7991.0,87
7992.0,101
7993.0,158
7994.0,177
7995.0,158
7996.0,172
7997.0,177
7998.0,190
7999.0,153
8000.0,163
8001.0,175
8002.0,179
8003.0,157
8004.0,163
8005.0,163
8006.0,163
8007.0,153
8008.0,135
8009.0,147
8010.0,184
8011.0,204
8012.0,251
8013.0,248
8014.0,234
8015.0,231
8016.0,202
8017.0,196
8018.0,174
8019.0,184
8020.0,182
8021.0,177
8022.0,178
8023.0,163
8024.0,126
8025.0,110
8026.0,136
8027.0,126
8028.0,102
8029.0,99
8030.0,107
8031.0,97
8032.0,112
8033.0,110
8034.0,87
8035.0,69
8036.0,68
8037.0,74
8038.0,78
8039.0,69
8040.0,43
8041.0,33
8042.0,74
8043.0,83
8044.0,66
8045.0,59
8046.0,57
8047.0,61
8048.0,78
8049.0,111
8050.0,128
8051.0,157
8052.0,158
8053.0,139
8054.0,131
8055.0,112
8056.0,152
8057.0,164
8058.0,154
8059.0,156
8060.0,167
8061.0,124
8062.0,163
8063.0,219
8064.0,220
8065.0,198
8066.0,181
8067.0,207
8068.0,212
8069.0,216
8070.0,180
8071.0,177
8072.0,225
8073.0,308
8074.0,319
8075.0,312
8076.0,32
8077.0,25
8078.0,112
8079.0,124
8080.0,297
8081.0,224
8082.0,205
8083.0,208
8084.0,166
8085.0,147
8086.0,155
8087.0,147
8088.0,140
8089.0,126
8090.0,116
8091.0,101
8092.0,104
8093.0,95
8094.0,109
8095.0,115
8096.0,127
8097.0,133
8098.0,122
8099.0,96
8100.0,110
8101.0,150
8102.0,159
8103.0,138
8104.0,141
8105.0,115
8106.0,102
8107.0,119
8108.0,95
8109.0,88
8110.0,96
8111.0,120
8112.0,122
8113.0,148
8114.0,145
8115.0,164
8116.0,172
8117.0,99
8118.0,42
8119.0,33
8120.0,33
8121.0,202
8122.0,145
8123.0,92
8124.0,30
8125.0,0
8126.0,0
8127.0,0
8128.0,76
8129.0,272
8130.0,272
8131.0,274
8132.0,271
8133.0,185
8134.0,152
8135.0,183
8136.0,218
8137.0,211
8138.0,187
8139.0,166
8140.0,158
8141.0,150
8142.0,130
8143.0,123
8144.0,134
8145.0,146
8146.0,124
8147.0,102
8148.0,103
8149.0,90
8150.0,83
8151.0,90
8152.0,113
8153.0,97
8154.0,106
8155.0,143
8156.0,129
8157.0,129
8158.0,119
8159.0,92
8160.0,100
8161.0,133
8162.0,119
8163.0,136
8164.0,134
8165.0,130
8166.0,135
8167.0,134
8168.0,128
8169.0,89
8170.0,25
8171.0,0
8172.0,0
8173.0,0
8174.0,71
8175.0,238
8176.0,165
8177.0,113
8178.0,141
8179.0,164
8180.0,190
8181.0,163
8182.0,165
8183.0,188
8184.0,200
8185.0,177
8186.0,144
8187.0,160
8188.0,152
8189.0,138
8190.0,121
8191.0,137
8192.0,136
8193.0,129
8194.0,166
8195.0,202
8196.0,188
8197.0,177
8198.0,154
8199.0,141
8200.0,128
8201.0,118
8202.0,93
8203.0,64
8204.0,53
8205.0,43
8206.0,8
8207.0,46
8208.0,178
8209.0,266
8210.0,213
8211.0,198
8212.0,148
8213.0,25
8214.0,0
8215.0,0
8216.0,0
8217.0,0
8218.0,18
8219.0,101
8220.0,15
8221.0,0
8222.0,0
8223.0,0
8224.0,0
8225.0,0
8226.0,0
8227.0,0
8228.0,289
8229.0,232
8230.0,285
8231.0,262
8232.0,204
8233.0,190
8234.0,143
8235.0,87
8236.0,105
8237.0,129
8238.0,127
8239.0,158
8240.0,179
8241.0,266
8242.0,244
8243.0,211
8244.0,242
8245.0,288
8246.0,258
8247.0,373
8248.0,376
8249.0,350
8250.0,308
8251.0,271
8252.0,155
8253.0,106
8254.0,227
8255.0,263
8256.0,251
8257.0,225
8258.0,218
8259.0,198
8260.0,191
8261.0,178
8262.0,144
8263.0,103
8264.0,50
8265.0,0
8266.0,0
8267.0,0
8268.0,0
8269.0,0
8270.0,70
8271.0,224
8272.0,175
8273.0,185
8274.0,202
8275.0,267
8276.0,239
8277.0,234
8278.0,226
8279.0,239
8280.0,238
8281.0,197
8282.0,198
8283.0,255
8284.0,297
8285.0,304
8286.0,280
8287.0,267
8288.0,272
8289.0,259
8290.0,248
8291.0,227
8292.0,209
8293.0,196
8294.0,169
8295.0,193
8296.0,209
8297.0,225
8298.0,192
8299.0,148
8300.0,221
8301.0,172
8302.0,133
8303.0,139
8304.0,176
8305.0,152
8306.0,150
8307.0,164
8308.0,160
8309.0,143
8310.0,145
8311.0,131
8312.0,132
8313.0,118
8314.0,103
8315.0,82
8316.0,109
8317.0,116
8318.0,76
8319.0,57
8320.0,168
8321.0,193
8322.0,202
8323.0,163
8324.0,148
8325.0,139
8326.0,146
8327.0,148
8328.0,147
8329.0,150
8330.0,157
8331.0,176
8332.0,149
8333.0,88
8334.0,114
8335.0,125
8336.0,184
8337.0,201
8338.0,184
8339.0,148
8340.0,136
8341.0,154
8342.0,168
8343.0,220
8344.0,198
8345.0,199
8346.0,184
8347.0,173
8348.0,180
8349.0,190
8350.0,199
8351.0,197
8352.0,181
8353.0,169
8354.0,181
8355.0,190
8356.0,190
8357.0,212
8358.0,220
8359.0,204
8360.0,211
8361.0,193
8362.0,212
8363.0,254
8364.0,259
8365.0,218
8366.0,187
8367.0,168
8368.0,197
8369.0,217
8370.0,189
8371.0,204
8372.0,233
8373.0,188
8374.0,163
8375.0,217
8376.0,231
8377.0,220
8378.0,204
8379.0,199
8380.0,197
8381.0,193
8382.0,188
8383.0,195
8384.0,185
8385.0,161
8386.0,139
8387.0,149
8388.0,154
8389.0,136
8390.0,113
8391.0,113
8392.0,124
8393.0,143
8394.0,171
8395.0,166
8396.0,178
8397.0,182
8398.0,184
8399.0,201
8400.0,189
8401.0,180
8402.0,182
8403.0,174
8404.0,141
8405.0,102
8406.0,0
8407.0,0
8408.0,0
8409.0,0
8410.0,0
8411.0,0
8412.0,13
8413.0,23
8414.0,201
8415.0,230
8416.0,218
8417.0,253
8418.0,289
8419.0,290
8420.0,279
8421.0,326
8422.0,336
8423.0,296
8424.0,272
8425.0,273
8426.0,280
8427.0,270
8428.0,289
8429.0,278
8430.0,270
8431.0,253
8432.0,240
8433.0,225
8434.0,216
8435.0,228
8436.0,207
8437.0,200
8438.0,205
8439.0,170
8440.0,159
8441.0,189
8442.0,229
8443.0,207
8444.0,197
8445.0,224
8446.0,223
8447.0,199
8448.0,206
8449.0,187
8450.0,194
8451.0,216
8452.0,188
8453.0,185
8454.0,172
8455.0,168
8456.0,163
8457.0,173
8458.0,158
8459.0,158
8460.0,197
8461.0,169
8462.0,169
8463.0,209
8464.0,221
8465.0,198
8466.0,220
8467.0,258
8468.0,289
8469.0,256
8470.0,259
8471.0,264
8472.0,260
8473.0,284
8474.0,298
8475.0,319
8476.0,348
8477.0,356
8478.0,315
8479.0,306
8480.0,313
8481.0,283
8482.0,275
8483.0,236
8484.0,333
8485.0,330
8486.0,304
8487.0,292
8488.0,294
8489.0,278
8490.0,263
8491.0,307
8492.0,324
8493.0,320
8494.0,293
8495.0,281
8496.0,286
8497.0,298
8498.0,297
8499.0,297
8500.0,300
8501.0,286
8502.0,269
8503.0,270
8504.0,281
8505.0,263
8506.0,277
8507.0,254
8508.0,242
8509.0,271
8510.0,281
8511.0,272
8512.0,251
8513.0,272
8514.0,263
8515.0,238
8516.0,269
8517.0,240
8518.0,251
8519.0,197
8520.0,254
8521.0,250
8522.0,240
8523.0,248
8524.0,256
8525.0,258
8526.0,257
8527.0,263
8528.0,278
8529.0,262
8530.0,252
8531.0,269
8532.0,270
8533.0,264
8534.0,261
8535.0,258
8536.0,249
8537.0,276
8538.0,271
8539.0,256
8540.0,245
8541.0,258
8542.0,253
8543.0,270
8544.0,268
8545.0,276
8546.0,251
8547.0,256
8548.0,263
8549.0,268
8550.0,278
8551.0,273
8552.0,274
8553.0,266
8554.0,277
8555.0,281
8556.0,263
8557.0,252
8558.0,277
8559.0,276
8560.0,257
8561.0,255
8562.0,251
8563.0,248
8564.0,223
8565.0,224
8566.0,205
8567.0,239
8568.0,243
8569.0,249
8570.0,232
8571.0,219
8572.0,235
8573.0,258
8574.0,258
8575.0,246
8576.0,246
8577.0,252
8578.0,263
8579.0,267
8580.0,248
8581.0,224
8582.0,247
8583.0,253
8584.0,275
8585.0,289
8586.0,276
8587.0,233
8588.0,272
8589.0,257
8590.0,253
8591.0,271
8592.0,257
8593.0,257
8594.0,264
8595.0,251
8596.0,245
8597.0,245
8598.0,257
8599.0,253
8600.0,252
8601.0,267
8602.0,264
8603.0,261
8604.0,234
8605.0,268
8606.0,301
8607.0,251
8608.0,245
8609.0,253
8610.0,270
8611.0,255
8612.0,263
8613.0,258
8614.0,257
8615.0,248
8616.0,232
8617.0,241
8618.0,238
8619.0,260
8620.0,251
8621.0,247
8622.0,260
8623.0,254
8624.0,255
8625.0,263
8626.0,257
8627.0,257
8628.0,261
8629.0,263
8630.0,279
8631.0,271
8632.0,257
8633.0,268
8634.0,275
8635.0,269
8636.0,260
8637.0,272
8638.0,272
8639.0,261
8640.0,264
8641.0,280
8642.0,280
8643.0,255
8644.0,259
8645.0,249
8646.0,232
8647.0,248
8648.0,257
8649.0,244
8650.0,255
8651.0,255
8652.0,253
8653.0,236
8654.0,241
8655.0,277
8656.0,261
8657.0,254
8658.0,265
8659.0,249
8660.0,222
8661.0,222
8662.0,172
8663.0,276
8664.0,298
8665.0,268
8666.0,252
8667.0,272
8668.0,263
8669.0,277
8670.0,289
8671.0,296
8672.0,290
8673.0,277
8674.0,293
8675.0,304
8676.0,287
8677.0,264
8678.0,278
8679.0,278
8680.0,279
8681.0,286
8682.0,301
8683.0,282
8684.0,280
8685.0,342
8686.0,322
8687.0,313
8688.0,287
8689.0,299
8690.0,272
8691.0,296
8692.0,280
8693.0,298
8694.0,292
8695.0,297
8696.0,278
8697.0,268
8698.0,287
8699.0,301
8700.0,286
8701.0,276
8702.0,280
8703.0,280
8704.0,275
8705.0,283
8706.0,278
8707.0,298
8708.0,281
8709.0,274
8710.0,287
8711.0,287
8712.0,269
8713.0,273
8714.0,310
8715.0,308
8716.0,301
8717.0,300
8718.0,309
8719.0,273
8720.0,279
8721.0,290
8722.0,290
8723.0,276
8724.0,262
8725.0,284
8726.0,282
8727.0,286
8728.0,274
8729.0,262
8730.0,270
8731.0,293
8732.0,294
8733.0,303
8734.0,292
8735.0,254
8736.0,269
8737.0,259
8738.0,268
8739.0,265
8740.0,247
8741.0,229
8742.0,252
8743.0,274
8744.0,251
8745.0,271
8746.0,253
8747.0,244
8748.0,260
8749.0,260
8750.0,237
8751.0,244
8752.0,256
8753.0,251
8754.0,253
8755.0,235
8756.0,245
8757.0,260
8758.0,255
8759.0,234
8760.0,295
8761.0,416
8762.0,368
8763.0,325
8764.0,306
8765.0,279
8766.0,266
8767.0,266
8768.0,301
8769.0,289
8770.0,278
8771.0,275
8772.0,262
8773.0,249
8774.0,277
8775.0,273
8776.0,290
8777.0,236
8778.0,240
8779.0,230
8780.0,305
8781.0,191
8782.0,62
8783.0,230
8784.0,351
8785.0,268
8786.0,236
8787.0,201
8788.0,197
8789.0,190
8790.0,191
8791.0,224
8792.0,220
8793.0,278
8794.0,268
8795.0,190
8796.0,182
8797.0,173
8798.0,179
8799.0,188
8800.0,108
8801.0,215
8802.0,192
8803.0,223
8804.0,187
8805.0,179
8806.0,168
8807.0,178
8808.0,192
8809.0,154
8810.0,153
8811.0,159
8812.0,168
8813.0,178
8814.0,194
8815.0,212
8816.0,209
8817.0,206
8818.0,222
8819.0,227
8820.0,224
8821.0,223
8822.0,256
8823.0,255
8824.0,247
8825.0,310
8826.0,295
8827.0,280
8828.0,262
8829.0,273
8830.0,268
8831.0,303
8832.0,363
8833.0,382
8834.0,363
8835.0,354
8836.0,359
8837.0,335
8838.0,318
8839.0,329
8840.0,328
8841.0,309
8842.0,315
8843.0,262
8844.0,347
8845.0,338
8846.0,337
8847.0,334
8848.0,352
8849.0,345
8850.0,341
8851.0,331
8852.0,345
8853.0,361
8854.0,361
8855.0,348
8856.0,332
8857.0,287
8858.0,296
8859.0,293
8860.0,307
8861.0,314
8862.0,303
8863.0,311
8864.0,314
8865.0,312
8866.0,310
8867.0,302
8868.0,287
8869.0,277
8870.0,290
8871.0,279
8872.0,264
8873.0,240
8874.0,205
8875.0,180
8876.0,153
8877.0,134
8878.0,106
8879.0,14
8880.0,0
8881.0,0
8882.0,0
8883.0,137
8884.0,76
8885.0,105
8886.0,100
8887.0,95
8888.0,105
8889.0,131
8890.0,123
8891.0,112
8892.0,120
8893.0,157
8894.0,164
8895.0,154
8896.0,135
8897.0,148
8898.0,146
8899.0,146
8900.0,160
8901.0,173
8902.0,181
8903.0,209
8904.0,203
8905.0,198
8906.0,194
8907.0,194
8908.0,182
8909.0,195
8910.0,250
8911.0,258
8912.0,270
8913.0,289
8914.0,308
8915.0,337
8916.0,361
8917.0,382
8918.0,515
8919.0,483
8920.0,241
8921.0,264
8922.0,256
8923.0,220
8924.0,204
8925.0,156
8926.0,113
8927.0,106
8928.0,113
8929.0,122
8930.0,110
8931.0,90
8932.0,106
8933.0,91
8934.0,122
8935.0,144
8936.0,128
8937.0,62
8938.0,96
8939.0,94
8940.0,80
8941.0,106
8942.0,99
8943.0,93
8944.0,92
8945.0,0
8946.0,0
8947.0,0
8948.0,0
8949.0,0
8950.0,0
8951.0,0
8952.0,0
8953.0,0
8954.0,0
8955.0,0
8956.0,147
8957.0,130
8958.0,112
8959.0,98
8960.0,102
8961.0,90
8962.0,77
8963.0,86
8964.0,90
8965.0,98
8966.0,99
8967.0,127
8968.0,120
8969.0,136
8970.0,161
8971.0,163
8972.0,180
8973.0,190
8974.0,175
8975.0,164
8976.0,163
8977.0,180
8978.0,220
8979.0,243
8980.0,238
8981.0,240
8982.0,235
8983.0,235
8984.0,250
8985.0,237
8986.0,202
8987.0,190
8988.0,167
8989.0,171
8990.0,144
8991.0,141
8992.0,152
8993.0,182
8994.0,188
8995.0,192
8996.0,187
8997.0,185
8998.0,189
8999.0,188
9000.0,180
9001.0,189
9002.0,203
9003.0,211
9004.0,213
9005.0,186
9006.0,156
9007.0,169
9008.0,180
9009.0,176
9010.0,191
9011.0,195
9012.0,205
9013.0,205
9014.0,224
9015.0,240
9016.0,242
9017.0,243
9018.0,234
9019.0,228
9020.0,231
9021.0,120
9022.0,237
9023.0,196
9024.0,211
9025.0,245
9026.0,290
9027.0,273
9028.0,262
9029.0,279
9030.0,306
9031.0,317
9032.0,334
9033.0,320
9034.0,324
9035.0,333
9036.0,343
9037.0,335
9038.0,339
9039.0,338
9040.0,329
9041.0,293
9042.0,253
9043.0,292
9044.0,275
9045.0,292
9046.0,272
9047.0,270
9048.0,263
9049.0,255
9050.0,244
9051.0,250
9052.0,265
9053.0,247
9054.0,264
9055.0,230
9056.0,166
9057.0,237
9058.0,220
9059.0,201
9060.0,200
9061.0,202
9062.0,199
9063.0,183
9064.0,205
9065.0,218
9066.0,189
9067.0,178
9068.0,193
9069.0,183
9070.0,183
9071.0,158
9072.0,147
9073.0,136
9074.0,146
9075.0,146
9076.0,149
9077.0,140
9078.0,149
9079.0,176
9080.0,162
9081.0,190
9082.0,188
9083.0,147
9084.0,141
9085.0,135
9086.0,133
9087.0,127
9088.0,124
9089.0,106
9090.0,94
9091.0,50
9092.0,43
9093.0,0
9094.0,0
9095.0,0
9096.0,0
9097.0,0
9098.0,0
9099.0,0
9100.0,0
9101.0,0
9102.0,0
9103.0,0
9104.0,0
9105.0,0
9106.0,0
9107.0,0
9108.0,0
9109.0,0
9110.0,0
9111.0,0
9112.0,127
9113.0,135
9114.0,111
9115.0,116
9116.0,94
9117.0,76
9118.0,64
9119.0,20
9120.0,0
9121.0,0
9122.0,0
9123.0,0
9124.0,0
9125.0,0
9126.0,0
9127.0,0
9128.0,0
9129.0,0
9130.0,0
9131.0,0
9132.0,0
9133.0,0
9134.0,0
9135.0,0
9136.0,0
9137.0,0
9138.0,0
9139.0,0
9140.0,0
9141.0,0
9142.0,0
9143.0,0
9144.0,191
9145.0,159
9146.0,186
9147.0,231
9148.0,247
9149.0,273
9150.0,297
9151.0,346
9152.0,431
9153.0,556
9154.0,547
9155.0,379
9156.0,284
9157.0,5
9158.0,5
9159.0,7
9160.0,169
9161.0,251
9162.0,174
9163.0,119
9164.0,117
9165.0,157
9166.0,152
9167.0,149
9168.0,157
9169.0,136
9170.0,77
9171.0,0
9172.0,0
9173.0,0
9174.0,0
9175.0,199
9176.0,158
9177.0,129
9178.0,136
9179.0,108
9180.0,82
9181.0,129
9182.0,137
9183.0,194
9184.0,170
9185.0,147
9186.0,218
9187.0,239
9188.0,238
9189.0,225
9190.0,241
9191.0,246
9192.0,229
9193.0,232
9194.0,244
9195.0,271
9196.0,331
9197.0,298
9198.0,299
9199.0,319
9200.0,290
9201.0,276
9202.0,269
9203.0,218
9204.0,11
9205.0,11
9206.0,24
9207.0,154
9208.0,146
9209.0,122
9210.0,98
9211.0,86
9212.0,87
9213.0,70
9214.0,0
9215.0,0
9216.0,0
9217.0,0
9218.0,0
9219.0,0
9220.0,0
9221.0,178
9222.0,152
9223.0,130
9224.0,106
9225.0,99
9226.0,103
9227.0,118
9228.0,97
9229.0,84
9230.0,46
9231.0,0
9232.0,0
9233.0,0
9234.0,0
9235.0,0
9236.0,26
9237.0,187
9238.0,195
9239.0,192
9240.0,179
9241.0,166
9242.0,162
9243.0,150
9244.0,165
9245.0,186
9246.0,235
9247.0,259
9248.0,301
9249.0,358
9250.0,342
9251.0,325
9252.0,295
9253.0,224
9254.0,193
9255.0,138
9256.0,105
9257.0,102
9258.0,104
9259.0,105
9260.0,90
9261.0,87
9262.0,85
9263.0,100
9264.0,122
9265.0,119
9266.0,142
9267.0,156
9268.0,160
9269.0,153
9270.0,153
9271.0,161
9272.0,140
9273.0,139
9274.0,146
9275.0,172
9276.0,135
9277.0,155
9278.0,172
9279.0,176
9280.0,190
9281.0,19
9282.0,13
9283.0,20
9284.0,106
9285.0,227
9286.0,320
9287.0,328
9288.0,314
9289.0,305
9290.0,306
9291.0,298
9292.0,285
9293.0,271
9294.0,303
9295.0,299
9296.0,273
9297.0,257
9298.0,241
9299.0,261
9300.0,267
9301.0,271
9302.0,278
9303.0,276
9304.0,279
9305.0,269
9306.0,265
9307.0,227
9308.0,227
9309.0,216
9310.0,221
9311.0,209
9312.0,202
9313.0,217
9314.0,244
9315.0,251
9316.0,232
9317.0,222
9318.0,254
9319.0,195
9320.0,148
9321.0,198
9322.0,244
9323.0,298
9324.0,314
9325.0,285
9326.0,266
9327.0,264
9328.0,273
9329.0,239
9330.0,203
9331.0,194
9332.0,233
9333.0,233
9334.0,244
9335.0,224
9336.0,207
9337.0,201
9338.0,215
9339.0,200
9340.0,214
9341.0,229
9342.0,222
9343.0,210
9344.0,209
9345.0,278
9346.0,263
9347.0,305
9348.0,314
9349.0,288
9350.0,325
9351.0,286
9352.0,257
9353.0,290
9354.0,311
9355.0,300
9356.0,304
9357.0,316
9358.0,313
9359.0,323
9360.0,336
9361.0,338
9362.0,334
9363.0,309
9364.0,299
9365.0,297
9366.0,287
9367.0,291
9368.0,292
9369.0,281
9370.0,284
9371.0,286
9372.0,308
9373.0,307
9374.0,290
9375.0,290
9376.0,285
9377.0,292
9378.0,287
9379.0,282
9380.0,282
9381.0,275
9382.0,293
9383.0,289
9384.0,285
9385.0,285
9386.0,288
9387.0,284
9388.0,277
9389.0,287
9390.0,283
9391.0,301
9392.0,295
9393.0,286
9394.0,268
9395.0,293
9396.0,297
9397.0,286
9398.0,323
9399.0,339
9400.0,309
9401.0,316
9402.0,337
9403.0,324
9404.0,323
9405.0,307
9406.0,305
9407.0,311
9408.0,331
9409.0,342
9410.0,332
9411.0,301
9412.0,277
9413.0,266
9414.0,257
9415.0,242
9416.0,223
9417.0,209
9418.0,196
9419.0,199
9420.0,206
9421.0,190
9422.0,188
9423.0,186
9424.0,223
9425.0,176
9426.0,173
9427.0,198
9428.0,186
9429.0,194
9430.0,190
9431.0,189
9432.0,195
9433.0,177
9434.0,176
9435.0,177
9436.0,170
9437.0,180
9438.0,185
9439.0,167
9440.0,149
9441.0,127
9442.0,120
9443.0,122
9444.0,145
9445.0,102
9446.0,13
9447.0,61
9448.0,113
9449.0,73
9450.0,173
9451.0,156
9452.0,156
9453.0,172
9454.0,176
9455.0,147
9456.0,117
9457.0,142
9458.0,179
9459.0,205
9460.0,219
9461.0,234
9462.0,254
9463.0,259
9464.0,259
9465.0,264
9466.0,247
9467.0,236
9468.0,202
9469.0,239
9470.0,216
9471.0,200
9472.0,185
9473.0,167
9474.0,159
9475.0,135
9476.0,117
9477.0,127
9478.0,131
9479.0,149
9480.0,133
9481.0,128
9482.0,119
9483.0,108
9484.0,122
9485.0,16
9486.0,3
9487.0,4
9488.0,74
9489.0,81
9490.0,79
9491.0,53
9492.0,0
9493.0,0
9494.0,0
9495.0,0
9496.0,0
9497.0,0
9498.0,0
9499.0,0
9500.0,0
9501.0,0
9502.0,0
9503.0,0
9504.0,0
9505.0,0
9506.0,0
9507.0,0
9508.0,0
9509.0,0
9510.0,0
9511.0,0
9512.0,0
9513.0,0
9514.0,0
9515.0,0
9516.0,0
9517.0,0
9518.0,0
9519.0,0
9520.0,0
9521.0,0
9522.0,0
9523.0,0
9524.0,0
9525.0,0
9526.0,0
9527.0,0
9528.0,0
9529.0,0
9530.0,0
9531.0,0
9532.0,0
9533.0,0
9534.0,0
9535.0,0
9536.0,0
9537.0,0
9538.0,0
9539.0,0
9540.0,0
9541.0,0
9542.0,0
9543.0,0
9544.0,0
9545.0,0
9546.0,0
9547.0,0
9548.0,0
9549.0,0
9550.0,0
9551.0,0
9552.0,0
9553.0,0
9554.0,0
9555.0,122
9556.0,233
9557.0,188
9558.0,183
9559.0,96
9560.0,121
9561.0,98
9562.0,15
9563.0,45
9564.0,45
9565.0,47
9566.0,196
9567.0,220
9568.0,188
9569.0,162
9570.0,163
9571.0,156
9572.0,184
9573.0,162
9574.0,136
9575.0,108
9576.0,100
9577.0,38
9578.0,0
9579.0,0
9580.0,0
9581.0,0
9582.0,0
9583.0,0
9584.0,0
9585.0,0
9586.0,0
9587.0,0
9588.0,0
9589.0,0
9590.0,0
9591.0,0
9592.0,0
9593.0,0
9594.0,0
9595.0,0
9596.0,0
9597.0,0
9598.0,0
9599.0,8
9600.0,7
9601.0,0
9602.0,0
9603.0,0
9604.0,0
9605.0,0
9606.0,0
9607.0,0
9608.0,0
9609.0,0
9610.0,0
9611.0,0
9612.0,0
9613.0,0
9614.0,0
9615.0,149
9616.0,156
9617.0,112
9618.0,118
9619.0,173
9620.0,163
9621.0,174
9622.0,193
9623.0,193
9624.0,179
9625.0,184
9626.0,179
9627.0,203
9628.0,182
9629.0,182
9630.0,131
9631.0,34
9632.0,0
9633.0,0
9634.0,0
9635.0,0
9636.0,0
9637.0,0
9638.0,0
9639.0,0
9640.0,0
9641.0,0
9642.0,0
9643.0,0
9644.0,0
9645.0,0
9646.0,0
9647.0,0
9648.0,0
9649.0,0
9650.0,0
9651.0,0
9652.0,0
9653.0,0
9654.0,0
9655.0,0
9656.0,0
9657.0,0
9658.0,0
9659.0,0
9660.0,0
9661.0,0
9662.0,0
9663.0,0
9664.0,0
9665.0,0
9666.0,84
9667.0,258
9668.0,196
9669.0,254
9670.0,291
9671.0,272
9672.0,215
9673.0,186
9674.0,177
9675.0,188
9676.0,240
9677.0,215
9678.0,176
9679.0,174
9680.0,150
9681.0,118
9682.0,71
9683.0,39
9684.0,0
9685.0,0
9686.0,0
9687.0,0
9688.0,0
9689.0,0
9690.0,0
9691.0,0
9692.0,0
9693.0,0
9694.0,0
9695.0,0
9696.0,0
9697.0,0
9698.0,0
9699.0,0
9700.0,0
9701.0,0
9702.0,0
9703.0,0
9704.0,0
9705.0,0
9706.0,0
9707.0,0
9708.0,0
9709.0,0
9710.0,0
9711.0,0
9712.0,0
9713.0,0
9714.0,0
9715.0,0
9716.0,0
9717.0,0
9718.0,0
9719.0,0
9720.0,0
9721.0,0
9722.0,0
9723.0,0
9724.0,0
9725.0,0
9726.0,0
9727.0,0
9728.0,0
9729.0,0
9730.0,0
9731.0,0
9732.0,0
9733.0,0
9734.0,0
9735.0,0
9736.0,0
9737.0,0
9738.0,0
9739.0,0
9740.0,0
9741.0,0
9742.0,0
9743.0,0
9744.0,0
9745.0,0
9746.0,0
9747.0,0
9748.0,0
9749.0,0
9750.0,0
9751.0,0
9752.0,0
9753.0,0
9754.0,0
9755.0,0
9756.0,0
9757.0,0
9758.0,0
9759.0,0
9760.0,0
9761.0,0
9762.0,0
9763.0,0
9764.0,0
9765.0,0
9766.0,0
9767.0,0
9768.0,20
9769.0,0
9770.0,0
9771.0,0
9772.0,0
9773.0,0
9774.0,0
9775.0,0
9776.0,0
9777.0,0
9778.0,0
9779.0,0
9780.0,0
9781.0,0
9782.0,0
9783.0,0
9784.0,0
9785.0,0
9786.0,0
9787.0,0
9788.0,0
9789.0,0
9790.0,0
9791.0,0
9792.0,0
9793.0,0
9794.0,0
9795.0,0
9796.0,0
9797.0,0
9798.0,0
9799.0,0
9800.0,0
9801.0,0
9802.0,0
9803.0,0
9804.0,0
9805.0,0
9806.0,0
9807.0,0
9808.0,0
9809.0,0
9810.0,0
9811.0,0
9812.0,0
9813.0,0
9814.0,0
9815.0,0
9816.0,0
9817.0,0
9818.0,0
9819.0,0
9820.0,0
9821.0,0
9822.0,0
9823.0,0
9824.0,0
9825.0,0
9826.0,0
9827.0,0
9828.0,0
9829.0,0
9830.0,0
9831.0,0
9832.0,0
9833.0,0
9834.0,0
9835.0,0
9836.0,0
9837.0,0
9838.0,0
9839.0,0
9840.0,0
9841.0,0
9842.0,0
9843.0,0
9844.0,0
9845.0,0
9846.0,0
9847.0,0
9848.0,0
9849.0,0
9850.0,11
9851.0,0
9852.0,0
9853.0,0
9854.0,0
9855.0,0
9856.0,0
9857.0,0
9858.0,0
9859.0,0
9860.0,0
9861.0,0
9862.0,0
9863.0,53
9864.0,164
9865.0,236
9866.0,172
9867.0,125
9868.0,91
9869.0,82
9870.0,121
9871.0,134
9872.0,107
9873.0,132
9874.0,202
9875.0,230
9876.0,261
9877.0,261
9878.0,219
9879.0,163
9880.0,141
9881.0,124
9882.0,121
9883.0,130
9884.0,131
9885.0,205
9886.0,188
9887.0,162
9888.0,158
9889.0,164
9890.0,159
9891.0,172
9892.0,180
9893.0,191
9894.0,201
9895.0,184
9896.0,162
9897.0,130
9898.0,142
9899.0,153
9900.0,196
9901.0,198
9902.0,221
9903.0,130
9904.0,16
9905.0,0
9906.0,0
9907.0,0
9908.0,0
9909.0,0
9910.0,49
9911.0,125
9912.0,227
9913.0,242
9914.0,284
9915.0,321
9916.0,178
9917.0,25
9918.0,26
9919.0,244
9920.0,295
9921.0,243
9922.0,262
9923.0,218
9924.0,219
9925.0,193
9926.0,190
9927.0,198
9928.0,207
9929.0,229
9930.0,209
9931.0,199
9932.0,178
9933.0,141
9934.0,151
9935.0,134
9936.0,218
9937.0,170
9938.0,257
9939.0,249
9940.0,187
9941.0,163
9942.0,188
9943.0,157
9944.0,169
9945.0,201
9946.0,186
9947.0,197
9948.0,197
9949.0,172
9950.0,196
9951.0,208
9952.0,205
9953.0,149
9954.0,22
9955.0,0
9956.0,0
9957.0,147
9958.0,144
9959.0,147
9960.0,152
9961.0,176
9962.0,180
9963.0,178
9964.0,169
9965.0,160
9966.0,134
9967.0,125
9968.0,123
9969.0,137
9970.0,176
9971.0,181
9972.0,188
9973.0,166
9974.0,151
9975.0,181
9976.0,175
9977.0,149
9978.0,155
9979.0,152
9980.0,160
9981.0,170
9982.0,189
9983.0,191
9984.0,137
9985.0,134
9986.0,133
9987.0,151
9988.0,159
9989.0,78
9990.0,2
9991.0,2
9992.0,47
9993.0,105
9994.0,178
9995.0,213
9996.0,206
9997.0,173
9998.0,161
9999.0,137
10000.0,142
10001.0,149
10002.0,142
10003.0,139
10004.0,133
10005.0,111
10006.0,129
10007.0,148
10008.0,175
10009.0,207
10010.0,136
10011.0,104
10012.0,50
10013.0,80
10014.0,147
10015.0,182
10016.0,166
10017.0,202
10018.0,176
10019.0,136
10020.0,149
10021.0,143
10022.0,187
10023.0,158
10024.0,124
10025.0,163
10026.0,183
10027.0,205
10028.0,151
10029.0,89
10030.0,13
10031.0,0
10032.0,0
10033.0,0
10034.0,0
10035.0,0
10036.0,0
10037.0,0
10038.0,0
10039.0,0
10040.0,0
10041.0,0
10042.0,0
10043.0,0
10044.0,0
10045.0,0
10046.0,0
10047.0,0
10048.0,0
10049.0,0
10050.0,0
10051.0,0
10052.0,0
10053.0,0
10054.0,0
10055.0,0
10056.0,0
10057.0,0
10058.0,0
10059.0,0
10060.0,0
10061.0,0
10062.0,0
10063.0,0
10064.0,0
10065.0,0
10066.0,0
10067.0,0
10068.0,0
10069.0,0
10070.0,0
10071.0,0
10072.0,0
10073.0,0
10074.0,0
10075.0,0
10076.0,0
10077.0,0
10078.0,0
10079.0,0
10080.0,0
10081.0,0
10082.0,0
10083.0,0
10084.0,0
10085.0,0
10086.0,0
10087.0,0
10088.0,0
10089.0,0
10090.0,0
10091.0,0
10092.0,0
10093.0,0
10094.0,0
10095.0,0
10096.0,0
10097.0,0
10098.0,0
10099.0,0
10100.0,0
10101.0,0
10102.0,0
10103.0,0
10104.0,0
10105.0,0
10106.0,0
10107.0,0
10108.0,0
10109.0,0
10110.0,0
10111.0,0
10112.0,0
10113.0,0
10114.0,0
10115.0,0
10116.0,0
10117.0,0
10118.0,0
10119.0,0
10120.0,0
10121.0,0
10122.0,0
10123.0,0
10124.0,0
10125.0,0
10126.0,0
10127.0,0
10128.0,0
10129.0,0
10130.0,0
10131.0,0
10132.0,0
10133.0,0
10134.0,0
10135.0,0
10136.0,0
10137.0,0
10138.0,0
10139.0,0
10140.0,0
10141.0,0
10142.0,0
10143.0,0
10144.0,0
10145.0,13
10146.0,0
10147.0,0
10148.0,0
10149.0,0
10150.0,0
10151.0,0
10152.0,180
10153.0,237
10154.0,226
10155.0,256
10156.0,241
10157.0,228
10158.0,233
10159.0,221
10160.0,194
10161.0,190
10162.0,192
10163.0,178
10164.0,189
10165.0,173
10166.0,163
10167.0,154
10168.0,148
10169.0,152
10170.0,133
10171.0,121
10172.0,132
10173.0,180
10174.0,199
10175.0,219
10176.0,213
10177.0,160
10178.0,150
10179.0,145
10180.0,110
10181.0,106
10182.0,100
10183.0,102
10184.0,101
10185.0,112
10186.0,114
10187.0,96
10188.0,58
10189.0,0
10190.0,0
10191.0,0
10192.0,0
10193.0,0
10194.0,3
10195.0,328
10196.0,338
10197.0,263
10198.0,196
10199.0,202
10200.0,201
10201.0,192
10202.0,130
10203.0,99
10204.0,97
10205.0,94
10206.0,77
10207.0,75
10208.0,100
10209.0,141
10210.0,214
10211.0,226
10212.0,209
10213.0,167
10214.0,137
10215.0,152
10216.0,164
10217.0,141
10218.0,143
10219.0,135
10220.0,118
10221.0,101
10222.0,1
10223.0,1
10224.0,1
10225.0,60
10226.0,174
10227.0,157
10228.0,62
10229.0,0
10230.0,0
10231.0,0
10232.0,0
10233.0,0
10234.0,0
10235.0,0
10236.0,103
10237.0,95
10238.0,24
10239.0,0
10240.0,0
10241.0,0
10242.0,0
10243.0,156
10244.0,183
10245.0,47
10246.0,70
10247.0,127
10248.0,180
10249.0,216
10250.0,271
10251.0,269
10252.0,255
10253.0,272
10254.0,278
10255.0,288
10256.0,279
10257.0,38
10258.0,39
10259.0,101
10260.0,137
10261.0,149
10262.0,308
10263.0,320
10264.0,311
10265.0,272
10266.0,275
10267.0,238
10268.0,192
10269.0,205
10270.0,199
10271.0,207
10272.0,220
10273.0,201
10274.0,192
10275.0,209
10276.0,197
10277.0,200
10278.0,196
10279.0,169
10280.0,119
10281.0,105
10282.0,84
10283.0,37
10284.0,7
10285.0,176
10286.0,372
10287.0,352
10288.0,273
10289.0,272
10290.0,128
10291.0,274
10292.0,272
10293.0,250
10294.0,230
10295.0,213
10296.0,179
10297.0,221
10298.0,252
10299.0,252
10300.0,236
10301.0,233
10302.0,178
10303.0,162
10304.0,148
10305.0,146
10306.0,166
10307.0,173
10308.0,161
10309.0,163
10310.0,198
10311.0,170
10312.0,176
10313.0,164
10314.0,171
10315.0,166
10316.0,159
10317.0,163
10318.0,164
10319.0,161
10320.0,194
10321.0,203
10322.0,195
10323.0,186
10324.0,172
10325.0,172
10326.0,145
10327.0,192
10328.0,224
10329.0,251
10330.0,266
10331.0,270
10332.0,273
10333.0,295
10334.0,290
10335.0,273
10336.0,271
10337.0,285
10338.0,304
10339.0,302
10340.0,277
10341.0,286
10342.0,282
10343.0,269
10344.0,261
10345.0,257
10346.0,256
10347.0,348
10348.0,354
10349.0,330
10350.0,313
10351.0,247
10352.0,230
10353.0,224
10354.0,226
10355.0,240
10356.0,220
10357.0,249
10358.0,267
10359.0,253
10360.0,241
10361.0,220
10362.0,199
10363.0,181
10364.0,200
10365.0,201
10366.0,214
10367.0,212
10368.0,208
10369.0,180
10370.0,181
10371.0,187
10372.0,202
10373.0,203
10374.0,204
10375.0,198
10376.0,199
10377.0,198
10378.0,188
10379.0,214
10380.0,208
10381.0,179
10382.0,154
10383.0,176
10384.0,159
10385.0,158
10386.0,196
10387.0,170
10388.0,191
10389.0,164
10390.0,176
10391.0,188
10392.0,218
10393.0,214
10394.0,192
10395.0,184
10396.0,212
10397.0,221
10398.0,232
10399.0,228
10400.0,223
10401.0,230
10402.0,225
10403.0,229
10404.0,219
10405.0,223
10406.0,232
10407.0,200
10408.0,221
10409.0,245
10410.0,248
10411.0,235
10412.0,231
10413.0,213
10414.0,210
10415.0,209
10416.0,218
10417.0,223
10418.0,214
10419.0,207
10420.0,221
10421.0,236
10422.0,227
10423.0,227
10424.0,223
10425.0,254
10426.0,262
10427.0,233
10428.0,215
10429.0,210
10430.0,205
10431.0,190
10432.0,194
10433.0,209
10434.0,234
10435.0,250
10436.0,265
10437.0,270
10438.0,273
10439.0,260
10440.0,243
10441.0,222
10442.0,224
10443.0,261
10444.0,259
10445.0,231
10446.0,232
10447.0,229
10448.0,226
10449.0,235
10450.0,219
10451.0,242
10452.0,247
10453.0,230
10454.0,209
10455.0,244
10456.0,268
10457.0,260
10458.0,251
10459.0,225
10460.0,238
10461.0,219
10462.0,200
10463.0,99
10464.0,30
10465.0,31
10466.0,165
10467.0,188
10468.0,159
10469.0,165
10470.0,146
10471.0,154
10472.0,161
10473.0,178
10474.0,159
10475.0,191
10476.0,179
10477.0,205
10478.0,224
10479.0,205
10480.0,213
10481.0,253
10482.0,266
10483.0,277
10484.0,261
10485.0,267
10486.0,288
10487.0,285
10488.0,288
10489.0,290
10490.0,301
10491.0,288
10492.0,286
10493.0,283
10494.0,250
10495.0,228
10496.0,236
10497.0,231
10498.0,242
10499.0,264
10500.0,244
10501.0,226
10502.0,224
10503.0,236
10504.0,199
10505.0,259
10506.0,252
10507.0,213
10508.0,256
10509.0,294
10510.0,291
10511.0,275
10512.0,256
10513.0,234
10514.0,232
10515.0,221
10516.0,208
10517.0,199
10518.0,201
10519.0,210
10520.0,199
10521.0,195
10522.0,186
10523.0,205
10524.0,230
10525.0,239
10526.0,211
10527.0,202
10528.0,210
10529.0,203
10530.0,201
10531.0,210
10532.0,233
10533.0,218
10534.0,212
10535.0,231
10536.0,200
10537.0,167
10538.0,157
10539.0,172
10540.0,148
10541.0,131
10542.0,123
10543.0,136
10544.0,156
10545.0,175
10546.0,188
10547.0,197
10548.0,215
10549.0,249
10550.0,236
10551.0,187
10552.0,256
10553.0,282
10554.0,273
10555.0,242
10556.0,285
10557.0,274
10558.0,259
10559.0,285
10560.0,278
10561.0,286
10562.0,279
10563.0,279
10564.0,290
10565.0,282
10566.0,270
10567.0,248
10568.0,266
10569.0,263
10570.0,276
10571.0,285
10572.0,271
10573.0,255
10574.0,241
10575.0,218
10576.0,210
10577.0,213
10578.0,191
10579.0,171
10580.0,274
10581.0,244
10582.0,209
10583.0,195
10584.0,171
10585.0,152
10586.0,163
10587.0,172
10588.0,176
10589.0,151
10590.0,161
10591.0,164
10592.0,184
10593.0,185
10594.0,184
10595.0,193
10596.0,177
10597.0,192
10598.0,183
10599.0,193
10600.0,207
10601.0,217
10602.0,220
10603.0,223
10604.0,223
10605.0,219
10606.0,253
10607.0,215
10608.0,212
10609.0,209
10610.0,184
10611.0,174
10612.0,164
10613.0,174
10614.0,178
10615.0,163
10616.0,153
10617.0,174
10618.0,222
10619.0,239
10620.0,222
10621.0,236
10622.0,223
10623.0,218
10624.0,224
10625.0,248
10626.0,254
10627.0,275
10628.0,264
10629.0,298
10630.0,312
10631.0,289
10632.0,285
10633.0,292
10634.0,265
10635.0,238
10636.0,222
10637.0,208
10638.0,184
10639.0,194
10640.0,221
10641.0,226
10642.0,202
10643.0,212
10644.0,203
10645.0,185
10646.0,188
10647.0,185
10648.0,211
10649.0,210
10650.0,224
10651.0,223
10652.0,209
10653.0,204
10654.0,187
10655.0,199
10656.0,193
10657.0,210
10658.0,201
10659.0,180
10660.0,196
10661.0,193
10662.0,201
10663.0,195
10664.0,175
10665.0,194
10666.0,208
10667.0,184
10668.0,180
10669.0,154
10670.0,169
10671.0,189
10672.0,188
10673.0,184
10674.0,200
10675.0,226
10676.0,193
10677.0,214
10678.0,220
10679.0,229
10680.0,228
10681.0,226
10682.0,230
10683.0,215
10684.0,200
10685.0,198
10686.0,215
10687.0,214
10688.0,207
10689.0,226
10690.0,233
10691.0,238
10692.0,274
10693.0,259
10694.0,244
10695.0,249
10696.0,258
10697.0,253
10698.0,234
10699.0,217
10700.0,227
10701.0,235
10702.0,234
10703.0,228
10704.0,236
10705.0,248
10706.0,147
10707.0,227
10708.0,283
10709.0,291
10710.0,278
10711.0,306
10712.0,358
10713.0,378
10714.0,384
10715.0,402
10716.0,459
10717.0,360
10718.0,269
10719.0,277
10720.0,290
10721.0,301
10722.0,311
10723.0,303
10724.0,320
10725.0,301
10726.0,275
10727.0,269
10728.0,280
10729.0,282
10730.0,284
10731.0,314
10732.0,316
10733.0,303
10734.0,308
10735.0,328
10736.0,316
10737.0,303
10738.0,291
10739.0,284
10740.0,302
10741.0,297
10742.0,315
10743.0,300
10744.0,299
10745.0,312
10746.0,319
10747.0,319
10748.0,299
10749.0,295
10750.0,256
10751.0,278
10752.0,266
10753.0,268
10754.0,263
10755.0,298
10756.0,296
10757.0,295
10758.0,272
10759.0,270
10760.0,271
10761.0,267
10762.0,290
10763.0,294
10764.0,290
10765.0,278
10766.0,259
10767.0,239
10768.0,241
10769.0,248
10770.0,244
10771.0,265
10772.0,267
10773.0,294
10774.0,297
10775.0,335
10776.0,319
10777.0,311
10778.0,307
10779.0,299
10780.0,313
10781.0,307
10782.0,284
10783.0,282
10784.0,283
10785.0,302
10786.0,318
10787.0,334
10788.0,331
10789.0,314
10790.0,297
10791.0,292
10792.0,289
10793.0,288
10794.0,289
10795.0,300
10796.0,304
10797.0,319
10798.0,316
10799.0,304
10800.0,318
10801.0,327
10802.0,323
10803.0,322
10804.0,316
10805.0,317
10806.0,313
10807.0,315
10808.0,291
10809.0,316
10810.0,326
10811.0,313
10812.0,295
10813.0,292
10814.0,285
10815.0,281
10816.0,280
10817.0,302
10818.0,291
10819.0,299
10820.0,304
10821.0,319
10822.0,310
10823.0,305
10824.0,319
10825.0,323
10826.0,306
10827.0,291
10828.0,313
10829.0,316
10830.0,293
10831.0,289
10832.0,301
10833.0,282
10834.0,284
10835.0,272
10836.0,262
10837.0,266
10838.0,281
10839.0,273
10840.0,300
10841.0,297
10842.0,277
10843.0,312
10844.0,307
10845.0,306
10846.0,307
10847.0,305
10848.0,284
10849.0,280
10850.0,287
10851.0,298
10852.0,291
10853.0,285
10854.0,293
10855.0,299
10856.0,319
10857.0,300
10858.0,309
10859.0,306
10860.0,298
10861.0,307
10862.0,290
10863.0,294
10864.0,295
10865.0,309
10866.0,319
10867.0,338
10868.0,316
10869.0,283
10870.0,295
10871.0,353
10872.0,365
10873.0,350
10874.0,322
10875.0,328
10876.0,323
10877.0,285
10878.0,309
10879.0,318
10880.0,323
10881.0,325
10882.0,334
10883.0,334
10884.0,331
10885.0,324
10886.0,299
10887.0,298
10888.0,299
10889.0,313
10890.0,316
10891.0,319
10892.0,308
10893.0,303
10894.0,289
10895.0,278
10896.0,274
10897.0,262
10898.0,275
10899.0,258
10900.0,272
10901.0,272
10902.0,276
10903.0,272
10904.0,300
10905.0,295
10906.0,298
10907.0,281
10908.0,281
10909.0,272
10910.0,270
10911.0,274
10912.0,266
10913.0,280
10914.0,291
10915.0,286
10916.0,272
10917.0,276
10918.0,278
10919.0,264
10920.0,266
10921.0,275
10922.0,254
10923.0,241
10924.0,245
10925.0,230
10926.0,268
10927.0,247
10928.0,301
10929.0,257
10930.0,236
10931.0,220
10932.0,199
10933.0,201
10934.0,180
10935.0,175
10936.0,181
10937.0,156
10938.0,169
10939.0,19
10940.0,0
10941.0,0
10942.0,0
10943.0,0
10944.0,0
10945.0,58
10946.0,163
10947.0,183
10948.0,227
10949.0,234
10950.0,212
10951.0,188
10952.0,243
10953.0,297
10954.0,271
10955.0,250
10956.0,257
10957.0,247
10958.0,237
10959.0,276
10960.0,294
10961.0,275
10962.0,312
10963.0,316
10964.0,321
10965.0,336
10966.0,284
10967.0,314
10968.0,319
10969.0,305
10970.0,331
10971.0,317
10972.0,286
10973.0,272
10974.0,259
10975.0,268
10976.0,277
10977.0,264
10978.0,257
10979.0,257
10980.0,288
10981.0,290
10982.0,295
10983.0,260
10984.0,236
10985.0,246
10986.0,245
10987.0,268
10988.0,282
10989.0,253
10990.0,255
10991.0,261
10992.0,245
10993.0,228
10994.0,239
10995.0,253
10996.0,291
10997.0,319
10998.0,329
10999.0,390
11000.0,346
11001.0,283
11002.0,237
11003.0,291
11004.0,297
11005.0,282
11006.0,342
11007.0,317
11008.0,309
11009.0,277
11010.0,257
11011.0,231
11012.0,297
11013.0,298
11014.0,276
11015.0,268
11016.0,293
11017.0,311
11018.0,274
11019.0,293
11020.0,331
11021.0,311
11022.0,302
11023.0,310
11024.0,346
11025.0,349
11026.0,349
11027.0,336
11028.0,339
11029.0,329
11030.0,315
11031.0,288
11032.0,310
11033.0,331
11034.0,318
11035.0,315
11036.0,295
11037.0,297
11038.0,312
11039.0,327
11040.0,331
11041.0,317
11042.0,283
11043.0,271
11044.0,284
11045.0,275
11046.0,276
11047.0,267
11048.0,241
11049.0,264
11050.0,287
11051.0,362
11052.0,358
11053.0,305
11054.0,337
11055.0,323
11056.0,219
11057.0,223
11058.0,210
11059.0,167
11060.0,318
11061.0,285
11062.0,259
11063.0,251
11064.0,238
11065.0,258
11066.0,295
11067.0,292
11068.0,282
11069.0,287
11070.0,289
11071.0,288
11072.0,283
11073.0,298
11074.0,304
11075.0,321
11076.0,311
11077.0,289
11078.0,307
11079.0,288
11080.0,274
11081.0,240
11082.0,260
11083.0,233
11084.0,258
11085.0,241
11086.0,220
11087.0,200
11088.0,203
11089.0,242
11090.0,223
11091.0,214
11092.0,196
11093.0,197
11094.0,243
11095.0,214
11096.0,126
11097.0,248
11098.0,248
11099.0,224
11100.0,211
11101.0,209
11102.0,189
11103.0,205
11104.0,205
11105.0,213
11106.0,209
11107.0,212
11108.0,226
11109.0,191
11110.0,185
11111.0,226
11112.0,205
11113.0,197
11114.0,191
11115.0,263
11116.0,285
11117.0,260
11118.0,285
11119.0,274
11120.0,251
11121.0,259
11122.0,261
11123.0,244
11124.0,235
11125.0,258
11126.0,258
11127.0,231
11128.0,277
11129.0,277
11130.0,267
11131.0,222
11132.0,220
11133.0,212
11134.0,202
11135.0,202
11136.0,187
11137.0,193
11138.0,203
11139.0,193
11140.0,158
11141.0,139
11142.0,45
11143.0,0
11144.0,0
11145.0,0
11146.0,0
11147.0,0
11148.0,0
11149.0,0
11150.0,0
11151.0,0
11152.0,0
11153.0,0
11154.0,0
11155.0,0
11156.0,0
11157.0,0
11158.0,0
11159.0,0
11160.0,0
11161.0,0
11162.0,0
11163.0,0
11164.0,61
11165.0,150
11166.0,205
11167.0,369
11168.0,323
11169.0,229
11170.0,280
11171.0,352
11172.0,330
11173.0,342
11174.0,371
11175.0,338
11176.0,297
11177.0,326
11178.0,336
11179.0,336
11180.0,340
11181.0,339
11182.0,364
11183.0,349
11184.0,328
11185.0,323
11186.0,294
11187.0,285
11188.0,303
11189.0,317
11190.0,308
11191.0,312
11192.0,291
11193.0,297
11194.0,301
11195.0,305
11196.0,297
11197.0,285
11198.0,299
11199.0,297
11200.0,308
11201.0,306
11202.0,326
11203.0,341
11204.0,335
11205.0,322
11206.0,293
11207.0,284
11208.0,289
11209.0,302
11210.0,301
11211.0,334
11212.0,308
11213.0,290
11214.0,314
11215.0,334
11216.0,277
11217.0,236
11218.0,261
11219.0,325
11220.0,333
11221.0,319
11222.0,318
11223.0,305
11224.0,288
11225.0,285
11226.0,290
11227.0,315
11228.0,301
11229.0,305
11230.0,304
11231.0,296
11232.0,301
11233.0,300
11234.0,322
11235.0,319
11236.0,312
11237.0,317
11238.0,309
11239.0,292
11240.0,306
11241.0,306
11242.0,306
11243.0,306
11244.0,302
11245.0,298
11246.0,305
11247.0,310
11248.0,303
11249.0,305
11250.0,301
11251.0,300
11252.0,304
11253.0,305
11254.0,311
11255.0,314
11256.0,303
11257.0,315
11258.0,329
11259.0,301
11260.0,294
11261.0,303
11262.0,307
11263.0,310
11264.0,301
11265.0,291
11266.0,295
11267.0,298
11268.0,297
11269.0,289
11270.0,302
11271.0,300
11272.0,294
11273.0,308
11274.0,310
11275.0,312
11276.0,310
11277.0,308
11278.0,291
11279.0,290
11280.0,273
11281.0,269
11282.0,270
11283.0,290
11284.0,306
11285.0,278
11286.0,269
11287.0,314
11288.0,306
11289.0,304
11290.0,301
11291.0,280
11292.0,274
11293.0,287
11294.0,287
11295.0,276
11296.0,275
11297.0,278
11298.0,286
11299.0,288
11300.0,276
11301.0,296
11302.0,303
11303.0,277
11304.0,269
11305.0,292
11306.0,298
11307.0,278
11308.0,272
11309.0,270
11310.0,266
11311.0,286
11312.0,322
11313.0,236
11314.0,269
11315.0,334
11316.0,318
11317.0,338
11318.0,301
11319.0,281
11320.0,287
11321.0,267
11322.0,265
11323.0,269
11324.0,257
11325.0,266
11326.0,284
11327.0,296
11328.0,303
11329.0,297
11330.0,303
11331.0,353
11332.0,278
11333.0,256
11334.0,272
11335.0,275
11336.0,263
11337.0,257
11338.0,259
11339.0,263
11340.0,256
11341.0,268
11342.0,256
11343.0,271
11344.0,264
11345.0,306
11346.0,317
11347.0,286
11348.0,280
11349.0,279
11350.0,284
11351.0,286
11352.0,278
11353.0,285
11354.0,281
11355.0,275
11356.0,307
11357.0,282
11358.0,336
11359.0,296
11360.0,278
11361.0,255
11362.0,249
11363.0,251
11364.0,283
11365.0,297
11366.0,287
11367.0,276
11368.0,266
11369.0,271
11370.0,277
11371.0,275
11372.0,291
11373.0,277
11374.0,265
11375.0,281
11376.0,267
11377.0,265
11378.0,269
11379.0,285
11380.0,304
11381.0,286
11382.0,274
11383.0,233
11384.0,213
11385.0,212
11386.0,221
11387.0,278
11388.0,280
11389.0,247
11390.0,248
11391.0,247
11392.0,243
11393.0,209
11394.0,219
11395.0,206
11396.0,267
11397.0,248
11398.0,263
11399.0,275
11400.0,258
11401.0,254
11402.0,260
11403.0,269
11404.0,238
11405.0,250
11406.0,240
11407.0,276
11408.0,304
11409.0,305
11410.0,294
11411.0,268
11412.0,252
11413.0,254
11414.0,261
11415.0,274
11416.0,269
11417.0,272
11418.0,303
11419.0,270
11420.0,320
11421.0,294
11422.0,255
11423.0,249
11424.0,242
11425.0,281
11426.0,200
11427.0,103
11428.0,220
11429.0,250
11430.0,292
11431.0,269
11432.0,290
11433.0,296
11434.0,305
11435.0,303
11436.0,286
11437.0,244
11438.0,204
11439.0,273
11440.0,288
11441.0,267
11442.0,322
11443.0,307
11444.0,297
11445.0,307
11446.0,302
11447.0,271
11448.0,318
11449.0,316
11450.0,270
11451.0,304
11452.0,325
11453.0,343
11454.0,278
11455.0,378
11456.0,347
11457.0,351
11458.0,328
11459.0,305
11460.0,320
11461.0,324
11462.0,305
11463.0,283
11464.0,308
11465.0,302
11466.0,317
11467.0,326
11468.0,313
11469.0,292
11470.0,313
11471.0,326
11472.0,318
11473.0,310
11474.0,321
11475.0,319
11476.0,317
11477.0,314
11478.0,277
11479.0,297
11480.0,296
11481.0,275
11482.0,285
11483.0,289
11484.0,305
11485.0,301
11486.0,326
11487.0,304
11488.0,309
11489.0,315
11490.0,311
11491.0,305
11492.0,280
11493.0,283
11494.0,274
11495.0,284
11496.0,295
11497.0,290
11498.0,278
11499.0,290
11500.0,293
11501.0,280
11502.0,286
11503.0,285
11504.0,286
11505.0,279
11506.0,264
11507.0,258
11508.0,279
11509.0,282
11510.0,280
11511.0,280
11512.0,300
11513.0,289
11514.0,287
11515.0,286
11516.0,287
11517.0,284
11518.0,298
11519.0,287
11520.0,306
11521.0,313
11522.0,303
11523.0,294
11524.0,301
11525.0,301
11526.0,296
11527.0,298
11528.0,293
11529.0,292
11530.0,278
11531.0,280
11532.0,284
11533.0,290
11534.0,287
11535.0,306
11536.0,295
11537.0,297
11538.0,314
11539.0,282
11540.0,362
11541.0,345
11542.0,318
11543.0,286
11544.0,268
11545.0,323
11546.0,321
11547.0,311
11548.0,316
11549.0,315
11550.0,298
11551.0,293
11552.0,286
11553.0,294
11554.0,290
11555.0,285
11556.0,285
11557.0,306
11558.0,311
11559.0,292
11560.0,286
11561.0,285
11562.0,284
11563.0,259
11564.0,260
11565.0,296
11566.0,249
11567.0,260
11568.0,327
11569.0,344
11570.0,307
11571.0,294
11572.0,276
11573.0,290
11574.0,284
11575.0,346
11576.0,322
11577.0,293
11578.0,287
11579.0,280
11580.0,304
11581.0,296
11582.0,295
11583.0,290
11584.0,286
11585.0,281
11586.0,291
11587.0,307
11588.0,292
11589.0,283
11590.0,277
11591.0,280
11592.0,278
11593.0,282
11594.0,297
11595.0,282
11596.0,270
11597.0,267
11598.0,262
11599.0,249
11600.0,245
11601.0,269
11602.0,283
11603.0,270
11604.0,278
11605.0,299
11606.0,306
11607.0,283
11608.0,270
11609.0,268
11610.0,273
11611.0,278
11612.0,275
11613.0,288
11614.0,287
11615.0,278
11616.0,281
11617.0,283
11618.0,285
11619.0,301
11620.0,295
11621.0,289
11622.0,292
11623.0,285
11624.0,294
11625.0,302
11626.0,308
11627.0,317
11628.0,292
11629.0,292
11630.0,296
11631.0,301
11632.0,272
11633.0,278
11634.0,274
11635.0,283
11636.0,284
11637.0,284
11638.0,291
11639.0,253
11640.0,319
11641.0,318
11642.0,314
11643.0,299
11644.0,306
11645.0,293
11646.0,281
11647.0,276
11648.0,282
11649.0,294
11650.0,322
11651.0,315
11652.0,328
11653.0,315
11654.0,309
11655.0,309
11656.0,310
11657.0,292
11658.0,286
11659.0,292
11660.0,288
11661.0,263
11662.0,273
11663.0,279
11664.0,260
11665.0,293
11666.0,272
11667.0,283
11668.0,312
11669.0,283
11670.0,293
11671.0,267
11672.0,327
11673.0,334
11674.0,313
11675.0,367
11676.0,347
11677.0,275
11678.0,287
11679.0,264
11680.0,280
11681.0,300
11682.0,299
11683.0,289
11684.0,277
11685.0,279
11686.0,276
11687.0,298
11688.0,298
11689.0,286
11690.0,299
11691.0,274
11692.0,277
11693.0,260
11694.0,280
11695.0,301
11696.0,289
11697.0,302
11698.0,310
11699.0,310
11700.0,325
11701.0,340
11702.0,337
11703.0,315
11704.0,302
11705.0,314
11706.0,323
11707.0,304
11708.0,309
11709.0,296
11710.0,299
11711.0,281
11712.0,301
11713.0,293
11714.0,300
11715.0,271
11716.0,320
11717.0,314
11718.0,291
11719.0,300
11720.0,300
11721.0,289
11722.0,270
11723.0,270
11724.0,247
11725.0,244
11726.0,228
11727.0,234
11728.0,204
11729.0,153
11730.0,160
11731.0,43
11732.0,1
11733.0,1
11734.0,265
11735.0,263
11736.0,338
11737.0,356
11738.0,340
11739.0,346
11740.0,316
11741.0,291
11742.0,289
11743.0,317
11744.0,322
11745.0,341
11746.0,350
11747.0,351
11748.0,329
11749.0,340
11750.0,334
11751.0,335
11752.0,334
11753.0,313
11754.0,301
11755.0,263
11756.0,250
11757.0,239
11758.0,230
11759.0,245
11760.0,223
11761.0,192
11762.0,224
11763.0,258
11764.0,216
11765.0,188
11766.0,196
11767.0,204
11768.0,245
11769.0,217
11770.0,163
11771.0,198
11772.0,178
11773.0,193
11774.0,201
11775.0,208
11776.0,252
11777.0,290
11778.0,306
11779.0,307
11780.0,288
11781.0,305
11782.0,309
11783.0,316
11784.0,324
11785.0,317
11786.0,308
11787.0,336
11788.0,337
11789.0,335
11790.0,307
11791.0,298
11792.0,306
11793.0,320
11794.0,311
11795.0,283
11796.0,268
11797.0,289
11798.0,282
11799.0,267
11800.0,280
11801.0,306
11802.0,304
11803.0,303
11804.0,307
11805.0,311
11806.0,326
11807.0,318
11808.0,261
11809.0,286
11810.0,297
11811.0,298
11812.0,300
11813.0,305
11814.0,329
11815.0,329
11816.0,318
11817.0,335
11818.0,322
11819.0,284
11820.0,309
11821.0,258
11822.0,261
11823.0,241
11824.0,236
11825.0,216
11826.0,221
11827.0,220
11828.0,240
11829.0,224
11830.0,220
11831.0,216
11832.0,195
11833.0,210
11834.0,213
11835.0,225
11836.0,204
11837.0,224
11838.0,228
11839.0,224
11840.0,212
11841.0,216
11842.0,222
11843.0,203
11844.0,185
11845.0,186
11846.0,185
11847.0,186
11848.0,178
11849.0,157
11850.0,134
11851.0,154
11852.0,151
11853.0,146
11854.0,131
11855.0,124
11856.0,98
11857.0,92
11858.0,0
11859.0,0
11860.0,0
11861.0,0
11862.0,0
11863.0,0
11864.0,0
11865.0,0
11866.0,0
11867.0,0
11868.0,0
11869.0,0
11870.0,0
11871.0,0
11872.0,0
11873.0,0
11874.0,0
11875.0,0
11876.0,0
11877.0,0
11878.0,0
11879.0,0
11880.0,0
11881.0,0
11882.0,0
11883.0,0
11884.0,0
11885.0,0
11886.0,0
11887.0,0
11888.0,0
11889.0,0
11890.0,0
11891.0,0
11892.0,0
11893.0,0
11894.0,0
11895.0,0
11896.0,0
11897.0,0
11898.0,0
11899.0,0
11900.0,0
11901.0,0
11902.0,0
11903.0,0
11904.0,0
11905.0,0
11906.0,0
11907.0,0
11908.0,0
11909.0,0
11910.0,0
11911.0,0
11912.0,0
11913.0,0
11914.0,0
11915.0,0
11916.0,0
11917.0,0
11918.0,0
11919.0,0
11920.0,0
11921.0,0
11922.0,0
11923.0,0
11924.0,0
11925.0,0
11926.0,0
11927.0,0
11928.0,0
11929.0,0
11930.0,0
11931.0,0
11932.0,0
11933.0,0
11934.0,0
11935.0,0
11936.0,0
11937.0,0
11938.0,0
11939.0,0
11940.0,0
11941.0,0
11942.0,0
11943.0,0
11944.0,0
11945.0,0
11946.0,0
11947.0,0
11948.0,0
11949.0,0
11950.0,0
11951.0,0
11952.0,0
11953.0,0
11954.0,0
11955.0,0
11956.0,0
11957.0,0
11958.0,0
11959.0,0
11960.0,0
11961.0,0
11962.0,0
11963.0,0
11964.0,0
11965.0,0
11966.0,0
11967.0,0
11968.0,0
11969.0,0
11970.0,0
11971.0,0
11972.0,0
11973.0,0
11974.0,0
11975.0,0
11976.0,0
11977.0,0
11978.0,0
11979.0,0
11980.0,0
11981.0,0
11982.0,0
11983.0,0
11984.0,0
11985.0,0
11986.0,0
11987.0,0
11988.0,0
11989.0,0
11990.0,0
11991.0,0
11992.0,0
11993.0,0
11994.0,0
11995.0,0
11996.0,0
11997.0,0
11998.0,0
11999.0,0
12000.0,0
12001.0,0
12002.0,0
12003.0,155
12004.0,41
12005.0,48
12006.0,27
12007.0,23
12008.0,112
12009.0,106
12010.0,151
12011.0,103
12012.0,114
12013.0,94
12014.0,96
12015.0,121
12016.0,109
12017.0,107
12018.0,99
12019.0,91
12020.0,49
12021.0,0
12022.0,0
12023.0,0
12024.0,0
12025.0,0
12026.0,0
12027.0,0
12028.0,0
12029.0,0
12030.0,0
12031.0,0
12032.0,0
12033.0,0
12034.0,0
12035.0,0
12036.0,0
12037.0,0
12038.0,0
12039.0,0
12040.0,22
12041.0,180
12042.0,158
12043.0,119
12044.0,78
12045.0,87
12046.0,109
12047.0,154
12048.0,230
12049.0,210
12050.0,199
12051.0,211
12052.0,201
12053.0,127
12054.0,85
12055.0,64
12056.0,15
12057.0,0
12058.0,0
12059.0,0
12060.0,0
12061.0,0
12062.0,0
12063.0,0
12064.0,93
12065.0,275
12066.0,241
12067.0,241
12068.0,242
12069.0,278
12070.0,163
12071.0,279
12072.0,310
12073.0,273
12074.0,302
12075.0,308
12076.0,242
12077.0,254
12078.0,261
12079.0,285
12080.0,282
12081.0,259
12082.0,267
12083.0,294
12084.0,307
12085.0,282
12086.0,264
12087.0,288
12088.0,290
12089.0,273
12090.0,246
12091.0,263
12092.0,262
12093.0,277
12094.0,232
12095.0,151
12096.0,140
12097.0,154
12098.0,147
12099.0,125
12100.0,154
12101.0,141
12102.0,146
12103.0,146
12104.0,174
12105.0,154
12106.0,145
12107.0,161
12108.0,419
12109.0,239
12110.0,182
12111.0,163
12112.0,128
12113.0,114
12114.0,114
12115.0,120
12116.0,56
12117.0,34
12118.0,137
12119.0,193
12120.0,227
12121.0,162
12122.0,116
12123.0,105
12124.0,117
12125.0,139
12126.0,98
12127.0,88
12128.0,76
12129.0,84
12130.0,124
12131.0,148
12132.0,206
12133.0,262
12134.0,283
12135.0,287
12136.0,314
12137.0,385
12138.0,373
12139.0,353
12140.0,317
12141.0,285
12142.0,146
12143.0,25
12144.0,227
12145.0,199
12146.0,150
12147.0,145
12148.0,148
12149.0,145
12150.0,147
12151.0,149
12152.0,149
12153.0,110
12154.0,175
12155.0,173
12156.0,163
12157.0,127
12158.0,92
12159.0,88
12160.0,127
12161.0,114
12162.0,124
12163.0,142
12164.0,136
12165.0,163
12166.0,150
12167.0,138
12168.0,124
12169.0,131
12170.0,109
12171.0,122
12172.0,145
12173.0,143
12174.0,178
12175.0,150
12176.0,127
12177.0,146
12178.0,172
12179.0,186
12180.0,149
12181.0,153
12182.0,139
12183.0,154
12184.0,176
12185.0,143
12186.0,146
12187.0,163
12188.0,174
12189.0,135
12190.0,176
12191.0,202
12192.0,150
12193.0,134
12194.0,152
12195.0,159
12196.0,159
12197.0,191
12198.0,143
12199.0,131
12200.0,134
12201.0,116
12202.0,140
12203.0,135
12204.0,123
12205.0,115
12206.0,128
12207.0,183
12208.0,159
12209.0,135
12210.0,122
12211.0,173
12212.0,207
12213.0,212
12214.0,192
12215.0,185
12216.0,129
12217.0,190
12218.0,181
12219.0,141
12220.0,141
12221.0,141
12222.0,129
12223.0,119
12224.0,129
12225.0,151
12226.0,119
12227.0,109
12228.0,180
12229.0,209
12230.0,154
12231.0,144
12232.0,146
12233.0,140
12234.0,134
12235.0,143
12236.0,163
12237.0,120
12238.0,127
12239.0,140
12240.0,110
12241.0,128
12242.0,123
12243.0,157
12244.0,198
12245.0,150
12246.0,154
12247.0,204
12248.0,191
12249.0,184
12250.0,215
12251.0,224
12252.0,210
12253.0,192
12254.0,195
12255.0,225
12256.0,257
12257.0,228
12258.0,205
12259.0,136
12260.0,62
12261.0,126
12262.0,213
12263.0,150
12264.0,132
12265.0,134
12266.0,137
12267.0,148
12268.0,116
12269.0,129
12270.0,127
12271.0,117
12272.0,108
12273.0,115
12274.0,91
12275.0,109
12276.0,115
12277.0,128
12278.0,124
12279.0,114
12280.0,113
12281.0,143
12282.0,139
12283.0,161
12284.0,164
12285.0,128
12286.0,125
12287.0,150
12288.0,150
12289.0,123
12290.0,108
12291.0,94
12292.0,81
12293.0,80
12294.0,94
12295.0,85
12296.0,84
12297.0,89
12298.0,100
12299.0,107
12300.0,113
12301.0,115
12302.0,125
12303.0,139
12304.0,185
12305.0,172
12306.0,138
12307.0,105
12308.0,81
12309.0,85
12310.0,121
12311.0,138
12312.0,146
12313.0,161
12314.0,163
12315.0,184
12316.0,191
12317.0,179
12318.0,168
12319.0,140
12320.0,158
12321.0,150
12322.0,138
12323.0,117
12324.0,113
12325.0,89
12326.0,84
12327.0,75
12328.0,92
12329.0,132
12330.0,111
12331.0,104
12332.0,96
12333.0,132
12334.0,184
12335.0,143
12336.0,179
12337.0,210
12338.0,260
12339.0,250
12340.0,199
12341.0,125
12342.0,146
12343.0,159
12344.0,167
12345.0,168
12346.0,199
12347.0,199
12348.0,190
12349.0,178
12350.0,170
12351.0,145
12352.0,126
12353.0,144
12354.0,142
12355.0,133
12356.0,126
12357.0,163
12358.0,177
12359.0,144
12360.0,139
12361.0,173
12362.0,124
12363.0,137
12364.0,133
12365.0,135
12366.0,131
12367.0,133
12368.0,125
12369.0,149
12370.0,177
12371.0,161
12372.0,137
12373.0,134
12374.0,139
12375.0,156
12376.0,158
12377.0,221
12378.0,232
12379.0,72
12380.0,22
12381.0,65
12382.0,320
12383.0,269
12384.0,270
12385.0,221
12386.0,197
12387.0,174
12388.0,184
12389.0,205
12390.0,202
12391.0,239
12392.0,239
12393.0,213
12394.0,252
12395.0,209
12396.0,217
12397.0,219
12398.0,221
12399.0,240
12400.0,229
12401.0,228
12402.0,218
12403.0,218
12404.0,223
12405.0,229
12406.0,215
12407.0,198
12408.0,198
12409.0,186
12410.0,185
12411.0,184
12412.0,183
12413.0,205
12414.0,211
12415.0,205
12416.0,198
12417.0,192
12418.0,190
12419.0,175
12420.0,152
12421.0,150
12422.0,196
12423.0,217
12424.0,209
12425.0,212
12426.0,223
12427.0,208
12428.0,206
12429.0,189
12430.0,157
12431.0,127
12432.0,112
12433.0,102
12434.0,79
12435.0,78
12436.0,75
12437.0,74
12438.0,24
12439.0,0
12440.0,0
12441.0,0
12442.0,0
12443.0,72
12444.0,53
12445.0,0
12446.0,0
12447.0,0
12448.0,0
12449.0,0
12450.0,0
12451.0,0
12452.0,0
12453.0,0
12454.0,0
12455.0,0
12456.0,0
12457.0,0
12458.0,0
12459.0,0
12460.0,0
12461.0,0
12462.0,0
12463.0,0
12464.0,0
12465.0,0
12466.0,0
12467.0,0
12468.0,0
12469.0,0
12470.0,0
12471.0,0
12472.0,0
12473.0,0
12474.0,0
12475.0,0
12476.0,0
12477.0,0
12478.0,0
12479.0,0
12480.0,0
12481.0,0
12482.0,0
12483.0,0
12484.0,0
12485.0,0
12486.0,0
12487.0,0
12488.0,0
12489.0,0
12490.0,0
12491.0,0
12492.0,0
12493.0,0
12494.0,0
12495.0,0
12496.0,0
12497.0,0
12498.0,0
12499.0,0
12500.0,0
12501.0,0
12502.0,0
12503.0,0
12504.0,0
12505.0,0
12506.0,0
12507.0,0
12508.0,0
12509.0,0
12510.0,0
12511.0,0
12512.0,0
12513.0,0
12514.0,0
12515.0,0
12516.0,0
12517.0,0
12518.0,0
12519.0,0
12520.0,0
12521.0,0
12522.0,0
12523.0,0
12524.0,88
12525.0,122
12526.0,58
12527.0,29
12528.0,0
12529.0,0
12530.0,0
12531.0,0
12532.0,0
12533.0,0
12534.0,0
12535.0,0
12536.0,0
12537.0,0
12538.0,0
12539.0,0
12540.0,0
12541.0,0
12542.0,0
12543.0,0
12544.0,0
12545.0,0
12546.0,0
12547.0,0
12548.0,0
12549.0,0
12550.0,0
12551.0,0
12552.0,0
12553.0,0
12554.0,0
12555.0,0
12556.0,0
12557.0,0
12558.0,0
12559.0,0
12560.0,0
12561.0,0
12562.0,0
12563.0,0
12564.0,0
12565.0,0
12566.0,0
12567.0,0
12568.0,0
12569.0,0
12570.0,0
12571.0,0
12572.0,0
12573.0,0
12574.0,0
12575.0,0
12576.0,0
12577.0,0
12578.0,0
12579.0,0
12580.0,0
12581.0,0
12582.0,0
12583.0,0
12584.0,0
12585.0,0
12586.0,0
12587.0,0
12588.0,0
12589.0,0
12590.0,0
12591.0,0
12592.0,0
12593.0,0
12594.0,0
12595.0,0
12596.0,0
12597.0,0
12598.0,0
12599.0,0
12600.0,0
12601.0,0
12602.0,0
12603.0,0
12604.0,0
12605.0,0
12606.0,0
12607.0,0
12608.0,0
12609.0,0
12610.0,0
12611.0,0
12612.0,0
12613.0,0
12614.0,0
12615.0,0
12616.0,0
12617.0,22
12618.0,0
12619.0,0
12620.0,0
12621.0,0
12622.0,0
12623.0,0
12624.0,0
12625.0,0
12626.0,0
12627.0,0
12628.0,0
12629.0,0
12630.0,6
12631.0,6
12632.0,33
12633.0,0
12634.0,0
12635.0,0
12636.0,0
12637.0,48
12638.0,19
12639.0,19
12640.0,9
12641.0,5
12642.0,20
12643.0,0
12644.0,0
12645.0,0
12646.0,0
12647.0,0
12648.0,0
12649.0,0
12650.0,0
12651.0,0
12652.0,0
12653.0,0
12654.0,0
12655.0,0
12656.0,0
12657.0,0
12658.0,0
12659.0,0
12660.0,0
12661.0,0
12662.0,0
12663.0,0
12664.0,0
12665.0,0
12666.0,0
12667.0,0
12668.0,0
12669.0,0
12670.0,0
12671.0,0
12672.0,0
12673.0,0
12674.0,0
12675.0,0
12676.0,0
12677.0,0
12678.0,0
12679.0,0
12680.0,0
12681.0,0
12682.0,0
12683.0,0
12684.0,0
12685.0,0
12686.0,0
12687.0,0
12688.0,0
12689.0,0
12690.0,0
12691.0,0
12692.0,0
12693.0,0
12694.0,0
12695.0,0
12696.0,0
12697.0,0
12698.0,0
12699.0,0
12700.0,0
12701.0,0
12702.0,0
12703.0,0
12704.0,0
12705.0,0
12706.0,0
12707.0,0
12708.0,0
12709.0,0
12710.0,0
12711.0,20
12712.0,90
12713.0,243
12714.0,265
12715.0,212
12716.0,219
12717.0,223
12718.0,224
12719.0,183
12720.0,220
12721.0,202
12722.0,157
12723.0,153
12724.0,155
12725.0,144
12726.0,142
12727.0,144
12728.0,142
12729.0,148
12730.0,152
12731.0,134
12732.0,101
12733.0,113
12734.0,130
12735.0,130
12736.0,146
12737.0,136
12738.0,117
12739.0,162
12740.0,139
12741.0,83
12742.0,94
12743.0,82
12744.0,63
12745.0,96
12746.0,128
12747.0,123
12748.0,143
12749.0,156
12750.0,204
12751.0,185
12752.0,158
12753.0,170
12754.0,192
12755.0,196
12756.0,164
12757.0,154
12758.0,167
12759.0,182
12760.0,139
12761.0,143
12762.0,112
12763.0,90
12764.0,57
12765.0,9
12766.0,8
12767.0,8
12768.0,8
12769.0,76
12770.0,88
12771.0,75
12772.0,82
12773.0,86
12774.0,98
12775.0,86
12776.0,78
12777.0,75
12778.0,80
12779.0,84
12780.0,100
12781.0,98
12782.0,89
12783.0,81
12784.0,73
12785.0,67
12786.0,75
12787.0,76
12788.0,78
12789.0,73
12790.0,71
12791.0,78
12792.0,89
12793.0,101
12794.0,93
12795.0,87
12796.0,95
12797.0,87
12798.0,91
12799.0,115
12800.0,145
12801.0,128
12802.0,133
12803.0,139
12804.0,124
12805.0,117
12806.0,0
12807.0,0
12808.0,0
12809.0,0
12810.0,0
12811.0,0
12812.0,0
12813.0,32
12814.0,0
12815.0,0
12816.0,0
12817.0,0
12818.0,0
12819.0,0
12820.0,0
12821.0,0
12822.0,0
12823.0,0
12824.0,0
12825.0,0
12826.0,0
12827.0,319
12828.0,362
12829.0,343
12830.0,331
12831.0,284
12832.0,12
12833.0,36
12834.0,11
12835.0,37
12836.0,278
12837.0,203
12838.0,172
12839.0,37
12840.0,8
12841.0,8
12842.0,119
12843.0,177
12844.0,177
12845.0,217
12846.0,195
12847.0,216
12848.0,201
12849.0,202
12850.0,173
12851.0,162
12852.0,201
12853.0,200
12854.0,135
12855.0,111
12856.0,101
12857.0,93
12858.0,71
12859.0,96
12860.0,128
12861.0,143
12862.0,144
12863.0,154
12864.0,205
12865.0,212
12866.0,222
12867.0,189
12868.0,183
12869.0,167
12870.0,160
12871.0,170
12872.0,150
12873.0,134
12874.0,124
12875.0,117
12876.0,102
12877.0,53
12878.0,17
12879.0,91
12880.0,176
12881.0,204
12882.0,223
12883.0,198
12884.0,178
12885.0,167
12886.0,172
12887.0,160
12888.0,176
12889.0,164
12890.0,179
12891.0,199
12892.0,192
12893.0,187
12894.0,161
12895.0,147
12896.0,157
12897.0,157
12898.0,148
12899.0,139
12900.0,135
12901.0,163
12902.0,157
12903.0,137
12904.0,143
12905.0,150
12906.0,176
12907.0,126
12908.0,149
12909.0,186
12910.0,234
12911.0,205
12912.0,181
12913.0,143
12914.0,122
12915.0,98
12916.0,68
12917.0,59
12918.0,53
12919.0,104
12920.0,117
12921.0,132
12922.0,133
12923.0,71
12924.0,56
12925.0,71
12926.0,67
12927.0,73
12928.0,74
12929.0,65
12930.0,69
12931.0,69
12932.0,70
12933.0,96
12934.0,105
12935.0,110
12936.0,123
12937.0,149
12938.0,159
12939.0,151
12940.0,135
12941.0,126
12942.0,144
12943.0,149
12944.0,162
12945.0,195
12946.0,225
12947.0,176
12948.0,190
12949.0,167
12950.0,157
12951.0,168
12952.0,119
12953.0,133
12954.0,120
12955.0,91
12956.0,115
12957.0,75
12958.0,53
12959.0,118
12960.0,153
12961.0,133
12962.0,40
12963.0,75
12964.0,86
12965.0,60
12966.0,107
12967.0,138
12968.0,100
12969.0,86
12970.0,97
12971.0,83
12972.0,63
12973.0,27
12974.0,27
12975.0,185
12976.0,165
12977.0,132
12978.0,108
12979.0,111
12980.0,108
12981.0,28
12982.0,0
12983.0,0
12984.0,0
12985.0,0
12986.0,95
12987.0,149
12988.0,152
12989.0,135
12990.0,137
12991.0,138
12992.0,116
12993.0,120
12994.0,117
12995.0,131
12996.0,184
12997.0,185
12998.0,114
12999.0,108
13000.0,0
13001.0,0
13002.0,0
13003.0,0
13004.0,0
13005.0,0
13006.0,0
13007.0,0
13008.0,0
13009.0,0
13010.0,0
13011.0,0
13012.0,0
13013.0,0
13014.0,0
13015.0,0
13016.0,0
13017.0,0
13018.0,0
13019.0,0
13020.0,0
13021.0,0
13022.0,0
13023.0,0
13024.0,0
13025.0,0
13026.0,0
13027.0,0
13028.0,0
13029.0,0
13030.0,0
13031.0,158
13032.0,290
13033.0,294
13034.0,291
13035.0,297
13036.0,320
13037.0,316
13038.0,318
13039.0,280
13040.0,254
13041.0,271
13042.0,272
13043.0,261
13044.0,272
13045.0,235
13046.0,240
13047.0,243
13048.0,241
13049.0,224
13050.0,243
13051.0,224
13052.0,241
13053.0,224
13054.0,210
13055.0,212
13056.0,192
13057.0,221
13058.0,215
13059.0,211
13060.0,207
13061.0,194
13062.0,179
13063.0,155
13064.0,159
13065.0,168
13066.0,147
13067.0,112
13068.0,149
13069.0,229
13070.0,244
13071.0,187
13072.0,171
13073.0,142
13074.0,135
13075.0,146
13076.0,167
13077.0,140
13078.0,149
13079.0,175
13080.0,148
13081.0,103
13082.0,170
13083.0,152
13084.0,125
13085.0,164
13086.0,176
13087.0,185
13088.0,201
13089.0,162
13090.0,158
13091.0,178
13092.0,217
13093.0,207
13094.0,204
13095.0,175
13096.0,51
13097.0,92
13098.0,276
13099.0,261
13100.0,230
13101.0,234
13102.0,241
13103.0,190
13104.0,205
13105.0,274
13106.0,203
13107.0,191
13108.0,159
13109.0,162
13110.0,172
13111.0,188
13112.0,150
13113.0,124
13114.0,129
13115.0,128
13116.0,88
13117.0,132
13118.0,111
13119.0,100
13120.0,39
13121.0,0
13122.0,0
13123.0,0
13124.0,0
13125.0,0
13126.0,0
13127.0,0
13128.0,0
13129.0,3
13130.0,0
13131.0,0
13132.0,0
13133.0,0
13134.0,0
13135.0,0
13136.0,31
13137.0,218
13138.0,39
13139.0,0
13140.0,0
13141.0,0
13142.0,0
13143.0,0
13144.0,0
13145.0,0
13146.0,0
13147.0,2
13148.0,17
13149.0,89
13150.0,6
13151.0,6
13152.0,8
13153.0,97
13154.0,0
13155.0,0
13156.0,0
13157.0,0
13158.0,0
13159.0,0
13160.0,0
13161.0,227
13162.0,112
13163.0,104
13164.0,116
13165.0,135
13166.0,75
13167.0,18
13168.0,56
13169.0,55
13170.0,71
13171.0,68
13172.0,82
13173.0,85
13174.0,62
13175.0,45
13176.0,31
13177.0,48
13178.0,57
13179.0,55
13180.0,62
13181.0,12
13182.0,0
13183.0,0
13184.0,0
13185.0,0
13186.0,0
13187.0,0
13188.0,0
13189.0,0
13190.0,44
13191.0,82
13192.0,20
13193.0,7
13194.0,7
13195.0,47
13196.0,112
13197.0,155
13198.0,156
13199.0,97
13200.0,68
13201.0,59
13202.0,0
13203.0,0
13204.0,0
13205.0,0
13206.0,0
13207.0,238
13208.0,145
13209.0,95
13210.0,232
13211.0,364
13212.0,411
13213.0,389
13214.0,367
13215.0,339
13216.0,297
13217.0,271
13218.0,241
13219.0,243
13220.0,238
13221.0,229
13222.0,231
13223.0,249
13224.0,247
13225.0,234
13226.0,229
13227.0,240
13228.0,222
13229.0,212
13230.0,187
13231.0,210
13232.0,241
13233.0,191
13234.0,187
13235.0,195
13236.0,188
13237.0,186
13238.0,182
13239.0,188
13240.0,190
13241.0,176
13242.0,181
13243.0,170
13244.0,156
13245.0,147
13246.0,150
13247.0,139
13248.0,127
13249.0,109
13250.0,70
13251.0,24
13252.0,24
13253.0,9
13254.0,0
13255.0,0
13256.0,0
13257.0,0
13258.0,0
13259.0,0
13260.0,0
13261.0,0
13262.0,0
13263.0,0
13264.0,0
13265.0,0
13266.0,0
13267.0,0
13268.0,0
13269.0,0
13270.0,0
13271.0,0
13272.0,0
13273.0,0
13274.0,0
13275.0,0
13276.0,0
13277.0,0
13278.0,0
13279.0,0
13280.0,0
13281.0,0
13282.0,0
13283.0,0
13284.0,0
13285.0,0
13286.0,0
13287.0,0
13288.0,0
13289.0,0
13290.0,0
13291.0,0
13292.0,0
13293.0,0
13294.0,0
13295.0,0
13296.0,0
13297.0,0
13298.0,0
13299.0,0
13300.0,0
13301.0,0
13302.0,0
13303.0,24
13304.0,253
13305.0,218
13306.0,265
13307.0,287
13308.0,185
13309.0,21
13310.0,59
13311.0,24
13312.0,37
13313.0,178
13314.0,125
13315.0,122
13316.0,136
13317.0,96
13318.0,41
13319.0,41
13320.0,42
13321.0,187
13322.0,170
13323.0,200
13324.0,190
13325.0,177
13326.0,182
13327.0,188
13328.0,198
13329.0,150
13330.0,172
13331.0,202
13332.0,186
13333.0,171
13334.0,181
13335.0,194
13336.0,184
13337.0,172
13338.0,156
13339.0,183
13340.0,174
13341.0,201
13342.0,236
13343.0,215
13344.0,193
13345.0,175
13346.0,185
13347.0,167
13348.0,155
13349.0,140
13350.0,142
13351.0,174
13352.0,183
13353.0,190
13354.0,168
13355.0,153
13356.0,143
13357.0,185
13358.0,181
13359.0,177
13360.0,195
13361.0,207
13362.0,191
13363.0,170
13364.0,157
13365.0,166
13366.0,190
13367.0,181
13368.0,168
13369.0,187
13370.0,209
13371.0,250
13372.0,207
13373.0,192
13374.0,175
13375.0,175
13376.0,173
13377.0,191
13378.0,202
13379.0,204
13380.0,199
13381.0,197
13382.0,191
13383.0,205
13384.0,204
13385.0,189
13386.0,179
13387.0,186
13388.0,194
13389.0,200
13390.0,198
13391.0,190
13392.0,200
13393.0,211
13394.0,211
13395.0,194
13396.0,168
13397.0,160
13398.0,161
13399.0,164
13400.0,166
13401.0,169
13402.0,177
13403.0,184
13404.0,193
13405.0,179
13406.0,178
13407.0,205
13408.0,206
13409.0,193
13410.0,181
13411.0,166
13412.0,169
13413.0,184
13414.0,159
13415.0,152
13416.0,154
13417.0,213
13418.0,234
13419.0,225
13420.0,234
13421.0,219
13422.0,168
13423.0,161
13424.0,172
13425.0,198
13426.0,192
13427.0,173
13428.0,158
13429.0,146
13430.0,149
13431.0,154
13432.0,154
13433.0,181
13434.0,193
13435.0,207
13436.0,193
13437.0,181
13438.0,146
13439.0,130
13440.0,138
13441.0,133
13442.0,119
13443.0,109
13444.0,130
13445.0,129
13446.0,79
13447.0,0
13448.0,0
13449.0,0
13450.0,0
13451.0,0
13452.0,0
13453.0,0
13454.0,0
13455.0,0
13456.0,0
13457.0,0
13458.0,0
13459.0,0
13460.0,0
13461.0,0
13462.0,0
13463.0,0
13464.0,0
13465.0,0
13466.0,0
13467.0,0
13468.0,0
13469.0,0
13470.0,0
13471.0,0
13472.0,0
13473.0,0
13474.0,0
13475.0,0
13476.0,0
13477.0,0
13478.0,0
13479.0,0
13480.0,0
13481.0,0
13482.0,0
13483.0,0
13484.0,0
13485.0,0
13486.0,0
13487.0,0
13488.0,0
13489.0,0
13490.0,0
13491.0,0
13492.0,0
13493.0,0
13494.0,0
13495.0,0
13496.0,0
13497.0,0
13498.0,0
13499.0,0
13500.0,0
13501.0,0
13502.0,0
13503.0,0
13504.0,0
13505.0,0
13506.0,0
13507.0,0
13508.0,0
13509.0,0
13510.0,0
13511.0,0
13512.0,0
13513.0,0
13514.0,0
13515.0,0
13516.0,0
13517.0,0
13518.0,0
13519.0,0
13520.0,0
13521.0,0
13522.0,0
13523.0,0
13524.0,0
13525.0,0
13526.0,0
13527.0,0
13528.0,0
13529.0,0
13530.0,0
13531.0,0
13532.0,0
13533.0,0
13534.0,0
13535.0,0
13536.0,0
13537.0,0
13538.0,0
13539.0,0
13540.0,0
13541.0,0
13542.0,0
13543.0,0
13544.0,0
13545.0,0
13546.0,0
13547.0,0
13548.0,0
13549.0,0
13550.0,0
13551.0,0
13552.0,0
13553.0,0
13554.0,0
13555.0,0
13556.0,0
13557.0,0
13558.0,0
13559.0,0
13560.0,0
13561.0,0
13562.0,0
13563.0,0
13564.0,0
13565.0,0
13566.0,0
13567.0,0
13568.0,0
13569.0,0
13570.0,0
13571.0,0
13572.0,0
13573.0,0
13574.0,0
13575.0,0
13576.0,0
13577.0,0
13578.0,0
13579.0,0
13580.0,0
13581.0,0
13582.0,0
13583.0,0
13584.0,0
13585.0,0
13586.0,127
13587.0,214
13588.0,136
13589.0,0
13590.0,0
13591.0,0
13592.0,14
13593.0,43
13594.0,44
13595.0,168
13596.0,131
13597.0,18
13598.0,0
13599.0,0
13600.0,0
13601.0,0
13602.0,0
13603.0,0
13604.0,0
13605.0,0
13606.0,0
13607.0,0
13608.0,0
13609.0,0
13610.0,0
13611.0,0
13612.0,0
13613.0,0
13614.0,0
13615.0,0
13616.0,0
13617.0,0
13618.0,0
13619.0,0
13620.0,0
13621.0,0
13622.0,0
13623.0,0
13624.0,0
13625.0,0
13626.0,0
13627.0,133
13628.0,230
13629.0,270
13630.0,279
13631.0,277
13632.0,287
13633.0,292
13634.0,312
13635.0,75
13636.0,2
13637.0,3
13638.0,49
13639.0,213
13640.0,48
13641.0,0
13642.0,0
13643.0,0
13644.0,0
13645.0,0
13646.0,0
13647.0,0
13648.0,0
13649.0,0
13650.0,0
13651.0,0
13652.0,0
13653.0,0
13654.0,0
13655.0,0
13656.0,0
13657.0,0
13658.0,0
13659.0,0
13660.0,0
13661.0,0
13662.0,0
13663.0,0
13664.0,47
13665.0,37
13666.0,0
13667.0,0
13668.0,0
13669.0,0
13670.0,0
13671.0,0
13672.0,92
13673.0,288
13674.0,289
13675.0,301
13676.0,329
13677.0,334
13678.0,340
13679.0,320
13680.0,105
13681.0,60
13682.0,43
13683.0,107
13684.0,200
13685.0,334
13686.0,320
13687.0,273
13688.0,239
13689.0,259
13690.0,241
13691.0,252
13692.0,235
13693.0,228
13694.0,214
13695.0,226
13696.0,208
13697.0,215
13698.0,214
13699.0,208
13700.0,201
13701.0,201
13702.0,206
13703.0,170
13704.0,179
13705.0,217
13706.0,225
13707.0,216
13708.0,189
13709.0,175
13710.0,149
13711.0,174
13712.0,177
13713.0,183
13714.0,205
13715.0,215
13716.0,222
13717.0,220
13718.0,202
13719.0,205
13720.0,190
13721.0,153
13722.0,154
13723.0,167
13724.0,176
13725.0,198
13726.0,197
13727.0,169
13728.0,193
13729.0,217
13730.0,243
13731.0,252
13732.0,259
13733.0,244
13734.0,223
13735.0,225
13736.0,219
13737.0,197
13738.0,208
13739.0,199
13740.0,217
13741.0,194
13742.0,191
13743.0,186
13744.0,186
13745.0,176
13746.0,158
13747.0,136
13748.0,151
13749.0,182
13750.0,188
13751.0,196
13752.0,196
13753.0,182
13754.0,172
13755.0,181
13756.0,177
13757.0,178
13758.0,192
13759.0,202
13760.0,197
13761.0,202
13762.0,211
13763.0,196
13764.0,195
13765.0,201
13766.0,209
13767.0,218
13768.0,204
13769.0,195
13770.0,194
13771.0,212
13772.0,206
13773.0,212
13774.0,212
13775.0,205
13776.0,201
13777.0,203
13778.0,203
13779.0,202
13780.0,200
13781.0,201
13782.0,201
13783.0,200
13784.0,192
13785.0,191
13786.0,211
13787.0,207
13788.0,163
13789.0,198
13790.0,201
13791.0,221
13792.0,218
13793.0,212
13794.0,223
13795.0,221
13796.0,196
13797.0,196
13798.0,206
13799.0,199
13800.0,193
13801.0,195
13802.0,179
13803.0,182
13804.0,200
13805.0,201
13806.0,210
13807.0,202
13808.0,203
13809.0,203
13810.0,197
13811.0,203
13812.0,214
13813.0,198
13814.0,215
13815.0,205
13816.0,176
13817.0,179
13818.0,183
13819.0,201
13820.0,216
13821.0,175
13822.0,198
13823.0,215
13824.0,221
13825.0,224
13826.0,245
13827.0,245
13828.0,239
13829.0,228
13830.0,205
13831.0,199
13832.0,188
13833.0,188
13834.0,179
13835.0,183
13836.0,191
13837.0,193
13838.0,197
13839.0,207
13840.0,206
13841.0,210
13842.0,209
13843.0,215
13844.0,218
13845.0,199
13846.0,191
13847.0,196
13848.0,202
13849.0,193
13850.0,190
13851.0,187
13852.0,189
13853.0,193
13854.0,190
13855.0,191
13856.0,195
13857.0,204
13858.0,190
13859.0,194
13860.0,207
13861.0,195
13862.0,211
13863.0,216
13864.0,201
13865.0,198
13866.0,206
13867.0,201
13868.0,195
13869.0,180
13870.0,181
13871.0,193
13872.0,220
13873.0,214
13874.0,194
13875.0,201
13876.0,192
13877.0,178
13878.0,189
13879.0,196
13880.0,205
13881.0,208
13882.0,190
13883.0,192
13884.0,223
13885.0,210
13886.0,203
13887.0,209
13888.0,214
13889.0,206
13890.0,201
13891.0,207
13892.0,209
13893.0,214
13894.0,222
13895.0,217
13896.0,204
13897.0,195
13898.0,213
13899.0,217
13900.0,212
13901.0,199
13902.0,207
13903.0,209
13904.0,192
13905.0,198
13906.0,195
13907.0,180
13908.0,167
13909.0,164
13910.0,157
13911.0,146
13912.0,154
13913.0,154
13914.0,151
13915.0,139
13916.0,143
13917.0,143
13918.0,167
13919.0,171
13920.0,187
13921.0,197
13922.0,163
13923.0,185
13924.0,189
13925.0,188
13926.0,170
13927.0,184
13928.0,195
13929.0,222
13930.0,230
13931.0,234
13932.0,223
13933.0,198
13934.0,185
13935.0,182
13936.0,200
13937.0,193
13938.0,189
13939.0,200
13940.0,197
13941.0,190
13942.0,179
13943.0,186
13944.0,197
13945.0,189
13946.0,193
13947.0,182
13948.0,184
13949.0,182
13950.0,167
13951.0,169
13952.0,174
13953.0,181
13954.0,173
13955.0,186
13956.0,174
13957.0,174
13958.0,175
13959.0,173
13960.0,174
13961.0,153
13962.0,149
13963.0,147
13964.0,168
13965.0,182
13966.0,208
13967.0,199
13968.0,199
13969.0,229
13970.0,210
13971.0,248
13972.0,198
13973.0,172
13974.0,161
13975.0,170
13976.0,160
13977.0,181
13978.0,181
13979.0,142
13980.0,199
13981.0,231
13982.0,198
13983.0,209
13984.0,213
13985.0,175
13986.0,165
13987.0,165
13988.0,173
13989.0,173
13990.0,171
13991.0,178
13992.0,173
13993.0,187
13994.0,187
13995.0,178
13996.0,183
13997.0,172
13998.0,171
13999.0,169
14000.0,158
14001.0,153
14002.0,157
14003.0,161
14004.0,144
14005.0,148
14006.0,142
14007.0,170
14008.0,172
14009.0,175
14010.0,173
14011.0,196
14012.0,188
14013.0,182
14014.0,212
14015.0,200
14016.0,184
14017.0,170
14018.0,170
14019.0,177
14020.0,186
14021.0,190
14022.0,176
14023.0,169
14024.0,170
14025.0,150
14026.0,144
14027.0,145
14028.0,157
14029.0,184
14030.0,167
14031.0,199
14032.0,190
14033.0,170
14034.0,158
14035.0,166
14036.0,151
14037.0,146
14038.0,167
14039.0,197
14040.0,161
14041.0,152
14042.0,154
14043.0,153
14044.0,163
14045.0,271
14046.0,318
14047.0,313
14048.0,220
14049.0,31
14050.0,31
14051.0,244
14052.0,226
14053.0,244
14054.0,193
14055.0,165
14056.0,146
14057.0,134
14058.0,122
14059.0,1
14060.0,35
14061.0,123
14062.0,175
14063.0,137
14064.0,157
14065.0,191
14066.0,175
14067.0,139
14068.0,161
14069.0,182
14070.0,202
14071.0,213
14072.0,193
14073.0,206
14074.0,199
14075.0,200
14076.0,378
14077.0,398
14078.0,354
14079.0,273
14080.0,217
14081.0,193
14082.0,153
14083.0,177
14084.0,228
14085.0,313
14086.0,320
14087.0,280
14088.0,283
14089.0,310
14090.0,371
14091.0,341
14092.0,215
14093.0,196
14094.0,150
14095.0,156
14096.0,221
14097.0,170
14098.0,170
14099.0,216
14100.0,158
14101.0,150
14102.0,103
14103.0,126
14104.0,137
14105.0,157
14106.0,166
14107.0,188
14108.0,179
14109.0,174
14110.0,175
14111.0,180
14112.0,251
14113.0,220
14114.0,196
14115.0,179
14116.0,191
14117.0,200
14118.0,181
14119.0,155
14120.0,125
14121.0,151
14122.0,176
14123.0,193
14124.0,156
14125.0,143
14126.0,160
14127.0,170
14128.0,183
14129.0,164
14130.0,183
14131.0,191
14132.0,201
14133.0,215
14134.0,251
14135.0,260
14136.0,240
14137.0,242
14138.0,238
14139.0,233
14140.0,213
14141.0,190
14142.0,159
14143.0,133
14144.0,130
14145.0,155
14146.0,183
14147.0,192
14148.0,181
14149.0,160
14150.0,154
14151.0,133
14152.0,122
14153.0,104
14154.0,88
14155.0,3
14156.0,3
14157.0,32
14158.0,295
14159.0,305
14160.0,48
14161.0,158
14162.0,343
14163.0,378
14164.0,295
14165.0,210
14166.0,170
14167.0,203
14168.0,202
14169.0,185
14170.0,194
14171.0,186
14172.0,185
14173.0,216
14174.0,223
14175.0,203
14176.0,139
14177.0,59
14178.0,0
14179.0,0
14180.0,0
14181.0,0
14182.0,0
14183.0,0
14184.0,0
14185.0,0
14186.0,0
14187.0,0
14188.0,195
14189.0,325
14190.0,357
14191.0,387
14192.0,396
14193.0,389
14194.0,375
14195.0,369
14196.0,50
14197.0,50
14198.0,98
14199.0,78
14200.0,205
14201.0,310
14202.0,251
14203.0,232
14204.0,189
14205.0,169
14206.0,190
14207.0,278
14208.0,375
14209.0,324
14210.0,280
14211.0,265
14212.0,275
14213.0,228
14214.0,182
14215.0,149
14216.0,138
14217.0,144
14218.0,133
14219.0,90
14220.0,69
14221.0,171
14222.0,184
14223.0,154
14224.0,149
14225.0,164
14226.0,166
14227.0,142
14228.0,125
14229.0,144
14230.0,161
14231.0,151
14232.0,174
14233.0,193
14234.0,139
14235.0,101
14236.0,127
14237.0,154
14238.0,210
14239.0,213
14240.0,212
14241.0,191
14242.0,180
14243.0,217
14244.0,196
14245.0,160
14246.0,238
14247.0,243
14248.0,211
14249.0,209
14250.0,246
14251.0,214
14252.0,134
14253.0,71
14254.0,112
14255.0,129
14256.0,128
14257.0,165
14258.0,238
14259.0,203
14260.0,186
14261.0,185
14262.0,193
14263.0,171
14264.0,146
14265.0,145
14266.0,181
14267.0,173
14268.0,177
14269.0,166
14270.0,141
14271.0,190
14272.0,207
14273.0,175
14274.0,206
14275.0,257
14276.0,288
14277.0,272
14278.0,224
14279.0,141
14280.0,143
14281.0,172
14282.0,145
14283.0,182
14284.0,178
14285.0,228
14286.0,178
14287.0,117
14288.0,108
14289.0,169
14290.0,236
14291.0,254
14292.0,205
14293.0,212
14294.0,201
14295.0,212
14296.0,188
14297.0,150
14298.0,132
14299.0,148
14300.0,113
14301.0,87
14302.0,169
14303.0,103
14304.0,287
14305.0,285
14306.0,228
14307.0,176
14308.0,160
14309.0,171
14310.0,131
14311.0,105
14312.0,115
14313.0,163
14314.0,205
14315.0,209
14316.0,200
14317.0,208
14318.0,223
14319.0,222
14320.0,211
14321.0,215
14322.0,210
14323.0,186
14324.0,179
14325.0,174
14326.0,163
14327.0,154
14328.0,160
14329.0,207
14330.0,157
14331.0,158
14332.0,190
14333.0,246
14334.0,226
14335.0,211
14336.0,255
14337.0,249
14338.0,228
14339.0,260
14340.0,274
14341.0,294
14342.0,218
14343.0,122
14344.0,89
14345.0,55
14346.0,100
14347.0,171
14348.0,199
14349.0,189
14350.0,218
14351.0,182
14352.0,181
14353.0,180
14354.0,193
14355.0,188
14356.0,193
14357.0,195
14358.0,165
14359.0,152
14360.0,133
14361.0,166
14362.0,160
14363.0,149
14364.0,135
14365.0,130
14366.0,119
14367.0,196
14368.0,252
14369.0,233
14370.0,160
14371.0,137
14372.0,120
14373.0,100
14374.0,131
14375.0,149
14376.0,157
14377.0,107
14378.0,102
14379.0,94
14380.0,15
14381.0,0
14382.0,0
14383.0,0
14384.0,0
14385.0,0
14386.0,0
14387.0,0
14388.0,0
14389.0,0
14390.0,0
14391.0,0
14392.0,0
14393.0,0
14394.0,0
14395.0,0
14396.0,30
14397.0,253
14398.0,276
14399.0,247
14400.0,24
14401.0,43
14402.0,130
14403.0,103
14404.0,81
14405.0,232
14406.0,0
14407.0,0
14408.0,0
14409.0,0
14410.0,25
14411.0,242
14412.0,138
14413.0,28
14414.0,45
14415.0,167
14416.0,135
14417.0,145
14418.0,145
14419.0,85
14420.0,71
14421.0,127
14422.0,169
14423.0,139
14424.0,152
14425.0,145
14426.0,119
14427.0,100
14428.0,106
14429.0,105
14430.0,107
14431.0,88
14432.0,76
14433.0,59
14434.0,16
14435.0,0
14436.0,0
14437.0,0
14438.0,0
14439.0,0
14440.0,0
14441.0,0
14442.0,0
14443.0,0
14444.0,0
14445.0,0
14446.0,0
14447.0,0
14448.0,0
14449.0,0
14450.0,0
14451.0,124
14452.0,167
14453.0,111
14454.0,100
14455.0,108
14456.0,122
14457.0,94
14458.0,0
14459.0,0
14460.0,0
14461.0,0
14462.0,0
14463.0,0
14464.0,0
14465.0,0
14466.0,0
14467.0,0
14468.0,0
14469.0,0
14470.0,0
14471.0,164
14472.0,252
14473.0,282
14474.0,311
14475.0,310
14476.0,313
14477.0,78
14478.0,77
14479.0,169
14480.0,233
14481.0,195
14482.0,187
14483.0,201
14484.0,202
14485.0,192
14486.0,176
14487.0,164
14488.0,161
14489.0,164
14490.0,154
14491.0,152
14492.0,136
14493.0,165
14494.0,160
14495.0,153
14496.0,152
14497.0,151
14498.0,142
14499.0,172
14500.0,140
14501.0,125
14502.0,37
14503.0,0
14504.0,0
14505.0,0
14506.0,0
14507.0,0
14508.0,0
14509.0,0
14510.0,0
14511.0,74
14512.0,14
14513.0,14
14514.0,127
14515.0,328
14516.0,152
14517.0,15
14518.0,43
14519.0,88
14520.0,256
14521.0,182
14522.0,175
14523.0,147
14524.0,164
14525.0,193
14526.0,177
14527.0,138
14528.0,148
14529.0,161
14530.0,170
14531.0,77
14532.0,0
14533.0,0
14534.0,0
14535.0,0
14536.0,72
14537.0,285
14538.0,279
14539.0,215
14540.0,143
14541.0,135
14542.0,131
14543.0,127
14544.0,117
14545.0,97
14546.0,98
14547.0,103
14548.0,110
14549.0,132
14550.0,160
14551.0,172
14552.0,172
14553.0,166
14554.0,148
14555.0,147
14556.0,127
14557.0,110
14558.0,117
14559.0,92
14560.0,54
14561.0,8
14562.0,0
14563.0,0
14564.0,191
14565.0,196
14566.0,168
14567.0,161
14568.0,201
14569.0,161
14570.0,190
14571.0,210
14572.0,178
14573.0,165
14574.0,160
14575.0,139
14576.0,123
14577.0,145
14578.0,103
14579.0,102
14580.0,135
14581.0,149
14582.0,109
14583.0,115
14584.0,133
14585.0,166
14586.0,173
14587.0,160
14588.0,139
14589.0,129
14590.0,108
14591.0,87
14592.0,93
14593.0,108
14594.0,134
14595.0,135
14596.0,120
14597.0,118
14598.0,9
14599.0,7
14600.0,118
14601.0,124
14602.0,98
14603.0,101
14604.0,113
14605.0,115
14606.0,149
14607.0,157
14608.0,104
14609.0,41
14610.0,0
14611.0,0
14612.0,0
14613.0,0
14614.0,0
14615.0,0
14616.0,0
14617.0,0
14618.0,0
14619.0,30
14620.0,308
14621.0,242
14622.0,163
14623.0,107
14624.0,14
14625.0,0
14626.0,0
14627.0,0
14628.0,0
14629.0,0
14630.0,0
14631.0,0
14632.0,0
14633.0,0
14634.0,144
14635.0,129
14636.0,211
14637.0,123
14638.0,14
14639.0,0
14640.0,0
14641.0,0
14642.0,0
14643.0,0
14644.0,0
14645.0,0
14646.0,0
14647.0,0
14648.0,224
14649.0,109
14650.0,33
14651.0,8
14652.0,0
14653.0,0
14654.0,0
14655.0,0
14656.0,1
14657.0,136
14658.0,213
14659.0,233
14660.0,206
14661.0,212
14662.0,196
14663.0,173
14664.0,127
14665.0,14
14666.0,14
14667.0,142
14668.0,193
14669.0,205
14670.0,226
14671.0,199
14672.0,227
14673.0,182
14674.0,182
14675.0,193
14676.0,162
14677.0,162
14678.0,203
14679.0,187
14680.0,174
14681.0,130
14682.0,224
14683.0,208
14684.0,194
14685.0,127
14686.0,122
14687.0,136
14688.0,147
14689.0,167
14690.0,156
14691.0,142
14692.0,160
14693.0,168
14694.0,161
14695.0,150
14696.0,140
14697.0,139
14698.0,149
14699.0,152
14700.0,179
14701.0,206
14702.0,184
14703.0,162
14704.0,129
14705.0,138
14706.0,154
14707.0,164
14708.0,190
14709.0,168
14710.0,164
14711.0,168
14712.0,153
14713.0,112
14714.0,134
14715.0,145
14716.0,97
14717.0,25
14718.0,0
14719.0,0
14720.0,0
14721.0,0
14722.0,0
14723.0,0
14724.0,129
14725.0,349
14726.0,380
14727.0,401
14728.0,378
14729.0,364
14730.0,105
14731.0,60
14732.0,157
14733.0,190
14734.0,161
14735.0,112
14736.0,107
14737.0,104
14738.0,79
14739.0,32
14740.0,0
14741.0,0
14742.0,0
14743.0,182
14744.0,205
14745.0,141
14746.0,132
14747.0,127
14748.0,137
14749.0,144
14750.0,161
14751.0,210
14752.0,243
14753.0,247
14754.0,192
14755.0,187
14756.0,184
14757.0,171
14758.0,154
14759.0,143
14760.0,172
14761.0,162
14762.0,197
14763.0,221
14764.0,173
14765.0,235
14766.0,256
14767.0,326
14768.0,296
14769.0,272
14770.0,194
14771.0,153
14772.0,150
14773.0,86
14774.0,66
14775.0,66
14776.0,27
14777.0,0
14778.0,0
14779.0,0
14780.0,0
14781.0,206
14782.0,268
14783.0,329
14784.0,295
14785.0,281
14786.0,271
14787.0,278
14788.0,205
14789.0,142
14790.0,141
14791.0,96
14792.0,43
14793.0,0
14794.0,0
14795.0,0
14796.0,0
14797.0,108
14798.0,189
14799.0,155
14800.0,136
14801.0,137
14802.0,114
14803.0,106
14804.0,57
14805.0,0
14806.0,0
14807.0,0
14808.0,0
14809.0,0
14810.0,0
14811.0,0
14812.0,0
14813.0,0
14814.0,0
14815.0,0
14816.0,0
14817.0,0
14818.0,0
14819.0,0
14820.0,0
14821.0,31
14822.0,0
14823.0,0
14824.0,0
14825.0,0
14826.0,0
14827.0,0
14828.0,0
14829.0,0
14830.0,0
14831.0,0
14832.0,0
14833.0,0
14834.0,0
14835.0,0
14836.0,55
14837.0,228
14838.0,143
14839.0,0
14840.0,0
14841.0,0
14842.0,0
14843.0,0
14844.0,0
14845.0,0
14846.0,0
14847.0,0
14848.0,0
14849.0,0
14850.0,0
14851.0,0
14852.0,0
14853.0,0
14854.0,0
14855.0,0
14856.0,0
14857.0,0
14858.0,0
14859.0,0
14860.0,88
14861.0,215
14862.0,226
14863.0,233
14864.0,242
14865.0,21
14866.0,14
14867.0,15
14868.0,130
14869.0,236
14870.0,170
14871.0,154
14872.0,159
14873.0,167
14874.0,172
14875.0,153
14876.0,174
14877.0,192
14878.0,176
14879.0,162
14880.0,154
14881.0,162
14882.0,111
14883.0,88
14884.0,90
14885.0,82
14886.0,87
14887.0,73
14888.0,63
14889.0,0
14890.0,0
14891.0,0
14892.0,0
14893.0,0
14894.0,0
14895.0,0
14896.0,0
14897.0,0
14898.0,0
14899.0,0
14900.0,0
14901.0,0
14902.0,0
14903.0,0
14904.0,156
14905.0,219
14906.0,243
14907.0,263
14908.0,266
14909.0,278
14910.0,193
14911.0,23
14912.0,34
14913.0,34
14914.0,34
14915.0,198
14916.0,157
14917.0,129
14918.0,134
14919.0,124
14920.0,55
14921.0,36
14922.0,37
14923.0,0
14924.0,0
14925.0,0
14926.0,0
14927.0,0
14928.0,0
14929.0,0
14930.0,0
14931.0,0
14932.0,0
14933.0,0
14934.0,0
14935.0,0
14936.0,0
14937.0,0
14938.0,0
14939.0,0
14940.0,0
14941.0,0
14942.0,0
14943.0,0
14944.0,0
14945.0,0
14946.0,0
14947.0,0
14948.0,0
14949.0,0
14950.0,0
14951.0,0
14952.0,0
14953.0,0
14954.0,0
14955.0,0
14956.0,0
14957.0,0
14958.0,0
14959.0,0
14960.0,0
14961.0,0
14962.0,0
14963.0,0
14964.0,0
14965.0,0
14966.0,0
14967.0,0
14968.0,0
14969.0,0
14970.0,0
14971.0,0
14972.0,0
14973.0,0
14974.0,0
14975.0,0
14976.0,0
14977.0,0
14978.0,0
14979.0,0
14980.0,0
14981.0,0
14982.0,0
14983.0,0
14984.0,205
14985.0,236
14986.0,197
14987.0,123
14988.0,0
14989.0,0
14990.0,0
14991.0,0
14992.0,0
14993.0,0
14994.0,0
14995.0,0
14996.0,0
14997.0,0
14998.0,0
14999.0,0
15000.0,0
15001.0,0
15002.0,0
15003.0,153
15004.0,351
15005.0,292
15006.0,46
15007.0,47
15008.0,285
15009.0,250
15010.0,212
15011.0,154
15012.0,93
15013.0,49
15014.0,0
15015.0,0
15016.0,0
15017.0,0
15018.0,0
15019.0,84
15020.0,165
15021.0,139
15022.0,186
15023.0,214
15024.0,181
15025.0,137
15026.0,61
15027.0,103
15028.0,124
15029.0,119
15030.0,121
15031.0,154
15032.0,213
15033.0,165
15034.0,188
15035.0,189
15036.0,200
15037.0,189
15038.0,142
15039.0,116
15040.0,98
15041.0,120
15042.0,134
15043.0,160
15044.0,160
15045.0,156
15046.0,134
15047.0,131
15048.0,159
15049.0,173
15050.0,173
15051.0,168
15052.0,187
15053.0,180
15054.0,179
15055.0,174
15056.0,162
15057.0,105
15058.0,99
15059.0,109
15060.0,109
15061.0,90
15062.0,86
15063.0,98
15064.0,126
15065.0,139
15066.0,121
15067.0,127
15068.0,133
15069.0,133
15070.0,151
15071.0,138
15072.0,125
15073.0,113
15074.0,121
15075.0,105
15076.0,117
15077.0,134
15078.0,118
15079.0,104
15080.0,116
15081.0,122
15082.0,146
15083.0,144
15084.0,102
15085.0,123
15086.0,172
15087.0,137
15088.0,149
15089.0,184
15090.0,171
15091.0,150
15092.0,185
15093.0,169
15094.0,183
15095.0,178
15096.0,183
15097.0,203
15098.0,178
15099.0,159
15100.0,148
15101.0,88
15102.0,66
15103.0,96
15104.0,77
15105.0,71
15106.0,79
15107.0,89
15108.0,118
15109.0,161
15110.0,192
15111.0,218
15112.0,273
15113.0,212
15114.0,164
15115.0,161
15116.0,193
15117.0,196
15118.0,166
15119.0,161
15120.0,165
15121.0,148
15122.0,134
15123.0,133
15124.0,141
15125.0,144
15126.0,133
15127.0,121
15128.0,134
15129.0,213
15130.0,176
15131.0,100
15132.0,77
15133.0,87
15134.0,106
15135.0,117
15136.0,161
15137.0,170
15138.0,183
15139.0,162
15140.0,153
15141.0,144
15142.0,131
15143.0,120
15144.0,130
15145.0,123
15146.0,142
15147.0,148
15148.0,146
15149.0,165
15150.0,167
15151.0,159
15152.0,139
15153.0,147
15154.0,135
15155.0,139
15156.0,152
15157.0,143
15158.0,157
15159.0,165
15160.0,176
15161.0,163
15162.0,202
15163.0,185
15164.0,163
15165.0,145
15166.0,122
15167.0,125
15168.0,140
15169.0,138
15170.0,143
15171.0,141
15172.0,139
15173.0,147
15174.0,186
15175.0,210
15176.0,169
15177.0,161
15178.0,152
15179.0,111
15180.0,97
15181.0,78
15182.0,108
15183.0,110
15184.0,139
15185.0,179
15186.0,179
15187.0,156
15188.0,144
15189.0,137
15190.0,159
15191.0,158
15192.0,181
15193.0,160
15194.0,155
15195.0,159
15196.0,152
15197.0,140
15198.0,146
15199.0,165
15200.0,183
15201.0,189
15202.0,185
15203.0,175
15204.0,145
15205.0,168
15206.0,155
15207.0,189
15208.0,194
15209.0,192
15210.0,137
15211.0,0
15212.0,0
15213.0,0
15214.0,119
15215.0,248
15216.0,229
15217.0,102
15218.0,17
15219.0,17
15220.0,19
15221.0,306
15222.0,324
15223.0,306
15224.0,304
15225.0,270
15226.0,246
15227.0,234
15228.0,206
15229.0,186
15230.0,179
15231.0,178
15232.0,173
15233.0,168
15234.0,144
15235.0,121
15236.0,137
15237.0,156
15238.0,169
15239.0,187
15240.0,207
15241.0,227
15242.0,226
15243.0,221
15244.0,150
15245.0,140
15246.0,109
15247.0,114
15248.0,113
15249.0,112
15250.0,132
15251.0,151
15252.0,149
15253.0,116
15254.0,99
15255.0,106
15256.0,127
15257.0,163
15258.0,167
15259.0,156
15260.0,178
15261.0,171
15262.0,145
15263.0,155
15264.0,197
15265.0,178
15266.0,185
15267.0,185
15268.0,162
15269.0,160
15270.0,155
15271.0,161
15272.0,180
15273.0,167
15274.0,147
15275.0,145
15276.0,142
15277.0,148
15278.0,161
15279.0,151
15280.0,142
15281.0,140
15282.0,158
15283.0,177
15284.0,148
15285.0,152
15286.0,129
15287.0,92
15288.0,114
15289.0,126
15290.0,163
15291.0,192
15292.0,172
15293.0,176
15294.0,196
15295.0,176
15296.0,159
15297.0,131
15298.0,150
15299.0,184
15300.0,191
15301.0,179
15302.0,159
15303.0,124
15304.0,123
15305.0,138
15306.0,129
15307.0,123
15308.0,159
15309.0,132
15310.0,118
15311.0,124
15312.0,142
15313.0,124
15314.0,111
15315.0,29
15316.0,0
15317.0,0
15318.0,0
15319.0,0
15320.0,240
15321.0,374
15322.0,314
15323.0,42
15324.0,5
15325.0,18
15326.0,209
15327.0,225
15328.0,209
15329.0,240
15330.0,225
15331.0,161
15332.0,114
15333.0,33
15334.0,28
15335.0,112
15336.0,123
15337.0,165
15338.0,193
15339.0,188
15340.0,193
15341.0,208
15342.0,174
15343.0,149
15344.0,143
15345.0,115
15346.0,22
15347.0,0
15348.0,0
15349.0,0
15350.0,0
15351.0,165
15352.0,327
15353.0,306
15354.0,250
15355.0,41
15356.0,0
15357.0,0
15358.0,0
15359.0,0
15360.0,96
15361.0,247
15362.0,237
15363.0,249
15364.0,251
15365.0,243
15366.0,71
15367.0,115
15368.0,170
15369.0,164
15370.0,15
15371.0,45
15372.0,164
15373.0,177
15374.0,183
15375.0,182
15376.0,151
15377.0,0
15378.0,0
15379.0,0
15380.0,0
15381.0,0
15382.0,0
15383.0,0
15384.0,0
15385.0,0
15386.0,0
15387.0,0
15388.0,96
15389.0,136
15390.0,0
15391.0,0
15392.0,0
15393.0,0
15394.0,0
15395.0,0
15396.0,0
15397.0,0
15398.0,0
15399.0,0
15400.0,0
15401.0,0
15402.0,12
15403.0,82
15404.0,142
15405.0,186
15406.0,136
15407.0,96
15408.0,59
15409.0,14
15410.0,2
15411.0,33
15412.0,147
15413.0,323
15414.0,501
15415.0,447
15416.0,263
15417.0,210
15418.0,180
15419.0,152
15420.0,136
15421.0,145
15422.0,175
15423.0,165
15424.0,131
15425.0,114
15426.0,107
15427.0,100
15428.0,106
15429.0,112
15430.0,103
15431.0,97
15432.0,109
15433.0,121
15434.0,128
15435.0,129
15436.0,142
15437.0,163
15438.0,188
15439.0,180
15440.0,153
15441.0,158
15442.0,178
15443.0,183
15444.0,182
15445.0,180
15446.0,188
15447.0,143
15448.0,119
15449.0,55
15450.0,0
15451.0,0
15452.0,0
15453.0,0
15454.0,0
15455.0,15
15456.0,9
15457.0,4
15458.0,4
15459.0,11
15460.0,171
15461.0,165
15462.0,222
15463.0,170
15464.0,117
15465.0,32
15466.0,0
15467.0,0
15468.0,0
15469.0,0
15470.0,0
15471.0,0
15472.0,0
15473.0,136
15474.0,348
15475.0,331
15476.0,103
15477.0,107
15478.0,158
15479.0,159
15480.0,101
15481.0,22
15482.0,0
15483.0,0
15484.0,0
15485.0,0
15486.0,60
15487.0,373
15488.0,346
15489.0,294
15490.0,309
15491.0,226
15492.0,268
15493.0,216
15494.0,173
15495.0,167
15496.0,181
15497.0,174
15498.0,166
15499.0,148
15500.0,161
15501.0,152
15502.0,143
15503.0,132
15504.0,149
15505.0,163
15506.0,163
15507.0,133
15508.0,134
15509.0,122
15510.0,120
15511.0,114
15512.0,95
15513.0,67
15514.0,22
15515.0,2
15516.0,3
15517.0,0
15518.0,0
15519.0,0
15520.0,0
15521.0,0
15522.0,144
15523.0,369
15524.0,389
15525.0,374
15526.0,153
15527.0,15
15528.0,200
15529.0,273
15530.0,215
15531.0,179
15532.0,172
15533.0,149
15534.0,132
15535.0,134
15536.0,126
15537.0,17
15538.0,0
15539.0,0
15540.0,0
15541.0,0
15542.0,0
15543.0,0
15544.0,0
15545.0,0
15546.0,0
15547.0,0
15548.0,0
15549.0,0
15550.0,0
15551.0,0
15552.0,0
15553.0,0
15554.0,0
15555.0,0
15556.0,0
15557.0,0
15558.0,0
15559.0,0
15560.0,0
15561.0,0
15562.0,0
15563.0,0
15564.0,0
15565.0,0
15566.0,0
15567.0,0
15568.0,0
15569.0,0
15570.0,0
15571.0,0
15572.0,0
15573.0,0
15574.0,0
15575.0,0
15576.0,0
15577.0,0
15578.0,0
15579.0,0
15580.0,0
15581.0,0
15582.0,84
15583.0,401
15584.0,265
15585.0,306
15586.0,313
15587.0,317
15588.0,285
15589.0,42
15590.0,42
15591.0,259
15592.0,234
15593.0,186
15594.0,147
15595.0,154
15596.0,23
15597.0,24
15598.0,202
15599.0,257
15600.0,170
15601.0,185
15602.0,186
15603.0,155
15604.0,140
15605.0,116
15606.0,87
15607.0,55
15608.0,0
15609.0,0
15610.0,0
15611.0,0
15612.0,0
15613.0,103
15614.0,213
15615.0,170
15616.0,145
15617.0,143
15618.0,195
15619.0,194
15620.0,232
15621.0,209
15622.0,175
15623.0,143
15624.0,115
15625.0,118
15626.0,117
15627.0,129
15628.0,110
15629.0,96
15630.0,107
15631.0,112
15632.0,108
15633.0,111
15634.0,94
15635.0,74
15636.0,62
15637.0,82
15638.0,106
15639.0,95
15640.0,103
15641.0,112
15642.0,112
15643.0,135
15644.0,131
15645.0,97
15646.0,89
15647.0,65
15648.0,6
15649.0,0
15650.0,0
15651.0,0
15652.0,0
15653.0,0
15654.0,0
15655.0,0
15656.0,0
15657.0,0
15658.0,0
15659.0,0
15660.0,0
15661.0,22
15662.0,210
15663.0,261
15664.0,263
15665.0,253
15666.0,168
15667.0,0
15668.0,0
15669.0,0
15670.0,0
15671.0,0
15672.0,0
15673.0,0
15674.0,0
15675.0,0
15676.0,0
15677.0,0
15678.0,0
15679.0,0
15680.0,0
15681.0,0
15682.0,0
15683.0,0
15684.0,0
15685.0,0
15686.0,0
15687.0,0
15688.0,0
15689.0,0
15690.0,0
15691.0,0
15692.0,0
15693.0,0
15694.0,0
15695.0,0
15696.0,0
15697.0,0
15698.0,0
15699.0,0
15700.0,0
15701.0,0
15702.0,0
15703.0,0
15704.0,0
15705.0,0
15706.0,0
15707.0,0
15708.0,144
15709.0,172
15710.0,197
15711.0,257
15712.0,253
15713.0,229
15714.0,222
15715.0,220
15716.0,49
15717.0,2
15718.0,2
15719.0,3
15720.0,114
15721.0,115
15722.0,276
15723.0,172
15724.0,14
15725.0,15
15726.0,119
15727.0,292
15728.0,306
15729.0,263
15730.0,219
15731.0,191
15732.0,183
15733.0,184
15734.0,170
15735.0,144
15736.0,142
15737.0,148
15738.0,145
15739.0,165
15740.0,188
15741.0,171
15742.0,160
15743.0,157
15744.0,136
15745.0,132
15746.0,146
15747.0,133
15748.0,118
15749.0,116
15750.0,100
15751.0,0
15752.0,0
15753.0,0
15754.0,0
15755.0,0
15756.0,0
15757.0,0
15758.0,0
15759.0,0
15760.0,0
15761.0,0
15762.0,0
15763.0,0
15764.0,0
15765.0,0
15766.0,0
15767.0,0
15768.0,0
15769.0,0
15770.0,0
