t,power
0.0,0
1.0,0
2.0,0
3.0,0
4.0,0
5.0,0
6.0,0
7.0,0
8.0,92
9.0,120
10.0,29
11.0,6
12.0,6
13.0,18
14.0,0
15.0,0
16.0,0
17.0,0
18.0,0
19.0,0
20.0,0
21.0,0
22.0,0
23.0,0
24.0,0
25.0,0
26.0,0
27.0,0
28.0,116
29.0,169
30.0,163
31.0,151
32.0,215
33.0,229
34.0,247
35.0,228
36.0,191
37.0,209
38.0,209
39.0,171
40.0,142
41.0,143
42.0,142
43.0,127
44.0,136
45.0,121
46.0,120
47.0,124
48.0,115
49.0,110
50.0,115
51.0,109
52.0,105
53.0,119
54.0,135
55.0,149
56.0,133
57.0,109
58.0,93
59.0,94
60.0,82
61.0,74
62.0,57
63.0,56
64.0,57
65.0,55
66.0,23
67.0,0
68.0,0
69.0,0
70.0,0
71.0,0
72.0,0
73.0,0
74.0,0
75.0,0
76.0,0
77.0,0
78.0,0
79.0,0
80.0,0
81.0,0
82.0,0
83.0,0
84.0,7
85.0,42
86.0,16
87.0,1
88.0,0
89.0,0
90.0,0
91.0,0
92.0,0
93.0,0
94.0,0
95.0,0
96.0,0
97.0,0
98.0,0
99.0,35
100.0,96
101.0,50
102.0,54
103.0,59
104.0,46
105.0,8
106.0,0
107.0,0
108.0,0
109.0,0
110.0,0
111.0,0
112.0,0
113.0,0
114.0,0
115.0,0
116.0,0
117.0,0
118.0,0
119.0,0
120.0,0
121.0,0
122.0,0
123.0,0
124.0,0
125.0,0
126.0,0
127.0,0
128.0,0
129.0,0
130.0,0
131.0,0
132.0,0
133.0,0
134.0,0
135.0,172
136.0,256
137.0,216
138.0,287
139.0,284
140.0,237
141.0,237
142.0,221
143.0,202
144.0,189
145.0,73
146.0,29
147.0,2
148.0,29
149.0,67
150.0,14
151.0,27
152.0,28
153.0,194
154.0,156
155.0,111
156.0,219
157.0,254
158.0,259
159.0,255
160.0,249
161.0,244
162.0,233
163.0,254
164.0,245
165.0,267
166.0,328
167.0,324
168.0,262
169.0,211
170.0,155
171.0,99
172.0,50
173.0,16
174.0,111
175.0,112
176.0,226
177.0,177
178.0,141
179.0,108
180.0,88
181.0,72
182.0,52
183.0,53
184.0,43
185.0,19
186.0,0
187.0,0
188.0,0
189.0,0
190.0,0
191.0,0
192.0,7
193.0,1
194.0,0
195.0,0
196.0,0
197.0,0
198.0,0
199.0,0
200.0,0
201.0,66
202.0,128
203.0,94
204.0,70
205.0,75
206.0,68
207.0,62
208.0,51
209.0,20
210.0,0
211.0,0
212.0,0
213.0,0
214.0,0
215.0,0
216.0,0
217.0,0
218.0,0
219.0,0
220.0,0
221.0,0
222.0,0
223.0,0
224.0,0
225.0,0
226.0,0
227.0,66
228.0,138
229.0,147
230.0,133
231.0,102
232.0,83
233.0,65
234.0,64
235.0,79
236.0,69
237.0,66
238.0,67
239.0,28
240.0,0
241.0,0
242.0,0
243.0,0
244.0,0
245.0,0
246.0,47
247.0,159
248.0,118
249.0,71
250.0,46
251.0,16
252.0,0
253.0,0
254.0,0
255.0,0
256.0,0
257.0,0
258.0,0
259.0,0
260.0,0
261.0,0
262.0,0
263.0,0
264.0,0
265.0,0
266.0,0
267.0,0
268.0,0
269.0,0
270.0,0
271.0,0
272.0,0
273.0,0
274.0,0
275.0,70
276.0,319
277.0,333
278.0,370
279.0,390
280.0,407
281.0,341
282.0,278
283.0,229
284.0,201
285.0,197
286.0,217
287.0,195
288.0,166
289.0,168
290.0,167
291.0,167
292.0,157
293.0,164
294.0,186
295.0,186
296.0,195
297.0,194
298.0,156
299.0,140
300.0,158
301.0,154
302.0,164
303.0,170
304.0,154
305.0,139
306.0,104
307.0,97
308.0,100
309.0,84
310.0,87
311.0,28
312.0,0
313.0,0
314.0,0
315.0,70
316.0,165
317.0,132
318.0,107
319.0,108
320.0,101
321.0,116
322.0,120
323.0,64
324.0,13
325.0,51
326.0,242
327.0,275
328.0,280
329.0,247
330.0,213
331.0,194
332.0,190
333.0,123
334.0,85
335.0,80
336.0,81
337.0,77
338.0,84
339.0,94
340.0,53
341.0,48
342.0,103
343.0,54
344.0,84
345.0,113
346.0,108
347.0,88
348.0,84
349.0,81
350.0,70
351.0,12
352.0,12
353.0,13
354.0,111
355.0,79
356.0,47
357.0,31
358.0,9
359.0,5
360.0,0
361.0,0
362.0,0
363.0,0
364.0,0
365.0,0
366.0,0
367.0,0
368.0,0
369.0,0
370.0,0
371.0,0
372.0,0
373.0,0
374.0,0
375.0,0
376.0,0
377.0,0
378.0,0
379.0,0
380.0,0
381.0,0
382.0,0
383.0,0
384.0,0
385.0,0
386.0,0
387.0,0
388.0,0
389.0,0
390.0,0
391.0,0
392.0,0
393.0,0
394.0,239
395.0,320
396.0,343
397.0,355
398.0,383
399.0,392
400.0,389
401.0,368
402.0,292
403.0,216
404.0,192
405.0,93
406.0,71
407.0,91
408.0,161
409.0,133
410.0,167
411.0,201
412.0,194
413.0,264
414.0,274
415.0,251
416.0,238
417.0,239
418.0,224
419.0,226
420.0,235
421.0,285
422.0,272
423.0,247
424.0,207
425.0,199
426.0,202
427.0,191
428.0,202
429.0,178
430.0,247
431.0,239
432.0,231
433.0,208
434.0,183
435.0,126
436.0,29
437.0,4
438.0,13
439.0,5
440.0,42
441.0,78
442.0,146
443.0,177
444.0,186
445.0,240
446.0,299
447.0,307
448.0,312
449.0,358
450.0,360
451.0,350
452.0,323
453.0,320
454.0,287
455.0,327
456.0,373
457.0,272
458.0,252
459.0,265
460.0,264
461.0,267
462.0,251
463.0,244
464.0,239
465.0,176
466.0,75
467.0,75
468.0,242
469.0,303
470.0,232
471.0,200
472.0,176
473.0,158
474.0,149
475.0,161
476.0,121
477.0,159
478.0,157
479.0,141
480.0,127
481.0,130
482.0,136
483.0,142
484.0,126
485.0,150
486.0,156
487.0,139
488.0,71
489.0,7
490.0,0
491.0,0
492.0,0
493.0,0
494.0,0
495.0,0
496.0,0
497.0,9
498.0,67
499.0,32
500.0,35
501.0,40
502.0,11
503.0,25
504.0,140
505.0,183
506.0,171
507.0,154
508.0,160
509.0,168
510.0,160
511.0,154
512.0,138
513.0,113
514.0,82
515.0,73
516.0,70
517.0,8
518.0,0
519.0,0
520.0,0
521.0,0
522.0,0
523.0,0
524.0,0
525.0,0
526.0,0
527.0,0
528.0,0
529.0,0
530.0,0
531.0,0
532.0,0
533.0,0
534.0,143
535.0,162
536.0,134
537.0,121
538.0,106
539.0,99
540.0,36
541.0,74
542.0,78
543.0,84
544.0,45
545.0,64
546.0,64
547.0,55
548.0,57
549.0,47
550.0,0
551.0,0
552.0,0
553.0,0
554.0,0
555.0,0
556.0,0
557.0,0
558.0,0
559.0,0
560.0,0
561.0,9
562.0,16
563.0,0
564.0,0
565.0,0
566.0,0
567.0,0
568.0,0
569.0,0
570.0,0
571.0,0
572.0,0
573.0,0
574.0,0
575.0,0
576.0,0
577.0,0
578.0,0
579.0,0
580.0,0
581.0,0
582.0,0
583.0,0
584.0,0
585.0,0
586.0,0
587.0,0
588.0,0
589.0,0
590.0,0
591.0,0
592.0,0
593.0,0
594.0,0
595.0,0
596.0,0
597.0,0
598.0,0
599.0,0
600.0,0
601.0,0
602.0,0
603.0,0
604.0,0
605.0,0
606.0,180
607.0,249
608.0,267
609.0,263
610.0,232
611.0,184
612.0,172
613.0,111
614.0,85
615.0,148
616.0,140
617.0,104
618.0,72
619.0,78
620.0,88
621.0,88
622.0,94
623.0,85
624.0,89
625.0,95
626.0,87
627.0,71
628.0,63
629.0,13
630.0,12
631.0,4
632.0,5
633.0,0
634.0,0
635.0,0
636.0,0
637.0,0
638.0,0
639.0,0
640.0,0
641.0,0
642.0,0
643.0,0
644.0,0
645.0,0
646.0,0
647.0,0
648.0,0
649.0,0
650.0,0
651.0,71
652.0,68
653.0,53
654.0,0
655.0,0
656.0,0
657.0,0
658.0,0
659.0,0
660.0,0
661.0,0
662.0,0
663.0,0
664.0,0
665.0,0
666.0,0
667.0,0
668.0,94
669.0,194
670.0,192
671.0,197
672.0,66
673.0,0
674.0,0
675.0,0
676.0,0
677.0,0
678.0,0
679.0,0
680.0,0
681.0,0
682.0,0
683.0,0
684.0,0
685.0,0
686.0,0
687.0,0
688.0,0
689.0,0
690.0,0
691.0,0
692.0,0
693.0,0
694.0,0
695.0,0
696.0,0
697.0,0
698.0,266
699.0,284
700.0,196
701.0,135
702.0,89
703.0,68
704.0,0
705.0,0
706.0,0
707.0,0
708.0,0
709.0,0
710.0,0
711.0,0
712.0,0
713.0,0
714.0,0
715.0,0
716.0,0
717.0,0
718.0,18
719.0,265
720.0,283
721.0,258
722.0,197
723.0,174
724.0,90
725.0,61
726.0,13
727.0,0
728.0,0
729.0,0
730.0,0
731.0,44
732.0,147
733.0,118
734.0,90
735.0,128
736.0,119
737.0,172
738.0,232
739.0,274
740.0,275
741.0,316
742.0,289
743.0,332
744.0,321
745.0,322
746.0,257
747.0,203
748.0,181
749.0,175
750.0,106
751.0,88
752.0,86
753.0,87
754.0,81
755.0,74
756.0,97
757.0,88
758.0,99
759.0,130
760.0,131
761.0,113
762.0,93
763.0,98
764.0,88
765.0,85
766.0,75
767.0,53
768.0,60
769.0,60
770.0,57
771.0,53
772.0,64
773.0,73
774.0,78
775.0,73
776.0,77
777.0,75
778.0,72
779.0,74
780.0,76
781.0,90
782.0,95
783.0,103
784.0,109
785.0,90
786.0,95
787.0,105
788.0,88
789.0,78
790.0,76
791.0,90
792.0,94
793.0,103
794.0,116
795.0,118
796.0,150
797.0,164
798.0,139
799.0,139
800.0,109
801.0,104
802.0,106
803.0,86
804.0,60
805.0,54
806.0,66
807.0,72
808.0,82
809.0,57
810.0,58
811.0,61
812.0,48
813.0,37
814.0,33
815.0,6
816.0,0
817.0,0
818.0,0
819.0,0
820.0,0
821.0,0
822.0,0
823.0,0
824.0,0
825.0,0
826.0,0
827.0,0
828.0,0
829.0,48
830.0,257
831.0,410
832.0,438
833.0,440
834.0,441
835.0,333
836.0,225
837.0,155
838.0,165
839.0,163
840.0,148
841.0,135
842.0,138
843.0,118
844.0,128
845.0,139
846.0,144
847.0,114
848.0,114
849.0,108
850.0,105
851.0,75
852.0,86
853.0,113
854.0,135
855.0,153
856.0,175
857.0,199
858.0,352
859.0,247
860.0,242
861.0,237
862.0,196
863.0,196
864.0,162
865.0,159
866.0,153
867.0,129
868.0,117
869.0,138
870.0,147
871.0,166
872.0,197
873.0,202
874.0,146
875.0,132
876.0,125
877.0,118
878.0,117
879.0,112
880.0,94
881.0,83
882.0,83
883.0,64
884.0,62
885.0,66
886.0,78
887.0,65
888.0,75
889.0,67
890.0,67
891.0,61
892.0,60
893.0,80
894.0,90
895.0,114
896.0,127
897.0,147
898.0,170
899.0,198
900.0,178
901.0,158
902.0,166
903.0,147
904.0,161
905.0,134
906.0,38
907.0,7
908.0,9
909.0,0
910.0,0
911.0,0
912.0,0
913.0,0
914.0,0
915.0,0
916.0,0
917.0,0
918.0,0
919.0,0
920.0,0
921.0,0
922.0,0
923.0,0
924.0,0
925.0,0
926.0,0
927.0,0
928.0,0
929.0,0
930.0,0
931.0,0
932.0,0
933.0,0
934.0,0
935.0,0
936.0,0
937.0,0
938.0,0
939.0,0
940.0,0
941.0,0
942.0,0
943.0,0
944.0,0
945.0,0
946.0,0
947.0,0
948.0,0
949.0,0
950.0,0
951.0,0
952.0,0
953.0,0
954.0,0
955.0,0
956.0,0
957.0,0
958.0,0
959.0,0
960.0,0
961.0,0
962.0,0
963.0,0
964.0,0
965.0,0
966.0,0
967.0,0
968.0,0
969.0,0
970.0,0
971.0,0
972.0,0
973.0,0
974.0,0
975.0,0
976.0,0
977.0,0
978.0,0
979.0,0
980.0,0
981.0,0
982.0,0
983.0,0
984.0,0
985.0,0
986.0,0
987.0,0
988.0,0
989.0,0
990.0,0
991.0,0
992.0,0
993.0,0
994.0,0
995.0,0
996.0,0
997.0,0
998.0,0
999.0,0
1000.0,0
1001.0,0
1002.0,0
1003.0,0
1004.0,0
1005.0,0
1006.0,0
1007.0,0
1008.0,0
1009.0,0
1010.0,0
1011.0,0
1012.0,0
1013.0,0
1014.0,0
1015.0,0
1016.0,0
1017.0,0
1018.0,0
1019.0,0
1020.0,0
1021.0,0
1022.0,0
1023.0,0
1024.0,0
1025.0,0
1026.0,0
1027.0,0
1028.0,0
1029.0,0
1030.0,0
1031.0,0
1032.0,0
1033.0,0
1034.0,0
1035.0,0
1036.0,0
1037.0,0
1038.0,0
1039.0,0
1040.0,0
1041.0,0
1042.0,0
1043.0,0
1044.0,0
1045.0,0
1046.0,0
1047.0,0
1048.0,0
1049.0,0
1050.0,0
1051.0,0
1052.0,0
1053.0,0
1054.0,0
1055.0,0
1056.0,0
1057.0,0
1058.0,0
1059.0,0
1060.0,0
1061.0,0
1062.0,0
1063.0,0
1064.0,0
1065.0,0
1066.0,0
1067.0,0
1068.0,0
1069.0,0
1070.0,0
1071.0,0
1072.0,0
1073.0,0
1074.0,0
1075.0,0
1076.0,0
1077.0,0
1078.0,0
1079.0,0
1080.0,0
1081.0,0
1082.0,0
1083.0,0
1084.0,0
1085.0,0
1086.0,0
1087.0,0
1088.0,0
1089.0,0
1090.0,0
1091.0,0
1092.0,0
1093.0,0
1094.0,0
1095.0,0
1096.0,0
1097.0,0
1098.0,0
1099.0,0
1100.0,0
1101.0,0
1102.0,0
1103.0,0
1104.0,0
1105.0,0
1106.0,0
1107.0,0
1108.0,0
1109.0,0
1110.0,0
1111.0,0
1112.0,0
1113.0,10
1114.0,8
1115.0,8
1116.0,8
1117.0,0
1118.0,0
1119.0,0
1120.0,0
1121.0,0
1122.0,77
1123.0,75
1124.0,13
1125.0,0
1126.0,0
1127.0,0
1128.0,0
1129.0,0
1130.0,0
1131.0,0
1132.0,0
1133.0,0
1134.0,0
1135.0,0
1136.0,0
1137.0,0
1138.0,0
1139.0,13
1140.0,165
1141.0,145
1142.0,43
1143.0,3
1144.0,6
1145.0,15
1146.0,118
1147.0,307
1148.0,400
1149.0,376
1150.0,199
1151.0,61
1152.0,136
1153.0,105
1154.0,114
1155.0,200
1156.0,213
1157.0,178
1158.0,95
1159.0,97
1160.0,112
1161.0,123
1162.0,119
1163.0,110
1164.0,117
1165.0,149
1166.0,132
1167.0,115
1168.0,113
1169.0,87
1170.0,28
1171.0,5
1172.0,4
1173.0,43
1174.0,160
1175.0,195
1176.0,186
1177.0,190
1178.0,154
1179.0,108
1180.0,115
1181.0,146
1182.0,126
1183.0,121
1184.0,100
1185.0,66
1186.0,63
1187.0,66
1188.0,80
1189.0,99
1190.0,146
1191.0,213
1192.0,234
1193.0,250
1194.0,269
1195.0,218
1196.0,164
1197.0,172
1198.0,174
1199.0,148
1200.0,151
1201.0,178
1202.0,195
1203.0,320
1204.0,389
1205.0,278
1206.0,164
1207.0,88
1208.0,216
1209.0,222
1210.0,188
1211.0,245
1212.0,330
1213.0,334
1214.0,204
1215.0,149
1216.0,137
1217.0,122
1218.0,134
1219.0,116
1220.0,6
1221.0,29
1222.0,167
1223.0,339
1224.0,387
1225.0,182
1226.0,161
1227.0,122
1228.0,79
1229.0,158
1230.0,200
1231.0,232
1232.0,255
1233.0,210
1234.0,209
1235.0,123
1236.0,82
1237.0,109
1238.0,21
1239.0,17
1240.0,18
1241.0,151
1242.0,159
1243.0,165
1244.0,209
1245.0,186
1246.0,150
1247.0,123
1248.0,82
1249.0,85
1250.0,114
1251.0,146
1252.0,172
1253.0,174
1254.0,217
1255.0,225
1256.0,225
1257.0,235
1258.0,222
1259.0,166
1260.0,184
1261.0,142
1262.0,51
1263.0,33
1264.0,5
1265.0,2
1266.0,3
1267.0,56
1268.0,132
1269.0,94
1270.0,93
1271.0,182
1272.0,198
1273.0,157
1274.0,135
1275.0,156
1276.0,151
1277.0,185
1278.0,142
1279.0,112
1280.0,138
1281.0,129
1282.0,163
1283.0,178
1284.0,230
1285.0,219
1286.0,203
1287.0,203
1288.0,186
1289.0,155
1290.0,160
1291.0,167
1292.0,184
1293.0,207
1294.0,162
1295.0,148
1296.0,239
1297.0,417
1298.0,341
1299.0,206
1300.0,82
1301.0,101
1302.0,153
1303.0,155
1304.0,118
1305.0,98
1306.0,84
1307.0,40
1308.0,2
1309.0,2
1310.0,9
1311.0,119
1312.0,230
1313.0,271
1314.0,244
1315.0,212
1316.0,194
1317.0,154
1318.0,169
1319.0,179
1320.0,174
1321.0,149
1322.0,135
1323.0,143
1324.0,156
1325.0,154
1326.0,126
1327.0,113
1328.0,122
1329.0,88
1330.0,96
1331.0,109
1332.0,113
1333.0,154
1334.0,150
1335.0,139
1336.0,121
1337.0,99
1338.0,98
1339.0,82
1340.0,46
1341.0,12
1342.0,62
1343.0,91
1344.0,119
1345.0,161
1346.0,166
1347.0,153
1348.0,169
1349.0,197
1350.0,184
1351.0,190
1352.0,218
1353.0,245
1354.0,272
1355.0,263
1356.0,285
1357.0,247
1358.0,189
1359.0,162
1360.0,87
1361.0,20
1362.0,0
1363.0,0
1364.0,0
1365.0,0
1366.0,0
1367.0,0
1368.0,0
1369.0,0
1370.0,0
1371.0,0
1372.0,0
1373.0,39
1374.0,42
1375.0,8
1376.0,8
1377.0,84
1378.0,286
1379.0,336
1380.0,320
1381.0,292
1382.0,295
1383.0,334
1384.0,329
1385.0,291
1386.0,94
1387.0,0
1388.0,0
1389.0,0
1390.0,0
1391.0,0
1392.0,0
1393.0,0
1394.0,0
1395.0,0
1396.0,0
1397.0,0
1398.0,0
1399.0,35
1400.0,165
1401.0,62
1402.0,0
1403.0,0
1404.0,0
1405.0,0
1406.0,2
1407.0,132
1408.0,146
1409.0,165
1410.0,188
1411.0,164
1412.0,117
1413.0,155
1414.0,124
1415.0,155
1416.0,203
1417.0,174
1418.0,133
1419.0,100
1420.0,61
1421.0,6
1422.0,0
1423.0,0
1424.0,0
1425.0,152
1426.0,264
1427.0,241
1428.0,308
1429.0,407
1430.0,451
1431.0,323
1432.0,233
1433.0,166
1434.0,17
1435.0,16
1436.0,212
1437.0,258
1438.0,208
1439.0,222
1440.0,215
1441.0,244
1442.0,296
1443.0,327
1444.0,342
1445.0,280
1446.0,229
1447.0,228
1448.0,222
1449.0,214
1450.0,195
1451.0,174
1452.0,184
1453.0,179
1454.0,171
1455.0,162
1456.0,132
1457.0,133
1458.0,100
1459.0,102
1460.0,125
1461.0,136
1462.0,200
1463.0,204
1464.0,221
1465.0,225
1466.0,191
1467.0,224
1468.0,293
1469.0,203
1470.0,198
1471.0,238
1472.0,267
1473.0,295
1474.0,261
1475.0,213
1476.0,207
1477.0,245
1478.0,268
1479.0,252
1480.0,245
1481.0,119
1482.0,245
1483.0,225
1484.0,173
1485.0,189
1486.0,186
1487.0,107
1488.0,134
1489.0,155
1490.0,146
1491.0,171
1492.0,183
1493.0,157
1494.0,153
1495.0,166
1496.0,143
1497.0,112
1498.0,75
1499.0,72
1500.0,88
1501.0,105
1502.0,103
1503.0,117
1504.0,117
1505.0,101
1506.0,88
1507.0,99
1508.0,100
1509.0,94
1510.0,100
1511.0,89
1512.0,91
1513.0,76
1514.0,71
1515.0,55
1516.0,20
1517.0,33
1518.0,3
1519.0,0
1520.0,0
1521.0,0
1522.0,0
1523.0,0
1524.0,0
1525.0,0
1526.0,0
1527.0,0
1528.0,0
1529.0,0
1530.0,0
1531.0,0
1532.0,0
1533.0,0
1534.0,0
1535.0,0
1536.0,0
1537.0,0
1538.0,0
1539.0,0
1540.0,0
1541.0,134
1542.0,74
1543.0,39
1544.0,0
1545.0,0
1546.0,0
1547.0,0
1548.0,0
1549.0,0
1550.0,0
1551.0,0
1552.0,0
1553.0,0
1554.0,0
1555.0,0
1556.0,0
1557.0,5
1558.0,11
1559.0,129
1560.0,164
1561.0,198
1562.0,137
1563.0,41
1564.0,0
1565.0,0
1566.0,0
1567.0,0
1568.0,0
1569.0,0
1570.0,0
1571.0,0
1572.0,37
1573.0,98
1574.0,85
1575.0,63
1576.0,35
1577.0,11
1578.0,0
1579.0,0
1580.0,0
1581.0,0
1582.0,0
1583.0,0
1584.0,0
1585.0,0
1586.0,0
1587.0,284
1588.0,392
1589.0,371
1590.0,304
1591.0,273
1592.0,210
1593.0,201
1594.0,192
1595.0,220
1596.0,178
1597.0,179
1598.0,158
1599.0,151
1600.0,157
1601.0,164
1602.0,167
1603.0,178
1604.0,122
1605.0,97
1606.0,118
1607.0,181
1608.0,177
1609.0,116
1610.0,27
1611.0,11
1612.0,32
1613.0,48
1614.0,74
1615.0,94
1616.0,122
1617.0,243
1618.0,344
1619.0,208
1620.0,69
1621.0,9
1622.0,0
1623.0,0
1624.0,0
1625.0,0
1626.0,0
1627.0,0
1628.0,0
1629.0,0
1630.0,0
1631.0,0
1632.0,0
1633.0,0
1634.0,22
1635.0,221
1636.0,277
1637.0,288
1638.0,360
1639.0,434
1640.0,535
1641.0,491
1642.0,507
1643.0,484
1644.0,472
1645.0,387
1646.0,258
1647.0,237
1648.0,256
1649.0,265
1650.0,313
1651.0,266
1652.0,273
1653.0,229
1654.0,208
1655.0,183
1656.0,180
1657.0,125
1658.0,17
1659.0,67
1660.0,64
1661.0,8
1662.0,0
1663.0,0
1664.0,0
1665.0,0
1666.0,0
1667.0,0
1668.0,268
1669.0,236
1670.0,199
1671.0,234
1672.0,250
1673.0,114
1674.0,90
1675.0,152
1676.0,201
1677.0,194
1678.0,185
1679.0,165
1680.0,180
1681.0,217
1682.0,227
1683.0,221
1684.0,188
1685.0,187
1686.0,224
1687.0,190
1688.0,167
1689.0,159
1690.0,139
1691.0,137
1692.0,142
1693.0,150
1694.0,185
1695.0,326
1696.0,208
1697.0,226
1698.0,165
1699.0,124
1700.0,93
1701.0,84
1702.0,112
1703.0,65
1704.0,72
1705.0,108
1706.0,107
1707.0,74
1708.0,98
1709.0,126
1710.0,134
1711.0,153
1712.0,163
1713.0,110
1714.0,93
1715.0,126
1716.0,158
1717.0,179
1718.0,199
1719.0,197
1720.0,144
1721.0,124
1722.0,124
1723.0,112
1724.0,146
1725.0,138
1726.0,86
1727.0,118
1728.0,65
1729.0,138
1730.0,123
1731.0,169
1732.0,171
1733.0,170
1734.0,62
1735.0,29
1736.0,40
1737.0,28
1738.0,41
1739.0,78
1740.0,80
1741.0,60
1742.0,49
1743.0,81
1744.0,119
1745.0,145
1746.0,137
1747.0,104
1748.0,110
1749.0,88
1750.0,72
1751.0,71
1752.0,75
1753.0,78
1754.0,81
1755.0,81
1756.0,84
1757.0,90
1758.0,81
1759.0,109
1760.0,113
1761.0,114
1762.0,108
1763.0,136
1764.0,99
1765.0,59
1766.0,83
1767.0,83
1768.0,101
1769.0,90
1770.0,103
1771.0,89
1772.0,98
1773.0,126
1774.0,169
1775.0,191
1776.0,203
1777.0,213
1778.0,234
1779.0,209
1780.0,185
1781.0,153
1782.0,161
1783.0,125
1784.0,116
1785.0,139
1786.0,148
1787.0,187
1788.0,208
1789.0,185
1790.0,97
1791.0,89
1792.0,126
1793.0,164
1794.0,114
1795.0,151
1796.0,167
1797.0,150
1798.0,157
1799.0,164
1800.0,167
1801.0,178
1802.0,183
1803.0,151
1804.0,147
1805.0,126
1806.0,124
1807.0,123
1808.0,139
1809.0,155
1810.0,149
1811.0,148
1812.0,55
1813.0,93
1814.0,172
1815.0,76
1816.0,66
1817.0,96
1818.0,110
1819.0,132
1820.0,118
1821.0,108
1822.0,142
1823.0,147
1824.0,154
1825.0,137
1826.0,129
1827.0,91
1828.0,50
1829.0,23
1830.0,24
1831.0,5
1832.0,14
1833.0,85
1834.0,165
1835.0,129
1836.0,32
1837.0,0
1838.0,0
1839.0,0
1840.0,0
1841.0,0
1842.0,0
1843.0,226
1844.0,352
1845.0,356
1846.0,241
1847.0,171
1848.0,178
1849.0,128
1850.0,130
1851.0,142
1852.0,166
1853.0,161
1854.0,153
1855.0,181
1856.0,231
1857.0,258
1858.0,239
1859.0,136
1860.0,82
1861.0,103
1862.0,112
1863.0,113
1864.0,119
1865.0,147
1866.0,167
1867.0,143
1868.0,121
1869.0,93
1870.0,90
1871.0,119
1872.0,128
1873.0,110
1874.0,92
1875.0,100
1876.0,129
1877.0,152
1878.0,129
1879.0,78
1880.0,92
1881.0,119
1882.0,123
1883.0,105
1884.0,117
1885.0,110
1886.0,99
1887.0,95
1888.0,73
1889.0,82
1890.0,93
1891.0,84
1892.0,82
1893.0,78
1894.0,94
1895.0,102
1896.0,133
1897.0,132
1898.0,131
1899.0,141
1900.0,129
1901.0,123
1902.0,108
1903.0,98
1904.0,94
1905.0,113
1906.0,139
1907.0,121
1908.0,121
1909.0,138
1910.0,86
1911.0,73
1912.0,82
1913.0,75
1914.0,45
1915.0,41
1916.0,41
1917.0,0
1918.0,0
1919.0,0
1920.0,0
1921.0,0
1922.0,120
1923.0,122
1924.0,25
1925.0,0
1926.0,0
1927.0,0
1928.0,0
1929.0,233
1930.0,907
1931.0,966
1932.0,920
1933.0,667
1934.0,265
1935.0,259
1936.0,240
1937.0,198
1938.0,150
1939.0,104
1940.0,118
1941.0,133
1942.0,130
1943.0,122
1944.0,117
1945.0,142
1946.0,146
1947.0,134
1948.0,150
1949.0,145
1950.0,87
1951.0,29
1952.0,0
1953.0,0
1954.0,0
1955.0,0
1956.0,0
1957.0,0
1958.0,0
1959.0,0
1960.0,106
1961.0,261
1962.0,236
1963.0,229
1964.0,177
1965.0,158
1966.0,161
1967.0,161
1968.0,183
1969.0,180
1970.0,154
1971.0,141
1972.0,163
1973.0,190
1974.0,185
1975.0,170
1976.0,169
1977.0,170
1978.0,176
1979.0,167
1980.0,173
1981.0,147
1982.0,148
1983.0,144
1984.0,178
1985.0,200
1986.0,196
1987.0,201
1988.0,232
1989.0,249
1990.0,255
1991.0,265
1992.0,281
1993.0,257
1994.0,205
1995.0,180
1996.0,178
1997.0,185
1998.0,165
1999.0,114
2000.0,108
2001.0,121
2002.0,123
2003.0,152
2004.0,157
2005.0,141
2006.0,142
2007.0,144
2008.0,133
2009.0,145
2010.0,136
2011.0,127
2012.0,117
2013.0,132
2014.0,144
2015.0,143
2016.0,143
2017.0,133
2018.0,120
2019.0,124
2020.0,112
2021.0,121
2022.0,129
2023.0,119
2024.0,142
2025.0,160
2026.0,161
2027.0,145
2028.0,140
2029.0,152
2030.0,177
2031.0,199
2032.0,186
2033.0,195
2034.0,169
2035.0,164
2036.0,187
2037.0,191
2038.0,179
2039.0,174
2040.0,171
2041.0,180
2042.0,210
2043.0,176
2044.0,176
2045.0,177
2046.0,189
2047.0,180
2048.0,174
2049.0,188
2050.0,184
2051.0,183
2052.0,175
2053.0,174
2054.0,176
2055.0,188
2056.0,182
2057.0,189
2058.0,182
2059.0,181
2060.0,181
2061.0,187
2062.0,163
2063.0,163
2064.0,171
2065.0,183
2066.0,188
2067.0,177
2068.0,167
2069.0,161
2070.0,152
2071.0,169
2072.0,176
2073.0,166
2074.0,154
2075.0,151
2076.0,139
2077.0,163
2078.0,159
2079.0,157
2080.0,170
2081.0,166
2082.0,161
2083.0,157
2084.0,154
2085.0,169
2086.0,162
2087.0,165
2088.0,171
2089.0,190
2090.0,191
2091.0,215
2092.0,211
2093.0,203
2094.0,207
2095.0,216
2096.0,237
2097.0,265
2098.0,239
2099.0,178
2100.0,182
2101.0,188
2102.0,175
2103.0,178
2104.0,182
2105.0,183
2106.0,171
2107.0,161
2108.0,144
2109.0,149
2110.0,172
2111.0,170
2112.0,172
2113.0,194
2114.0,181
2115.0,182
2116.0,228
2117.0,262
2118.0,227
2119.0,190
2120.0,204
2121.0,135
2122.0,136
2123.0,178
2124.0,174
2125.0,131
2126.0,170
2127.0,238
2128.0,264
2129.0,256
2130.0,220
2131.0,153
2132.0,126
2133.0,184
2134.0,187
2135.0,218
2136.0,202
2137.0,180
2138.0,159
2139.0,170
2140.0,168
2141.0,177
2142.0,189
2143.0,178
2144.0,189
2145.0,192
2146.0,191
2147.0,183
2148.0,194
2149.0,176
2150.0,153
2151.0,155
2152.0,196
2153.0,180
2154.0,150
2155.0,141
2156.0,161
2157.0,152
2158.0,146
2159.0,165
2160.0,170
2161.0,157
2162.0,157
2163.0,154
2164.0,139
2165.0,129
2166.0,145
2167.0,156
2168.0,167
2169.0,158
2170.0,177
2171.0,205
2172.0,206
2173.0,202
2174.0,190
2175.0,166
2176.0,155
2177.0,124
2178.0,117
2179.0,140
2180.0,149
2181.0,164
2182.0,164
2183.0,163
2184.0,161
2185.0,169
2186.0,212
2187.0,226
2188.0,225
2189.0,238
2190.0,227
2191.0,219
2192.0,216
2193.0,208
2194.0,221
2195.0,238
2196.0,236
2197.0,224
2198.0,173
2199.0,176
2200.0,184
2201.0,184
2202.0,195
2203.0,190
2204.0,185
2205.0,194
2206.0,189
2207.0,172
2208.0,161
2209.0,147
2210.0,119
2211.0,31
2212.0,0
2213.0,0
2214.0,0
2215.0,0
2216.0,0
2217.0,0
2218.0,0
2219.0,181
2220.0,125
2221.0,91
2222.0,68
2223.0,68
2224.0,26
2225.0,0
2226.0,0
2227.0,0
2228.0,228
2229.0,249
2230.0,107
2231.0,99
2232.0,89
2233.0,108
2234.0,116
2235.0,123
2236.0,131
2237.0,129
2238.0,136
2239.0,130
2240.0,119
2241.0,128
2242.0,146
2243.0,166
2244.0,172
2245.0,225
2246.0,179
2247.0,169
2248.0,144
2249.0,140
2250.0,144
2251.0,140
2252.0,146
2253.0,146
2254.0,155
2255.0,148
2256.0,158
2257.0,151
2258.0,136
2259.0,151
2260.0,140
2261.0,149
2262.0,155
2263.0,162
2264.0,163
2265.0,162
2266.0,194
2267.0,187
2268.0,191
2269.0,133
2270.0,17
2271.0,0
2272.0,0
2273.0,0
2274.0,0
2275.0,0
2276.0,173
2277.0,4
2278.0,4
2279.0,41
2280.0,265
2281.0,257
2282.0,181
2283.0,149
2284.0,150
2285.0,157
2286.0,163
2287.0,168
2288.0,177
2289.0,169
2290.0,148
2291.0,121
2292.0,140
2293.0,134
2294.0,135
2295.0,98
2296.0,51
2297.0,67
2298.0,68
2299.0,28
2300.0,0
2301.0,0
2302.0,0
2303.0,0
2304.0,0
2305.0,0
2306.0,46
2307.0,139
2308.0,135
2309.0,115
2310.0,109
2311.0,91
2312.0,97
2313.0,71
2314.0,85
2315.0,69
2316.0,51
2317.0,20
2318.0,3
2319.0,3
2320.0,4
2321.0,83
2322.0,133
2323.0,147
2324.0,136
2325.0,99
2326.0,65
2327.0,116
2328.0,113
2329.0,139
2330.0,146
2331.0,139
2332.0,81
2333.0,48
2334.0,64
2335.0,11
2336.0,56
2337.0,51
2338.0,12
2339.0,9
2340.0,10
2341.0,0
2342.0,0
2343.0,0
2344.0,35
2345.0,131
2346.0,91
2347.0,60
2348.0,64
2349.0,46
2350.0,12
2351.0,0
2352.0,0
2353.0,0
2354.0,0
2355.0,0
2356.0,244
2357.0,268
2358.0,214
2359.0,152
2360.0,55
2361.0,71
2362.0,74
2363.0,97
2364.0,146
2365.0,151
2366.0,147
2367.0,153
2368.0,123
2369.0,114
2370.0,114
2371.0,116
2372.0,133
2373.0,131
2374.0,126
2375.0,83
2376.0,14
2377.0,17
2378.0,78
2379.0,135
2380.0,164
2381.0,165
2382.0,133
2383.0,134
2384.0,129
2385.0,124
2386.0,93
2387.0,87
2388.0,93
2389.0,114
2390.0,139
2391.0,148
2392.0,140
2393.0,176
2394.0,163
2395.0,160
2396.0,165
2397.0,164
2398.0,154
2399.0,175
2400.0,211
2401.0,195
2402.0,169
2403.0,166
2404.0,107
2405.0,79
2406.0,82
2407.0,33
2408.0,5
2409.0,149
2410.0,248
2411.0,238
2412.0,207
2413.0,185
2414.0,159
2415.0,160
2416.0,157
2417.0,137
2418.0,156
2419.0,145
2420.0,135
2421.0,155
2422.0,150
2423.0,141
2424.0,85
2425.0,4
2426.0,205
2427.0,290
2428.0,285
2429.0,301
2430.0,284
2431.0,207
2432.0,149
2433.0,88
2434.0,74
2435.0,101
2436.0,136
2437.0,159
2438.0,164
2439.0,158
2440.0,160
2441.0,163
2442.0,174
2443.0,189
2444.0,174
2445.0,203
2446.0,219
2447.0,206
2448.0,174
2449.0,118
2450.0,90
2451.0,79
2452.0,60
2453.0,55
2454.0,71
2455.0,33
2456.0,1
2457.0,1
2458.0,1
2459.0,0
2460.0,0
2461.0,0
2462.0,104
2463.0,249
2464.0,223
2465.0,162
2466.0,110
2467.0,45
2468.0,8
2469.0,3
2470.0,32
2471.0,26
2472.0,24
2473.0,82
2474.0,241
2475.0,611
2476.0,902
2477.0,993
2478.0,929
2479.0,573
2480.0,260
2481.0,126
2482.0,1
2483.0,0
2484.0,0
2485.0,0
2486.0,265
2487.0,322
2488.0,337
2489.0,298
2490.0,280
2491.0,261
2492.0,265
2493.0,262
2494.0,242
2495.0,226
2496.0,189
2497.0,184
2498.0,157
2499.0,118
2500.0,120
2501.0,123
2502.0,111
2503.0,132
2504.0,136
2505.0,144
2506.0,151
2507.0,155
2508.0,154
2509.0,153
2510.0,141
2511.0,113
2512.0,115
2513.0,119
2514.0,127
2515.0,137
2516.0,138
2517.0,122
2518.0,158
2519.0,205
2520.0,176
2521.0,169
2522.0,169
2523.0,135
2524.0,133
2525.0,121
2526.0,124
2527.0,143
2528.0,152
2529.0,125
2530.0,167
2531.0,206
2532.0,203
2533.0,75
2534.0,289
2535.0,260
2536.0,131
2537.0,83
2538.0,102
2539.0,115
2540.0,143
2541.0,172
2542.0,155
2543.0,147
2544.0,168
2545.0,178
2546.0,176
2547.0,218
2548.0,208
2549.0,148
2550.0,133
2551.0,143
2552.0,108
2553.0,117
2554.0,135
2555.0,167
2556.0,167
2557.0,143
2558.0,161
2559.0,183
2560.0,165
2561.0,170
2562.0,183
2563.0,178
2564.0,186
2565.0,120
2566.0,41
2567.0,17
2568.0,21
2569.0,61
2570.0,112
2571.0,200
2572.0,212
2573.0,133
2574.0,54
2575.0,31
2576.0,0
2577.0,0
2578.0,0
2579.0,0
2580.0,0
2581.0,0
2582.0,141
2583.0,472
2584.0,499
2585.0,508
2586.0,468
2587.0,417
2588.0,261
2589.0,115
2590.0,30
2591.0,33
2592.0,71
2593.0,108
2594.0,110
2595.0,63
2596.0,53
2597.0,80
2598.0,105
2599.0,99
2600.0,80
2601.0,107
2602.0,139
2603.0,114
2604.0,178
2605.0,277
2606.0,234
2607.0,142
2608.0,91
2609.0,121
2610.0,138
2611.0,147
2612.0,143
2613.0,119
2614.0,117
2615.0,106
2616.0,63
2617.0,42
2618.0,28
2619.0,41
2620.0,78
2621.0,45
2622.0,18
2623.0,6
2624.0,6
2625.0,7
2626.0,208
2627.0,232
2628.0,261
2629.0,212
2630.0,139
2631.0,177
2632.0,218
2633.0,179
2634.0,55
2635.0,29
2636.0,27
2637.0,15
2638.0,92
2639.0,103
2640.0,143
2641.0,176
2642.0,154
2643.0,186
2644.0,196
2645.0,221
2646.0,261
2647.0,260
2648.0,303
2649.0,308
2650.0,236
2651.0,208
2652.0,115
2653.0,181
2654.0,113
2655.0,28
2656.0,65
2657.0,166
2658.0,266
2659.0,211
2660.0,148
2661.0,74
2662.0,15
2663.0,0
2664.0,0
2665.0,0
2666.0,0
2667.0,0
2668.0,0
2669.0,0
2670.0,33
2671.0,263
2672.0,226
2673.0,169
2674.0,118
2675.0,104
2676.0,101
2677.0,100
2678.0,99
2679.0,85
2680.0,76
2681.0,93
2682.0,77
2683.0,91
2684.0,87
2685.0,38
2686.0,3
2687.0,0
2688.0,0
2689.0,0
2690.0,0
2691.0,0
2692.0,0
2693.0,0
2694.0,0
2695.0,3
2696.0,128
2697.0,225
2698.0,255
2699.0,265
2700.0,354
2701.0,402
2702.0,211
2703.0,106
2704.0,135
2705.0,64
2706.0,325
2707.0,964
2708.0,949
2709.0,470
2710.0,159
2711.0,223
2712.0,66
2713.0,17
2714.0,6
2715.0,3
2716.0,3
2717.0,88
2718.0,150
2719.0,168
2720.0,181
2721.0,175
2722.0,134
2723.0,116
2724.0,141
2725.0,133
2726.0,120
2727.0,124
2728.0,127
2729.0,114
2730.0,123
2731.0,131
2732.0,103
2733.0,59
2734.0,9
2735.0,19
2736.0,20
2737.0,209
2738.0,157
2739.0,94
2740.0,55
2741.0,35
2742.0,2
2743.0,0
2744.0,0
2745.0,0
2746.0,0
2747.0,0
2748.0,0
2749.0,0
2750.0,155
2751.0,185
2752.0,230
2753.0,248
2754.0,271
2755.0,248
2756.0,261
2757.0,238
2758.0,184
2759.0,206
2760.0,181
2761.0,185
2762.0,187
2763.0,200
2764.0,122
2765.0,66
2766.0,87
2767.0,99
2768.0,69
2769.0,51
2770.0,84
2771.0,91
2772.0,81
2773.0,74
2774.0,101
2775.0,131
2776.0,189
2777.0,195
2778.0,190
2779.0,103
2780.0,108
2781.0,150
2782.0,176
2783.0,194
2784.0,181
2785.0,178
2786.0,166
2787.0,136
2788.0,100
2789.0,74
2790.0,87
2791.0,100
2792.0,142
2793.0,182
2794.0,193
2795.0,181
2796.0,155
2797.0,120
2798.0,149
2799.0,129
2800.0,135
2801.0,163
2802.0,195
2803.0,170
2804.0,157
2805.0,142
2806.0,189
2807.0,180
2808.0,155
2809.0,159
2810.0,176
2811.0,151
2812.0,152
2813.0,162
2814.0,178
2815.0,156
2816.0,147
2817.0,31
2818.0,59
2819.0,86
2820.0,83
2821.0,135
2822.0,176
2823.0,181
2824.0,159
2825.0,169
2826.0,168
2827.0,186
2828.0,183
2829.0,171
2830.0,206
2831.0,195
2832.0,197
2833.0,195
2834.0,176
2835.0,176
2836.0,137
2837.0,118
2838.0,98
2839.0,115
2840.0,129
2841.0,160
2842.0,195
2843.0,196
2844.0,190
2845.0,173
2846.0,168
2847.0,155
2848.0,179
2849.0,177
2850.0,179
2851.0,196
2852.0,199
2853.0,165
2854.0,133
2855.0,156
2856.0,159
2857.0,172
2858.0,165
2859.0,155
2860.0,144
2861.0,163
2862.0,169
2863.0,160
2864.0,147
2865.0,155
2866.0,220
2867.0,221
2868.0,175
2869.0,166
2870.0,125
2871.0,117
2872.0,170
2873.0,163
2874.0,165
2875.0,168
2876.0,154
2877.0,156
2878.0,152
2879.0,162
2880.0,141
2881.0,137
2882.0,154
2883.0,155
2884.0,164
2885.0,161
2886.0,158
2887.0,140
2888.0,131
2889.0,152
2890.0,144
2891.0,134
2892.0,133
2893.0,113
2894.0,16
2895.0,3
2896.0,0
2897.0,0
2898.0,0
2899.0,0
2900.0,0
2901.0,0
2902.0,0
2903.0,0
2904.0,0
2905.0,0
2906.0,0
2907.0,0
2908.0,0
2909.0,0
2910.0,203
2911.0,186
2912.0,187
2913.0,194
2914.0,186
2915.0,77
2916.0,37
2917.0,0
2918.0,0
2919.0,0
2920.0,0
2921.0,0
2922.0,0
2923.0,2
2924.0,215
2925.0,270
2926.0,206
2927.0,187
2928.0,191
2929.0,137
2930.0,75
2931.0,50
2932.0,79
2933.0,72
2934.0,0
2935.0,0
2936.0,0
2937.0,0
2938.0,0
2939.0,35
2940.0,228
2941.0,260
2942.0,257
2943.0,179
2944.0,158
2945.0,155
2946.0,162
2947.0,157
2948.0,144
2949.0,156
2950.0,191
2951.0,157
2952.0,106
2953.0,83
2954.0,68
2955.0,90
2956.0,107
2957.0,76
2958.0,75
2959.0,67
2960.0,56
2961.0,55
2962.0,9
2963.0,0
2964.0,0
2965.0,0
2966.0,4
2967.0,183
2968.0,194
2969.0,137
2970.0,108
2971.0,104
2972.0,95
2973.0,138
2974.0,133
2975.0,178
2976.0,182
2977.0,180
2978.0,166
2979.0,170
2980.0,198
2981.0,181
2982.0,155
2983.0,128
2984.0,130
2985.0,140
2986.0,154
2987.0,131
2988.0,115
2989.0,110
2990.0,131
2991.0,138
2992.0,121
2993.0,106
2994.0,66
2995.0,10
2996.0,0
2997.0,0
2998.0,0
2999.0,0
3000.0,0
3001.0,0
3002.0,0
3003.0,0
3004.0,0
3005.0,0
3006.0,0
3007.0,0
3008.0,98
3009.0,159
3010.0,254
3011.0,259
3012.0,278
3013.0,223
3014.0,47
3015.0,47
3016.0,185
3017.0,186
3018.0,181
3019.0,119
3020.0,52
3021.0,108
3022.0,94
3023.0,73
3024.0,56
3025.0,100
3026.0,133
3027.0,119
3028.0,108
3029.0,83
3030.0,111
3031.0,123
3032.0,97
3033.0,57
3034.0,68
3035.0,52
3036.0,67
3037.0,123
3038.0,165
3039.0,168
3040.0,237
3041.0,249
3042.0,246
3043.0,230
3044.0,219
3045.0,155
3046.0,83
3047.0,2
3048.0,0
3049.0,0
3050.0,0
3051.0,0
3052.0,0
3053.0,0
3054.0,0
3055.0,0
3056.0,0
3057.0,0
3058.0,0
3059.0,12
3060.0,22
3061.0,12
3062.0,76
3063.0,258
3064.0,261
3065.0,230
3066.0,175
3067.0,158
3068.0,179
3069.0,205
3070.0,188
3071.0,165
3072.0,162
3073.0,170
3074.0,177
3075.0,149
3076.0,122
3077.0,24
3078.0,19
3079.0,55
3080.0,125
3081.0,185
3082.0,154
3083.0,138
3084.0,145
3085.0,125
3086.0,120
3087.0,109
3088.0,110
3089.0,89
3090.0,37
3091.0,32
3092.0,76
3093.0,105
3094.0,82
3095.0,71
3096.0,62
3097.0,61
3098.0,51
3099.0,69
3100.0,114
3101.0,141
3102.0,127
3103.0,102
3104.0,59
3105.0,85
3106.0,105
3107.0,98
3108.0,61
3109.0,3
3110.0,4
3111.0,35
3112.0,84
3113.0,184
3114.0,220
3115.0,243
3116.0,240
3117.0,248
3118.0,219
3119.0,201
3120.0,249
3121.0,216
3122.0,194
3123.0,153
3124.0,95
3125.0,87
3126.0,43
3127.0,0
3128.0,0
3129.0,0
3130.0,0
3131.0,0
3132.0,0
3133.0,0
3134.0,0
3135.0,0
3136.0,0
3137.0,0
3138.0,0
3139.0,0
3140.0,0
3141.0,0
3142.0,0
3143.0,0
3144.0,0
3145.0,0
3146.0,0
3147.0,0
3148.0,0
3149.0,88
3150.0,182
3151.0,180
3152.0,84
3153.0,121
3154.0,198
3155.0,178
3156.0,149
3157.0,154
3158.0,153
3159.0,128
3160.0,103
3161.0,107
3162.0,125
3163.0,106
3164.0,105
3165.0,93
3166.0,101
3167.0,96
3168.0,85
3169.0,89
3170.0,84
3171.0,100
3172.0,97
3173.0,112
3174.0,126
3175.0,80
3176.0,21
3177.0,5
3178.0,5
3179.0,5
3180.0,67
3181.0,105
3182.0,73
3183.0,31
3184.0,3
3185.0,3
3186.0,59
3187.0,418
3188.0,38
3189.0,38
3190.0,114
3191.0,64
3192.0,0
3193.0,0
3194.0,0
3195.0,0
3196.0,0
3197.0,0
3198.0,84
3199.0,199
3200.0,213
3201.0,190
3202.0,174
3203.0,206
3204.0,236
3205.0,283
3206.0,253
3207.0,225
3208.0,204
3209.0,180
3210.0,200
3211.0,232
3212.0,207
3213.0,154
3214.0,174
3215.0,188
3216.0,185
3217.0,199
3218.0,198
3219.0,151
3220.0,163
3221.0,157
3222.0,169
3223.0,183
3224.0,203
3225.0,184
3226.0,213
3227.0,226
3228.0,264
3229.0,264
3230.0,187
3231.0,165
3232.0,185
3233.0,171
3234.0,111
3235.0,67
3236.0,115
3237.0,156
3238.0,90
3239.0,47
3240.0,22
3241.0,58
3242.0,192
3243.0,377
3244.0,356
3245.0,341
3246.0,281
3247.0,165
3248.0,118
3249.0,105
3250.0,109
3251.0,125
3252.0,119
3253.0,137
3254.0,144
3255.0,126
3256.0,111
3257.0,117
3258.0,122
3259.0,115
3260.0,107
3261.0,120
3262.0,158
3263.0,162
3264.0,167
3265.0,156
3266.0,157
3267.0,159
3268.0,173
3269.0,167
3270.0,170
3271.0,170
3272.0,139
3273.0,121
3274.0,91
3275.0,81
3276.0,106
3277.0,124
3278.0,87
3279.0,72
3280.0,57
3281.0,78
3282.0,83
3283.0,52
3284.0,67
3285.0,130
3286.0,143
3287.0,183
3288.0,217
3289.0,194
3290.0,124
3291.0,95
3292.0,109
3293.0,113
3294.0,117
3295.0,106
3296.0,71
3297.0,92
3298.0,112
3299.0,140
3300.0,152
3301.0,133
3302.0,136
3303.0,153
3304.0,144
3305.0,159
3306.0,148
3307.0,116
3308.0,108
3309.0,73
3310.0,74
3311.0,91
3312.0,140
3313.0,182
3314.0,141
3315.0,123
3316.0,111
3317.0,14
3318.0,14
3319.0,0
3320.0,0
3321.0,0
3322.0,0
3323.0,0
3324.0,16
3325.0,0
3326.0,0
3327.0,0
3328.0,0
3329.0,0
3330.0,0
3331.0,0
3332.0,0
3333.0,0
3334.0,0
3335.0,50
3336.0,219
3337.0,200
3338.0,187
3339.0,195
3340.0,196
3341.0,336
3342.0,519
3343.0,531
3344.0,459
3345.0,416
3346.0,372
3347.0,350
3348.0,375
3349.0,456
3350.0,575
3351.0,580
3352.0,467
3353.0,359
3354.0,251
3355.0,238
3356.0,325
3357.0,436
3358.0,365
3359.0,218
3360.0,192
3361.0,110
3362.0,124
3363.0,120
3364.0,113
3365.0,163
3366.0,385
3367.0,319
3368.0,215
3369.0,176
3370.0,188
3371.0,220
3372.0,248
3373.0,248
3374.0,247
3375.0,212
3376.0,214
3377.0,222
3378.0,237
3379.0,227
3380.0,213
3381.0,212
3382.0,214
3383.0,226
3384.0,205
3385.0,154
3386.0,76
3387.0,104
3388.0,158
3389.0,241
3390.0,296
3391.0,328
3392.0,311
3393.0,285
3394.0,265
3395.0,298
3396.0,249
3397.0,199
3398.0,208
3399.0,157
3400.0,116
3401.0,159
3402.0,144
3403.0,70
3404.0,118
3405.0,234
3406.0,224
3407.0,263
3408.0,258
3409.0,216
3410.0,173
3411.0,161
3412.0,158
3413.0,148
3414.0,150
3415.0,136
3416.0,127
3417.0,171
3418.0,176
3419.0,175
3420.0,168
3421.0,157
3422.0,134
3423.0,198
3424.0,197
3425.0,137
3426.0,94
3427.0,86
3428.0,151
3429.0,183
3430.0,224
3431.0,199
3432.0,170
3433.0,164
3434.0,144
3435.0,122
3436.0,149
3437.0,166
3438.0,161
3439.0,134
3440.0,145
3441.0,183
3442.0,209
3443.0,195
3444.0,135
3445.0,81
3446.0,133
3447.0,164
3448.0,143
3449.0,126
3450.0,102
3451.0,98
3452.0,67
3453.0,116
3454.0,120
3455.0,130
3456.0,171
3457.0,197
3458.0,185
3459.0,175
3460.0,197
3461.0,184
3462.0,159
3463.0,151
3464.0,128
3465.0,168
3466.0,172
3467.0,175
3468.0,191
3469.0,175
3470.0,174
3471.0,172
3472.0,154
3473.0,139
3474.0,134
3475.0,139
3476.0,159
3477.0,147
3478.0,122
3479.0,109
3480.0,98
3481.0,100
3482.0,88
3483.0,91
3484.0,126
3485.0,109
3486.0,131
3487.0,124
3488.0,123
3489.0,127
3490.0,130
3491.0,130
3492.0,120
3493.0,96
3494.0,64
3495.0,74
3496.0,64
3497.0,31
3498.0,2
3499.0,1
3500.0,24
3501.0,24
3502.0,114
3503.0,223
3504.0,281
3505.0,315
3506.0,250
3507.0,203
3508.0,195
3509.0,188
3510.0,168
3511.0,124
3512.0,75
3513.0,101
3514.0,106
3515.0,89
3516.0,82
3517.0,98
3518.0,126
3519.0,117
3520.0,107
3521.0,107
3522.0,118
3523.0,115
3524.0,114
3525.0,114
3526.0,100
3527.0,108
3528.0,119
3529.0,136
3530.0,132
3531.0,118
3532.0,119
3533.0,98
3534.0,99
3535.0,115
3536.0,117
3537.0,93
3538.0,99
3539.0,104
3540.0,103
3541.0,106
3542.0,109
3543.0,101
3544.0,85
3545.0,96
3546.0,106
3547.0,97
3548.0,95
3549.0,154
3550.0,180
3551.0,192
3552.0,190
3553.0,182
3554.0,188
3555.0,199
3556.0,165
3557.0,170
3558.0,173
3559.0,155
3560.0,148
3561.0,170
3562.0,224
3563.0,249
3564.0,235
3565.0,214
3566.0,207
3567.0,203
3568.0,164
3569.0,139
3570.0,134
3571.0,180
3572.0,182
3573.0,183
3574.0,173
3575.0,173
3576.0,169
3577.0,178
3578.0,178
3579.0,153
3580.0,173
3581.0,151
3582.0,158
3583.0,144
3584.0,140
3585.0,171
3586.0,153
3587.0,139
3588.0,178
3589.0,197
3590.0,190
3591.0,153
3592.0,155
3593.0,149
3594.0,143
3595.0,143
3596.0,124
3597.0,122
3598.0,79
3599.0,51
3600.0,140
3601.0,256
3602.0,275
3603.0,206
3604.0,174
3605.0,167
3606.0,165
3607.0,137
3608.0,44
3609.0,0
3610.0,0
3611.0,0
3612.0,0
3613.0,0
3614.0,0
3615.0,0
3616.0,0
3617.0,0
3618.0,235
3619.0,283
3620.0,279
3621.0,303
3622.0,328
3623.0,331
3624.0,326
3625.0,316
3626.0,318
3627.0,337
3628.0,269
3629.0,173
3630.0,213
3631.0,214
3632.0,177
3633.0,160
3634.0,172
3635.0,223
3636.0,199
3637.0,161
3638.0,152
3639.0,152
3640.0,157
3641.0,143
3642.0,145
3643.0,144
3644.0,156
3645.0,179
3646.0,222
3647.0,317
3648.0,350
3649.0,386
3650.0,419
3651.0,440
3652.0,438
3653.0,397
3654.0,354
3655.0,312
3656.0,288
3657.0,250
3658.0,237
3659.0,212
3660.0,198
3661.0,193
3662.0,242
3663.0,255
3664.0,246
3665.0,224
3666.0,222
3667.0,279
3668.0,219
3669.0,266
3670.0,261
3671.0,235
3672.0,267
3673.0,223
3674.0,208
3675.0,182
3676.0,151
3677.0,160
3678.0,183
3679.0,180
3680.0,174
3681.0,146
3682.0,194
3683.0,167
3684.0,149
3685.0,126
3686.0,131
3687.0,147
3688.0,141
3689.0,151
3690.0,153
3691.0,141
3692.0,125
3693.0,125
3694.0,130
3695.0,132
3696.0,166
3697.0,170
3698.0,161
3699.0,136
3700.0,121
3701.0,121
3702.0,107
3703.0,107
3704.0,98
3705.0,101
3706.0,76
3707.0,74
3708.0,98
3709.0,88
3710.0,50
3711.0,45
3712.0,113
3713.0,202
3714.0,262
3715.0,237
3716.0,232
3717.0,242
3718.0,241
3719.0,226
3720.0,190
3721.0,174
3722.0,145
3723.0,142
3724.0,168
3725.0,176
3726.0,161
3727.0,154
3728.0,145
3729.0,141
3730.0,108
3731.0,115
3732.0,66
3733.0,9
3734.0,0
3735.0,0
3736.0,0
3737.0,0
3738.0,0
3739.0,0
3740.0,0
3741.0,0
3742.0,0
3743.0,0
3744.0,0
3745.0,0
3746.0,0
3747.0,0
3748.0,0
3749.0,0
3750.0,0
3751.0,0
3752.0,0
3753.0,0
3754.0,0
3755.0,0
3756.0,0
3757.0,0
3758.0,0
3759.0,0
3760.0,0
3761.0,0
3762.0,0
3763.0,0
3764.0,0
3765.0,0
3766.0,0
3767.0,0
3768.0,0
3769.0,0
3770.0,0
3771.0,0
3772.0,0
3773.0,0
3774.0,0
3775.0,0
3776.0,0
3777.0,0
3778.0,0
3779.0,0
3780.0,0
3781.0,0
3782.0,0
3783.0,0
3784.0,0
3785.0,0
3786.0,0
3787.0,0
3788.0,0
3789.0,0
3790.0,0
3791.0,0
3792.0,0
3793.0,0
3794.0,0
3795.0,0
3796.0,0
3797.0,0
3798.0,0
3799.0,0
3800.0,0
3801.0,0
3802.0,0
3803.0,0
3804.0,0
3805.0,0
3806.0,0
3807.0,0
3808.0,0
3809.0,0
3810.0,0
3811.0,0
3812.0,0
3813.0,0
3814.0,0
3815.0,0
3816.0,0
3817.0,0
3818.0,0
3819.0,0
3820.0,0
3821.0,0
3822.0,0
3823.0,0
3824.0,0
3825.0,0
3826.0,0
3827.0,0
3828.0,0
3829.0,0
3830.0,0
3831.0,0
3832.0,0
3833.0,0
3834.0,0
3835.0,0
3836.0,0
3837.0,0
3838.0,0
3839.0,0
3840.0,0
3841.0,0
3842.0,0
3843.0,0
3844.0,0
3845.0,0
3846.0,0
3847.0,0
3848.0,0
3849.0,0
3850.0,0
3851.0,0
3852.0,0
3853.0,0
3854.0,0
3855.0,0
3856.0,0
3857.0,0
3858.0,0
3859.0,0
3860.0,0
3861.0,0
3862.0,0
3863.0,0
3864.0,0
3865.0,0
3866.0,0
3867.0,0
3868.0,0
3869.0,0
3870.0,0
3871.0,0
3872.0,0
3873.0,0
3874.0,0
3875.0,0
3876.0,0
3877.0,0
3878.0,0
3879.0,0
3880.0,0
3881.0,0
3882.0,0
3883.0,0
3884.0,0
3885.0,0
3886.0,0
3887.0,0
3888.0,0
3889.0,0
3890.0,0
3891.0,0
3892.0,0
3893.0,0
3894.0,0
3895.0,0
3896.0,0
3897.0,0
3898.0,0
3899.0,0
3900.0,0
3901.0,0
3902.0,0
3903.0,0
3904.0,0
3905.0,0
3906.0,0
3907.0,0
3908.0,14
3909.0,117
3910.0,186
3911.0,221
3912.0,239
3913.0,245
3914.0,260
3915.0,250
3916.0,240
3917.0,187
3918.0,194
3919.0,185
3920.0,200
3921.0,195
3922.0,217
3923.0,212
3924.0,191
3925.0,181
3926.0,158
3927.0,89
3928.0,0
3929.0,0
3930.0,0
3931.0,0
3932.0,0
3933.0,0
3934.0,0
3935.0,0
3936.0,0
3937.0,0
3938.0,89
3939.0,189
3940.0,235
3941.0,191
3942.0,197
3943.0,189
3944.0,188
3945.0,184
3946.0,163
3947.0,182
3948.0,174
3949.0,182
3950.0,174
3951.0,159
3952.0,154
3953.0,147
3954.0,139
3955.0,124
3956.0,124
3957.0,124
3958.0,125
3959.0,126
3960.0,127
3961.0,127
3962.0,124
3963.0,147
3964.0,178
3965.0,200
3966.0,180
3967.0,151
3968.0,139
3969.0,138
3970.0,179
3971.0,213
3972.0,208
3973.0,209
3974.0,246
3975.0,282
3976.0,272
3977.0,273
3978.0,331
3979.0,320
3980.0,301
3981.0,291
3982.0,258
3983.0,241
3984.0,227
3985.0,208
3986.0,191
3987.0,156
3988.0,171
3989.0,176
3990.0,137
3991.0,103
3992.0,78
3993.0,76
3994.0,68
3995.0,16
3996.0,22
3997.0,39
3998.0,20
3999.0,174
4000.0,277
4001.0,245
4002.0,208
4003.0,138
4004.0,119
4005.0,145
4006.0,147
4007.0,87
4008.0,94
4009.0,117
4010.0,109
4011.0,84
4012.0,81
4013.0,80
4014.0,82
4015.0,88
4016.0,108
4017.0,102
4018.0,148
4019.0,231
4020.0,213
4021.0,221
4022.0,236
4023.0,198
4024.0,263
4025.0,344
4026.0,362
4027.0,289
4028.0,157
4029.0,144
4030.0,130
4031.0,125
4032.0,153
4033.0,176
4034.0,187
4035.0,164
4036.0,192
4037.0,205
4038.0,206
4039.0,213
4040.0,230
4041.0,220
4042.0,237
4043.0,255
4044.0,248
4045.0,250
4046.0,280
4047.0,335
4048.0,350
4049.0,343
4050.0,314
4051.0,302
4052.0,297
4053.0,261
4054.0,247
4055.0,243
4056.0,264
4057.0,261
4058.0,277
4059.0,283
4060.0,281
4061.0,269
4062.0,274
4063.0,275
4064.0,272
4065.0,267
4066.0,257
4067.0,237
4068.0,232
4069.0,274
4070.0,250
4071.0,229
4072.0,201
4073.0,268
4074.0,287
4075.0,304
4076.0,303
4077.0,147
4078.0,79
4079.0,97
4080.0,101
4081.0,144
4082.0,169
4083.0,160
4084.0,162
4085.0,179
4086.0,233
4087.0,306
4088.0,276
4089.0,261
4090.0,255
4091.0,254
4092.0,231
4093.0,237
4094.0,234
4095.0,268
4096.0,269
4097.0,316
4098.0,292
4099.0,219
4100.0,286
4101.0,314
4102.0,293
4103.0,266
4104.0,344
4105.0,311
4106.0,304
4107.0,317
4108.0,322
4109.0,309
4110.0,298
4111.0,296
4112.0,305
4113.0,316
4114.0,314
4115.0,290
4116.0,287
4117.0,275
4118.0,272
4119.0,268
4120.0,261
4121.0,269
4122.0,261
4123.0,253
4124.0,251
4125.0,289
4126.0,292
4127.0,279
4128.0,266
4129.0,291
4130.0,277
4131.0,290
4132.0,294
4133.0,271
4134.0,290
4135.0,262
4136.0,251
4137.0,247
4138.0,236
4139.0,218
4140.0,227
4141.0,140
4142.0,212
4143.0,243
4144.0,257
4145.0,233
4146.0,253
4147.0,309
4148.0,287
4149.0,239
4150.0,232
4151.0,228
4152.0,305
4153.0,316
4154.0,287
4155.0,266
4156.0,202
4157.0,243
4158.0,237
4159.0,263
4160.0,238
4161.0,182
4162.0,118
4163.0,70
4164.0,85
4165.0,162
4166.0,187
4167.0,123
4168.0,261
4169.0,312
4170.0,228
4171.0,187
4172.0,207
4173.0,313
4174.0,332
4175.0,324
4176.0,343
4177.0,336
4178.0,284
4179.0,279
4180.0,290
4181.0,318
4182.0,321
4183.0,306
4184.0,321
4185.0,323
4186.0,294
4187.0,270
4188.0,268
4189.0,259
4190.0,267
4191.0,262
4192.0,250
4193.0,286
4194.0,304
4195.0,310
4196.0,303
4197.0,284
4198.0,283
4199.0,291
4200.0,290
4201.0,289
4202.0,293
4203.0,228
4204.0,157
4205.0,185
4206.0,270
4207.0,250
4208.0,249
4209.0,302
4210.0,341
4211.0,298
4212.0,291
4213.0,286
4214.0,263
4215.0,278
4216.0,188
4217.0,229
4218.0,332
4219.0,324
4220.0,281
4221.0,280
4222.0,288
4223.0,268
4224.0,243
4225.0,228
4226.0,164
4227.0,142
4228.0,103
4229.0,67
4230.0,70
4231.0,86
4232.0,108
4233.0,136
4234.0,148
4235.0,139
4236.0,138
4237.0,133
4238.0,94
4239.0,106
4240.0,104
4241.0,95
4242.0,125
4243.0,134
4244.0,134
4245.0,148
4246.0,109
4247.0,111
4248.0,128
4249.0,203
4250.0,191
4251.0,191
4252.0,165
4253.0,174
4254.0,195
4255.0,190
4256.0,193
4257.0,205
4258.0,199
4259.0,224
4260.0,219
4261.0,232
4262.0,228
4263.0,220
4264.0,239
4265.0,232
4266.0,249
4267.0,266
4268.0,238
4269.0,207
4270.0,245
4271.0,269
4272.0,244
4273.0,239
4274.0,240
4275.0,222
4276.0,221
4277.0,227
4278.0,211
4279.0,233
4280.0,288
4281.0,268
4282.0,237
4283.0,261
4284.0,265
4285.0,268
4286.0,286
4287.0,258
4288.0,212
4289.0,208
4290.0,239
4291.0,257
4292.0,269
4293.0,269
4294.0,271
4295.0,248
4296.0,230
4297.0,296
4298.0,592
4299.0,734
4300.0,689
4301.0,644
4302.0,402
4303.0,203
4304.0,149
4305.0,59
4306.0,5
4307.0,31
4308.0,31
4309.0,32
4310.0,51
4311.0,135
4312.0,336
4313.0,297
4314.0,273
4315.0,298
4316.0,296
4317.0,291
4318.0,258
4319.0,241
4320.0,233
4321.0,209
4322.0,164
4323.0,122
4324.0,144
4325.0,145
4326.0,212
4327.0,285
4328.0,318
4329.0,318
4330.0,320
4331.0,288
4332.0,293
4333.0,280
4334.0,297
4335.0,303
4336.0,298
4337.0,269
4338.0,265
4339.0,262
4340.0,271
4341.0,256
4342.0,248
4343.0,238
4344.0,237
4345.0,230
4346.0,244
4347.0,259
4348.0,273
4349.0,265
4350.0,261
4351.0,268
4352.0,257
4353.0,267
4354.0,278
4355.0,244
4356.0,176
4357.0,200
4358.0,280
4359.0,284
4360.0,260
4361.0,238
4362.0,233
4363.0,220
4364.0,226
4365.0,210
4366.0,204
4367.0,245
4368.0,252
4369.0,232
4370.0,213
4371.0,206
4372.0,222
4373.0,235
4374.0,228
4375.0,254
4376.0,248
4377.0,218
4378.0,230
4379.0,230
4380.0,222
4381.0,222
4382.0,202
4383.0,207
4384.0,215
4385.0,217
4386.0,212
4387.0,200
4388.0,220
4389.0,224
4390.0,205
4391.0,193
4392.0,194
4393.0,188
4394.0,212
4395.0,253
4396.0,259
4397.0,283
4398.0,275
4399.0,255
4400.0,245
4401.0,221
4402.0,220
4403.0,199
4404.0,181
4405.0,176
4406.0,187
4407.0,200
4408.0,196
4409.0,193
4410.0,139
4411.0,191
4412.0,224
4413.0,101
4414.0,61
4415.0,95
4416.0,104
4417.0,51
4418.0,59
4419.0,90
4420.0,175
4421.0,147
4422.0,120
4423.0,159
4424.0,165
4425.0,192
4426.0,200
4427.0,187
4428.0,182
4429.0,152
4430.0,162
4431.0,142
4432.0,136
4433.0,135
4434.0,154
4435.0,144
4436.0,148
4437.0,151
4438.0,144
4439.0,150
4440.0,137
4441.0,145
4442.0,155
4443.0,180
4444.0,182
4445.0,195
4446.0,148
4447.0,165
4448.0,161
4449.0,163
4450.0,174
4451.0,179
4452.0,138
4453.0,154
4454.0,148
4455.0,163
4456.0,158
4457.0,193
4458.0,276
4459.0,261
4460.0,183
4461.0,91
4462.0,242
4463.0,396
4464.0,413
4465.0,348
4466.0,203
4467.0,133
4468.0,118
4469.0,123
4470.0,128
4471.0,120
4472.0,106
4473.0,79
4474.0,103
4475.0,127
4476.0,126
4477.0,116
4478.0,109
4479.0,113
4480.0,119
4481.0,125
4482.0,143
4483.0,140
4484.0,135
4485.0,136
4486.0,138
4487.0,185
4488.0,221
4489.0,214
4490.0,162
4491.0,169
4492.0,159
4493.0,145
4494.0,182
4495.0,146
4496.0,123
4497.0,121
4498.0,112
4499.0,137
4500.0,166
4501.0,162
4502.0,166
4503.0,148
4504.0,142
4505.0,167
4506.0,151
4507.0,128
4508.0,122
4509.0,135
4510.0,137
4511.0,125
4512.0,119
4513.0,100
4514.0,55
4515.0,51
4516.0,76
4517.0,92
4518.0,92
4519.0,87
4520.0,106
4521.0,128
4522.0,177
4523.0,199
4524.0,158
4525.0,173
4526.0,191
4527.0,197
4528.0,159
4529.0,184
4530.0,199
4531.0,212
4532.0,231
4533.0,227
4534.0,220
4535.0,202
4536.0,212
4537.0,209
4538.0,243
4539.0,241
4540.0,219
4541.0,204
4542.0,224
4543.0,240
4544.0,243
4545.0,244
4546.0,223
4547.0,233
4548.0,291
4549.0,347
4550.0,249
4551.0,203
4552.0,217
4553.0,242
4554.0,246
4555.0,244
4556.0,254
4557.0,284
4558.0,259
4559.0,226
4560.0,217
4561.0,236
4562.0,231
4563.0,222
4564.0,232
4565.0,214
4566.0,219
4567.0,225
4568.0,256
4569.0,282
4570.0,278
4571.0,254
4572.0,212
4573.0,207
4574.0,252
4575.0,253
4576.0,214
4577.0,195
4578.0,214
4579.0,231
4580.0,241
4581.0,215
4582.0,218
4583.0,199
4584.0,214
4585.0,224
4586.0,220
4587.0,207
4588.0,221
4589.0,194
4590.0,206
4591.0,222
4592.0,204
4593.0,212
4594.0,205
4595.0,222
4596.0,187
4597.0,191
4598.0,190
4599.0,169
4600.0,184
4601.0,194
4602.0,175
4603.0,113
4604.0,159
4605.0,193
4606.0,217
4607.0,203
4608.0,212
4609.0,229
4610.0,246
4611.0,255
4612.0,260
4613.0,266
4614.0,299
4615.0,285
4616.0,221
4617.0,255
4618.0,286
4619.0,302
4620.0,286
4621.0,275
4622.0,261
4623.0,285
4624.0,283
4625.0,310
4626.0,305
4627.0,272
4628.0,221
4629.0,172
4630.0,203
4631.0,225
4632.0,246
4633.0,228
4634.0,238
4635.0,223
4636.0,199
4637.0,214
4638.0,197
4639.0,202
4640.0,184
4641.0,202
4642.0,216
4643.0,252
4644.0,228
4645.0,251
4646.0,234
4647.0,223
4648.0,211
4649.0,221
4650.0,181
4651.0,208
4652.0,263
4653.0,268
4654.0,243
4655.0,233
4656.0,261
4657.0,275
4658.0,266
4659.0,271
4660.0,284
4661.0,275
4662.0,289
4663.0,288
4664.0,309
4665.0,316
4666.0,314
4667.0,215
4668.0,212
4669.0,237
4670.0,269
4671.0,288
4672.0,279
4673.0,267
4674.0,241
4675.0,229
4676.0,236
4677.0,237
4678.0,246
4679.0,235
4680.0,245
4681.0,206
4682.0,197
4683.0,185
4684.0,166
4685.0,240
4686.0,240
4687.0,163
4688.0,182
4689.0,210
4690.0,220
4691.0,188
4692.0,183
4693.0,165
4694.0,176
4695.0,231
4696.0,208
4697.0,209
4698.0,217
4699.0,170
4700.0,176
4701.0,178
4702.0,165
4703.0,198
4704.0,204
4705.0,210
4706.0,203
4707.0,212
4708.0,226
4709.0,228
4710.0,235
4711.0,251
4712.0,237
4713.0,258
4714.0,276
4715.0,256
4716.0,272
4717.0,300
4718.0,256
4719.0,243
4720.0,229
4721.0,241
4722.0,220
4723.0,222
4724.0,215
4725.0,233
4726.0,225
4727.0,207
4728.0,215
4729.0,232
4730.0,259
4731.0,220
4732.0,232
4733.0,258
4734.0,247
4735.0,195
4736.0,178
4737.0,195
4738.0,225
4739.0,207
4740.0,266
4741.0,263
4742.0,217
4743.0,210
4744.0,198
4745.0,201
4746.0,270
4747.0,287
4748.0,284
4749.0,270
4750.0,299
4751.0,269
4752.0,220
4753.0,227
4754.0,207
4755.0,230
4756.0,223
4757.0,158
4758.0,176
4759.0,200
4760.0,213
4761.0,238
4762.0,246
4763.0,236
4764.0,305
4765.0,297
4766.0,294
4767.0,310
4768.0,293
4769.0,268
4770.0,278
4771.0,243
4772.0,252
4773.0,251
4774.0,247
4775.0,253
4776.0,254
4777.0,244
4778.0,265
4779.0,269
4780.0,272
4781.0,286
4782.0,275
4783.0,259
4784.0,241
4785.0,242
4786.0,249
4787.0,248
4788.0,240
4789.0,234
4790.0,243
4791.0,220
4792.0,264
4793.0,299
4794.0,278
4795.0,260
4796.0,254
4797.0,241
4798.0,239
4799.0,256
4800.0,255
4801.0,245
4802.0,256
4803.0,233
4804.0,224
4805.0,222
4806.0,180
4807.0,192
4808.0,272
4809.0,289
4810.0,273
4811.0,275
4812.0,253
4813.0,216
4814.0,166
4815.0,155
4816.0,168
4817.0,195
4818.0,199
4819.0,190
4820.0,223
4821.0,221
4822.0,233
4823.0,229
4824.0,243
4825.0,231
4826.0,224
4827.0,164
4828.0,147
4829.0,179
4830.0,313
4831.0,323
4832.0,256
4833.0,287
4834.0,218
4835.0,195
4836.0,192
4837.0,175
4838.0,167
4839.0,222
4840.0,251
4841.0,257
4842.0,248
4843.0,225
4844.0,218
4845.0,228
4846.0,215
4847.0,199
4848.0,202
4849.0,187
4850.0,209
4851.0,209
4852.0,221
4853.0,217
4854.0,188
4855.0,236
4856.0,237
4857.0,235
4858.0,242
4859.0,245
4860.0,240
4861.0,248
4862.0,213
4863.0,176
4864.0,191
4865.0,210
4866.0,209
4867.0,218
4868.0,208
4869.0,197
4870.0,192
4871.0,197
4872.0,188
4873.0,199
4874.0,218
4875.0,211
4876.0,219
4877.0,207
4878.0,212
4879.0,220
4880.0,173
4881.0,144
4882.0,169
4883.0,164
4884.0,147
4885.0,179
4886.0,169
4887.0,157
4888.0,140
4889.0,129
4890.0,122
4891.0,130
4892.0,153
4893.0,161
4894.0,167
4895.0,166
4896.0,198
4897.0,168
4898.0,154
4899.0,158
4900.0,173
4901.0,173
4902.0,149
4903.0,168
4904.0,208
4905.0,197
4906.0,191
4907.0,156
4908.0,158
4909.0,182
4910.0,176
4911.0,166
4912.0,178
4913.0,179
4914.0,193
4915.0,203
4916.0,186
4917.0,200
4918.0,147
4919.0,143
4920.0,168
4921.0,184
4922.0,210
4923.0,208
4924.0,181
4925.0,176
4926.0,212
4927.0,213
4928.0,200
4929.0,203
4930.0,188
4931.0,198
4932.0,214
4933.0,214
4934.0,179
4935.0,166
4936.0,214
4937.0,235
4938.0,211
4939.0,192
4940.0,189
4941.0,202
4942.0,228
4943.0,192
4944.0,185
4945.0,223
4946.0,249
4947.0,235
4948.0,220
4949.0,205
4950.0,201
4951.0,181
4952.0,179
4953.0,202
4954.0,184
4955.0,175
4956.0,164
4957.0,173
4958.0,184
4959.0,221
4960.0,209
4961.0,195
4962.0,173
4963.0,190
4964.0,292
4965.0,264
4966.0,180
4967.0,146
4968.0,176
4969.0,178
4970.0,164
4971.0,167
4972.0,173
4973.0,175
4974.0,185
4975.0,206
4976.0,209
4977.0,185
4978.0,176
4979.0,184
4980.0,160
4981.0,179
4982.0,211
4983.0,234
4984.0,218
4985.0,186
4986.0,196
4987.0,196
4988.0,187
4989.0,200
4990.0,201
4991.0,159
4992.0,177
4993.0,156
4994.0,169
4995.0,181
4996.0,183
4997.0,185
4998.0,181
4999.0,167
5000.0,159
5001.0,167
5002.0,134
5003.0,146
5004.0,152
5005.0,162
5006.0,176
5007.0,166
5008.0,150
5009.0,151
5010.0,172
5011.0,171
5012.0,182
5013.0,174
5014.0,175
5015.0,188
5016.0,190
5017.0,190
5018.0,183
5019.0,168
5020.0,198
5021.0,213
5022.0,202
5023.0,202
5024.0,200
5025.0,213
5026.0,203
5027.0,202
5028.0,190
5029.0,192
5030.0,175
5031.0,177
5032.0,184
5033.0,222
5034.0,247
5035.0,233
5036.0,245
5037.0,241
5038.0,250
5039.0,216
5040.0,196
5041.0,181
5042.0,195
5043.0,188
5044.0,217
5045.0,212
5046.0,209
5047.0,186
5048.0,177
5049.0,175
5050.0,167
5051.0,174
5052.0,188
5053.0,192
5054.0,185
5055.0,180
5056.0,189
5057.0,191
5058.0,167
5059.0,181
5060.0,187
5061.0,215
5062.0,242
5063.0,209
5064.0,178
5065.0,182
5066.0,186
5067.0,195
5068.0,198
5069.0,204
5070.0,206
5071.0,188
5072.0,201
5073.0,239
5074.0,232
5075.0,234
5076.0,207
5077.0,173
5078.0,156
5079.0,160
5080.0,143
5081.0,138
5082.0,151
5083.0,153
5084.0,173
5085.0,208
5086.0,214
5087.0,220
5088.0,274
5089.0,232
5090.0,204
5091.0,208
5092.0,203
5093.0,184
5094.0,192
5095.0,193
5096.0,127
5097.0,157
5098.0,264
5099.0,284
5100.0,297
5101.0,301
5102.0,271
5103.0,266
5104.0,257
5105.0,261
5106.0,255
5107.0,267
5108.0,278
5109.0,295
5110.0,288
5111.0,263
5112.0,258
5113.0,249
5114.0,251
5115.0,255
5116.0,261
5117.0,243
5118.0,256
5119.0,281
5120.0,256
5121.0,260
5122.0,270
5123.0,239
5124.0,225
5125.0,247
5126.0,241
5127.0,287
5128.0,258
5129.0,233
5130.0,208
5131.0,161
5132.0,153
5133.0,177
5134.0,165
5135.0,159
5136.0,156
5137.0,165
5138.0,186
5139.0,189
5140.0,233
5141.0,219
5142.0,203
5143.0,210
5144.0,207
5145.0,200
5146.0,215
5147.0,198
5148.0,162
5149.0,160
5150.0,174
5151.0,161
5152.0,211
5153.0,218
5154.0,153
5155.0,103
5156.0,146
5157.0,321
5158.0,478
5159.0,570
5160.0,547
5161.0,514
5162.0,399
5163.0,278
5164.0,186
5165.0,165
5166.0,181
5167.0,192
5168.0,223
5169.0,228
5170.0,220
5171.0,215
5172.0,216
5173.0,238
5174.0,260
5175.0,254
5176.0,242
5177.0,251
5178.0,239
5179.0,235
5180.0,240
5181.0,255
5182.0,247
5183.0,283
5184.0,296
5185.0,281
5186.0,266
5187.0,270
5188.0,266
5189.0,248
5190.0,249
5191.0,242
5192.0,254
5193.0,232
5194.0,244
5195.0,257
5196.0,268
5197.0,279
5198.0,279
5199.0,259
5200.0,252
5201.0,265
5202.0,252
5203.0,262
5204.0,249
5205.0,257
5206.0,243
5207.0,270
5208.0,321
5209.0,286
5210.0,282
5211.0,254
5212.0,219
5213.0,236
5214.0,243
5215.0,218
5216.0,211
5217.0,218
5218.0,242
5219.0,215
5220.0,226
5221.0,220
5222.0,264
5223.0,245
5224.0,221
5225.0,210
5226.0,205
5227.0,206
5228.0,217
5229.0,235
5230.0,226
5231.0,236
5232.0,233
5233.0,271
5234.0,278
5235.0,282
5236.0,280
5237.0,287
5238.0,289
5239.0,269
5240.0,272
5241.0,243
5242.0,231
5243.0,215
5244.0,207
5245.0,221
5246.0,282
5247.0,281
5248.0,251
5249.0,247
5250.0,236
5251.0,239
5252.0,244
5253.0,244
5254.0,219
5255.0,226
5256.0,244
5257.0,223
5258.0,220
5259.0,160
5260.0,135
5261.0,141
5262.0,135
5263.0,140
5264.0,128
5265.0,130
5266.0,167
5267.0,156
5268.0,151
5269.0,132
5270.0,144
5271.0,140
5272.0,135
5273.0,133
5274.0,140
5275.0,161
5276.0,121
5277.0,82
5278.0,68
5279.0,40
5280.0,0
5281.0,0
5282.0,0
5283.0,0
5284.0,0
5285.0,0
5286.0,0
5287.0,0
5288.0,0
5289.0,0
5290.0,87
5291.0,154
5292.0,116
5293.0,88
5294.0,57
5295.0,48
5296.0,51
5297.0,48
5298.0,50
5299.0,52
5300.0,44
5301.0,18
5302.0,0
5303.0,0
5304.0,0
5305.0,67
5306.0,73
5307.0,7
5308.0,0
5309.0,0
5310.0,0
5311.0,0
5312.0,0
5313.0,0
5314.0,0
5315.0,0
5316.0,0
5317.0,0
5318.0,0
5319.0,0
5320.0,0
5321.0,0
5322.0,19
5323.0,212
5324.0,194
5325.0,166
5326.0,174
5327.0,168
5328.0,160
5329.0,170
5330.0,182
5331.0,202
5332.0,193
5333.0,163
5334.0,159
5335.0,129
5336.0,95
5337.0,56
5338.0,0
5339.0,0
5340.0,0
5341.0,0
5342.0,0
5343.0,0
5344.0,0
5345.0,0
5346.0,0
5347.0,37
5348.0,235
5349.0,458
5350.0,505
5351.0,431
5352.0,314
5353.0,230
5354.0,246
5355.0,251
5356.0,272
5357.0,255
5358.0,312
5359.0,370
5360.0,405
5361.0,386
5362.0,382
5363.0,403
5364.0,390
5365.0,362
5366.0,361
5367.0,346
5368.0,350
5369.0,334
5370.0,302
5371.0,247
5372.0,221
5373.0,181
5374.0,200
5375.0,139
5376.0,197
5377.0,187
5378.0,183
5379.0,178
5380.0,178
5381.0,167
5382.0,174
5383.0,178
5384.0,186
5385.0,185
5386.0,164
5387.0,165
5388.0,157
5389.0,153
5390.0,106
5391.0,159
5392.0,208
5393.0,182
5394.0,155
5395.0,164
5396.0,153
5397.0,128
5398.0,139
5399.0,137
5400.0,131
5401.0,137
5402.0,126
5403.0,133
5404.0,127
5405.0,134
5406.0,145
5407.0,151
5408.0,142
5409.0,95
5410.0,96
5411.0,96
5412.0,93
5413.0,96
5414.0,86
5415.0,115
5416.0,131
5417.0,146
5418.0,133
5419.0,109
5420.0,117
5421.0,108
5422.0,113
5423.0,93
5424.0,73
5425.0,87
5426.0,94
5427.0,100
5428.0,108
5429.0,98
5430.0,93
5431.0,94
5432.0,96
5433.0,92
5434.0,55
5435.0,0
5436.0,0
5437.0,0
5438.0,0
5439.0,0
5440.0,0
5441.0,0
5442.0,0
5443.0,0
5444.0,0
5445.0,0
5446.0,0
5447.0,0
5448.0,0
5449.0,0
5450.0,0
5451.0,0
5452.0,0
5453.0,0
5454.0,0
5455.0,0
5456.0,0
5457.0,0
5458.0,0
5459.0,0
5460.0,0
5461.0,0
5462.0,0
5463.0,0
5464.0,0
5465.0,0
5466.0,0
5467.0,0
5468.0,0
5469.0,0
5470.0,0
5471.0,0
5472.0,0
5473.0,0
5474.0,0
5475.0,0
5476.0,0
5477.0,0
5478.0,0
5479.0,0
5480.0,0
5481.0,0
5482.0,0
5483.0,0
5484.0,0
5485.0,0
5486.0,0
5487.0,0
5488.0,0
5489.0,0
5490.0,0
5491.0,0
5492.0,0
5493.0,0
5494.0,0
5495.0,0
5496.0,0
5497.0,0
5498.0,0
5499.0,0
5500.0,0
5501.0,0
5502.0,0
5503.0,0
5504.0,0
5505.0,0
5506.0,0
5507.0,0
5508.0,0
5509.0,0
5510.0,0
5511.0,0
5512.0,0
5513.0,0
5514.0,0
5515.0,0
5516.0,0
5517.0,0
5518.0,0
5519.0,0
5520.0,0
5521.0,0
5522.0,0
5523.0,0
5524.0,0
5525.0,0
5526.0,0
5527.0,0
5528.0,0
5529.0,0
5530.0,0
5531.0,0
5532.0,0
5533.0,0
5534.0,0
5535.0,0
5536.0,0
5537.0,0
5538.0,0
5539.0,0
5540.0,0
5541.0,0
5542.0,0
5543.0,0
5544.0,0
5545.0,0
5546.0,0
5547.0,0
5548.0,0
5549.0,0
5550.0,0
5551.0,0
5552.0,0
5553.0,0
5554.0,0
5555.0,0
5556.0,0
5557.0,0
5558.0,0
5559.0,0
5560.0,0
5561.0,0
5562.0,0
5563.0,0
5564.0,0
5565.0,0
5566.0,0
5567.0,0
5568.0,0
5569.0,0
5570.0,0
5571.0,0
5572.0,0
5573.0,0
5574.0,0
5575.0,0
5576.0,0
5577.0,0
5578.0,0
5579.0,0
5580.0,0
5581.0,0
5582.0,0
5583.0,0
5584.0,0
5585.0,0
5586.0,0
5587.0,0
5588.0,0
5589.0,0
5590.0,0
5591.0,0
5592.0,0
5593.0,0
5594.0,0
5595.0,0
5596.0,0
5597.0,0
5598.0,0
5599.0,0
5600.0,0
5601.0,0
5602.0,0
5603.0,0
5604.0,0
5605.0,0
5606.0,0
5607.0,0
5608.0,0
5609.0,0
5610.0,0
5611.0,0
5612.0,0
5613.0,0
5614.0,0
5615.0,0
5616.0,0
5617.0,0
5618.0,0
5619.0,0
5620.0,0
5621.0,0
5622.0,0
5623.0,0
5624.0,0
5625.0,0
5626.0,0
5627.0,0
5628.0,0
5629.0,0
5630.0,0
5631.0,0
5632.0,0
5633.0,0
5634.0,0
5635.0,0
5636.0,0
5637.0,0
5638.0,0
5639.0,0
5640.0,0
5641.0,0
5642.0,0
5643.0,0
5644.0,0
5645.0,0
5646.0,0
5647.0,0
5648.0,0
5649.0,0
5650.0,0
5651.0,0
5652.0,0
5653.0,0
5654.0,0
5655.0,0
5656.0,0
5657.0,0
5658.0,0
5659.0,0
5660.0,0
5661.0,0
5662.0,0
5663.0,0
5664.0,0
5665.0,0
5666.0,0
5667.0,0
5668.0,0
5669.0,0
5670.0,0
5671.0,0
5672.0,0
5673.0,0
5674.0,0
5675.0,0
5676.0,0
5677.0,0
5678.0,0
5679.0,0
5680.0,0
5681.0,0
5682.0,0
5683.0,0
5684.0,0
5685.0,0
5686.0,14
5687.0,0
5688.0,0
5689.0,0
5690.0,0
5691.0,0
5692.0,0
5693.0,0
5694.0,0
5695.0,0
5696.0,0
5697.0,0
5698.0,0
5699.0,0
5700.0,0
5701.0,0
5702.0,0
5703.0,0
5704.0,0
5705.0,0
5706.0,0
5707.0,0
5708.0,0
5709.0,0
5710.0,0
5711.0,0
5712.0,0
5713.0,0
5714.0,0
5715.0,0
5716.0,0
5717.0,0
5718.0,0
5719.0,0
5720.0,0
5721.0,0
5722.0,0
5723.0,0
5724.0,0
5725.0,0
5726.0,0
5727.0,0
5728.0,0
5729.0,0
5730.0,0
5731.0,0
5732.0,0
5733.0,0
5734.0,0
5735.0,0
5736.0,0
5737.0,0
5738.0,0
5739.0,245
5740.0,242
5741.0,230
5742.0,169
5743.0,125
5744.0,52
5745.0,28
5746.0,0
5747.0,0
5748.0,0
5749.0,0
5750.0,27
5751.0,98
5752.0,106
5753.0,118
5754.0,128
5755.0,119
5756.0,94
5757.0,61
5758.0,42
5759.0,30
5760.0,0
5761.0,0
5762.0,0
5763.0,0
5764.0,0
5765.0,0
5766.0,0
5767.0,0
5768.0,0
5769.0,0
5770.0,0
5771.0,0
5772.0,0
5773.0,0
5774.0,174
5775.0,303
5776.0,354
5777.0,338
5778.0,331
5779.0,221
5780.0,193
5781.0,202
5782.0,238
5783.0,244
5784.0,204
5785.0,181
5786.0,172
5787.0,175
5788.0,178
5789.0,183
5790.0,207
5791.0,200
5792.0,186
5793.0,170
5794.0,174
5795.0,190
5796.0,185
5797.0,205
5798.0,196
5799.0,201
5800.0,197
5801.0,192
5802.0,175
5803.0,163
5804.0,163
5805.0,195
5806.0,192
5807.0,173
5808.0,154
5809.0,144
5810.0,168
5811.0,174
5812.0,163
5813.0,133
5814.0,30
5815.0,2
5816.0,2
5817.0,3
5818.0,11
5819.0,11
5820.0,130
5821.0,176
5822.0,152
5823.0,148
5824.0,141
5825.0,92
5826.0,72
5827.0,106
5828.0,153
5829.0,178
5830.0,195
5831.0,112
5832.0,3
5833.0,3
5834.0,3
5835.0,70
5836.0,249
5837.0,276
5838.0,282
5839.0,266
5840.0,256
5841.0,249
5842.0,248
5843.0,226
5844.0,202
5845.0,222
5846.0,211
5847.0,204
5848.0,191
5849.0,169
5850.0,163
5851.0,160
5852.0,200
5853.0,216
5854.0,204
5855.0,144
5856.0,155
5857.0,192
5858.0,148
5859.0,62
5860.0,25
5861.0,55
5862.0,40
5863.0,3
5864.0,2
5865.0,0
5866.0,0
5867.0,0
5868.0,0
5869.0,0
5870.0,0
5871.0,0
5872.0,0
5873.0,0
5874.0,0
5875.0,0
5876.0,0
5877.0,0
5878.0,0
5879.0,0
5880.0,0
5881.0,0
5882.0,0
5883.0,0
5884.0,0
5885.0,0
5886.0,0
5887.0,0
5888.0,0
5889.0,0
5890.0,0
5891.0,0
5892.0,0
5893.0,118
5894.0,332
5895.0,311
5896.0,326
5897.0,321
5898.0,252
5899.0,238
5900.0,254
5901.0,224
5902.0,207
5903.0,231
5904.0,233
5905.0,195
5906.0,195
5907.0,210
5908.0,229
5909.0,220
5910.0,192
5911.0,218
5912.0,213
5913.0,207
5914.0,227
5915.0,216
5916.0,183
5917.0,198
5918.0,214
5919.0,212
5920.0,208
5921.0,215
5922.0,207
5923.0,214
5924.0,201
5925.0,187
5926.0,208
5927.0,210
5928.0,223
5929.0,232
5930.0,231
5931.0,228
5932.0,213
5933.0,212
5934.0,251
5935.0,227
5936.0,215
5937.0,207
5938.0,193
5939.0,227
5940.0,237
5941.0,220
5942.0,201
5943.0,231
5944.0,231
5945.0,228
5946.0,215
5947.0,224
5948.0,228
5949.0,218
5950.0,217
5951.0,224
5952.0,229
5953.0,221
5954.0,233
5955.0,235
5956.0,264
5957.0,236
5958.0,236
5959.0,230
5960.0,241
5961.0,232
5962.0,233
5963.0,234
5964.0,215
5965.0,202
5966.0,210
5967.0,234
5968.0,249
5969.0,234
5970.0,225
5971.0,236
5972.0,244
5973.0,240
5974.0,251
5975.0,237
5976.0,265
5977.0,268
5978.0,272
5979.0,281
5980.0,281
5981.0,282
5982.0,292
5983.0,285
5984.0,274
5985.0,274
5986.0,278
5987.0,249
5988.0,268
5989.0,278
5990.0,274
5991.0,263
5992.0,269
5993.0,260
5994.0,262
5995.0,255
5996.0,266
5997.0,264
5998.0,244
5999.0,242
6000.0,261
6001.0,261
6002.0,260
6003.0,265
6004.0,245
6005.0,253
6006.0,237
6007.0,210
6008.0,197
6009.0,170
6010.0,172
6011.0,175
6012.0,159
6013.0,198
6014.0,189
6015.0,166
6016.0,174
6017.0,157
6018.0,155
6019.0,172
6020.0,170
6021.0,155
6022.0,155
6023.0,145
6024.0,169
6025.0,197
6026.0,176
6027.0,200
6028.0,178
6029.0,197
6030.0,207
6031.0,206
6032.0,197
6033.0,205
6034.0,215
6035.0,184
6036.0,200
6037.0,205
6038.0,217
6039.0,226
6040.0,213
6041.0,199
6042.0,182
6043.0,201
6044.0,212
6045.0,205
6046.0,193
6047.0,208
6048.0,202
6049.0,196
6050.0,197
6051.0,201
6052.0,197
6053.0,214
6054.0,213
6055.0,192
6056.0,186
6057.0,181
6058.0,178
6059.0,181
6060.0,179
6061.0,190
6062.0,213
6063.0,197
6064.0,214
6065.0,235
6066.0,254
6067.0,244
6068.0,234
6069.0,202
6070.0,201
6071.0,216
6072.0,223
6073.0,218
6074.0,212
6075.0,210
6076.0,190
6077.0,193
6078.0,226
6079.0,221
6080.0,192
6081.0,192
6082.0,188
6083.0,206
6084.0,218
6085.0,203
6086.0,189
6087.0,204
6088.0,226
6089.0,210
6090.0,228
6091.0,216
6092.0,207
6093.0,229
6094.0,221
6095.0,217
6096.0,191
6097.0,141
6098.0,62
6099.0,42
6100.0,20
6101.0,0
6102.0,0
6103.0,0
6104.0,0
6105.0,0
6106.0,0
6107.0,0
6108.0,0
6109.0,59
6110.0,210
6111.0,21
6112.0,47
6113.0,155
6114.0,100
6115.0,80
6116.0,79
6117.0,70
6118.0,71
6119.0,94
6120.0,73
6121.0,133
6122.0,251
6123.0,279
6124.0,287
6125.0,289
6126.0,282
6127.0,256
6128.0,252
6129.0,241
6130.0,227
6131.0,205
6132.0,252
6133.0,242
6134.0,265
6135.0,244
6136.0,222
6137.0,210
6138.0,219
6139.0,192
6140.0,179
6141.0,190
6142.0,196
6143.0,189
6144.0,186
6145.0,204
6146.0,219
6147.0,217
6148.0,187
6149.0,204
6150.0,206
6151.0,197
6152.0,223
6153.0,241
6154.0,248
6155.0,257
6156.0,260
6157.0,243
6158.0,234
6159.0,222
6160.0,238
6161.0,236
6162.0,224
6163.0,212
6164.0,212
6165.0,227
6166.0,219
6167.0,213
6168.0,218
6169.0,221
6170.0,217
6171.0,241
6172.0,244
6173.0,240
6174.0,264
6175.0,255
6176.0,253
6177.0,246
6178.0,244
6179.0,232
6180.0,224
6181.0,224
6182.0,225
6183.0,215
6184.0,204
6185.0,210
6186.0,205
6187.0,204
6188.0,196
6189.0,214
6190.0,218
6191.0,214
6192.0,212
6193.0,212
6194.0,221
6195.0,222
6196.0,223
6197.0,218
6198.0,212
6199.0,213
6200.0,219
6201.0,207
6202.0,214
6203.0,208
6204.0,229
6205.0,228
6206.0,218
6207.0,209
6208.0,226
6209.0,218
6210.0,221
6211.0,232
6212.0,229
6213.0,218
6214.0,205
6215.0,205
6216.0,201
6217.0,213
6218.0,220
6219.0,220
6220.0,200
6221.0,218
6222.0,225
6223.0,208
6224.0,201
6225.0,201
6226.0,208
6227.0,207
6228.0,202
6229.0,225
6230.0,234
6231.0,226
6232.0,211
6233.0,214
6234.0,231
6235.0,248
6236.0,256
6237.0,260
6238.0,248
6239.0,245
6240.0,248
6241.0,211
6242.0,206
6243.0,249
6244.0,255
6245.0,247
6246.0,239
6247.0,299
6248.0,283
6249.0,257
6250.0,249
6251.0,195
6252.0,200
6253.0,225
6254.0,249
6255.0,267
6256.0,251
6257.0,257
6258.0,252
6259.0,269
6260.0,274
6261.0,256
6262.0,245
6263.0,233
6264.0,216
6265.0,213
6266.0,203
6267.0,211
6268.0,218
6269.0,211
6270.0,210
6271.0,211
6272.0,215
6273.0,214
6274.0,215
6275.0,217
6276.0,203
6277.0,197
6278.0,219
6279.0,210
6280.0,207
6281.0,221
6282.0,238
6283.0,250
6284.0,221
6285.0,222
6286.0,220
6287.0,227
6288.0,240
6289.0,244
6290.0,248
6291.0,248
6292.0,231
6293.0,228
6294.0,223
6295.0,226
6296.0,221
6297.0,220
6298.0,219
6299.0,198
6300.0,207
6301.0,221
6302.0,212
6303.0,197
6304.0,190
6305.0,190
6306.0,198
6307.0,206
6308.0,206
6309.0,208
6310.0,232
6311.0,219
6312.0,222
6313.0,218
6314.0,219
6315.0,233
6316.0,232
6317.0,221
6318.0,227
6319.0,220
6320.0,218
6321.0,222
6322.0,214
6323.0,217
6324.0,216
6325.0,216
6326.0,230
6327.0,234
6328.0,229
6329.0,228
6330.0,232
6331.0,225
6332.0,247
6333.0,249
6334.0,247
6335.0,254
6336.0,270
6337.0,267
6338.0,307
6339.0,269
6340.0,261
6341.0,248
6342.0,235
6343.0,230
6344.0,227
6345.0,233
6346.0,231
6347.0,229
6348.0,225
6349.0,232
6350.0,243
6351.0,236
6352.0,236
6353.0,247
6354.0,279
6355.0,255
6356.0,255
6357.0,242
6358.0,255
6359.0,241
6360.0,252
6361.0,268
6362.0,269
6363.0,259
6364.0,236
6365.0,227
6366.0,226
6367.0,223
6368.0,216
6369.0,243
6370.0,234
6371.0,237
6372.0,212
6373.0,188
6374.0,194
6375.0,208
6376.0,201
6377.0,203
6378.0,209
6379.0,207
6380.0,219
6381.0,221
6382.0,213
6383.0,225
6384.0,196
6385.0,180
6386.0,212
6387.0,240
6388.0,261
6389.0,280
6390.0,260
6391.0,250
6392.0,232
6393.0,229
6394.0,235
6395.0,226
6396.0,232
6397.0,236
6398.0,236
6399.0,233
6400.0,236
6401.0,235
6402.0,227
6403.0,220
6404.0,227
6405.0,223
6406.0,218
6407.0,228
6408.0,233
6409.0,223
6410.0,235
6411.0,233
6412.0,243
6413.0,240
6414.0,218
6415.0,226
6416.0,227
6417.0,244
6418.0,254
6419.0,257
6420.0,268
6421.0,251
6422.0,269
6423.0,267
6424.0,270
6425.0,255
6426.0,246
6427.0,248
6428.0,260
6429.0,270
6430.0,244
6431.0,247
6432.0,245
6433.0,235
6434.0,225
6435.0,230
6436.0,256
6437.0,247
6438.0,250
6439.0,243
6440.0,259
6441.0,279
6442.0,284
6443.0,275
6444.0,281
6445.0,256
6446.0,257
6447.0,278
6448.0,265
6449.0,269
6450.0,263
6451.0,272
6452.0,275
6453.0,276
6454.0,243
6455.0,233
6456.0,253
6457.0,261
6458.0,249
6459.0,232
6460.0,242
6461.0,246
6462.0,259
6463.0,249
6464.0,237
6465.0,243
6466.0,263
6467.0,305
6468.0,297
6469.0,276
6470.0,278
6471.0,256
6472.0,250
6473.0,258
6474.0,278
6475.0,291
6476.0,295
6477.0,302
6478.0,299
6479.0,274
6480.0,249
6481.0,250
6482.0,250
6483.0,253
6484.0,250
6485.0,244
6486.0,234
6487.0,257
6488.0,224
6489.0,212
6490.0,216
6491.0,225
6492.0,222
6493.0,222
6494.0,205
6495.0,221
6496.0,220
6497.0,204
6498.0,222
6499.0,223
6500.0,223
6501.0,225
6502.0,227
6503.0,241
6504.0,232
6505.0,225
6506.0,232
6507.0,221
6508.0,224
6509.0,228
6510.0,224
6511.0,213
6512.0,216
6513.0,254
6514.0,250
6515.0,233
6516.0,197
6517.0,196
6518.0,221
6519.0,235
6520.0,208
6521.0,186
6522.0,199
6523.0,259
6524.0,279
6525.0,268
6526.0,237
6527.0,236
6528.0,259
6529.0,266
6530.0,249
6531.0,248
6532.0,271
6533.0,251
6534.0,226
6535.0,241
6536.0,262
6537.0,264
6538.0,265
6539.0,270
6540.0,242
6541.0,269
6542.0,273
6543.0,257
6544.0,260
6545.0,260
6546.0,254
6547.0,257
6548.0,278
6549.0,298
6550.0,288
6551.0,277
6552.0,322
6553.0,316
6554.0,317
6555.0,312
6556.0,298
6557.0,289
6558.0,296
6559.0,290
6560.0,287
6561.0,250
6562.0,243
6563.0,262
6564.0,286
6565.0,293
6566.0,285
6567.0,267
6568.0,287
6569.0,272
6570.0,280
6571.0,268
6572.0,259
6573.0,270
6574.0,271
6575.0,274
6576.0,255
6577.0,255
6578.0,285
6579.0,269
6580.0,264
6581.0,265
6582.0,257
6583.0,234
6584.0,247
6585.0,295
6586.0,269
6587.0,252
6588.0,224
6589.0,220
6590.0,224
6591.0,228
6592.0,240
6593.0,224
6594.0,227
6595.0,223
6596.0,226
6597.0,210
6598.0,228
6599.0,225
6600.0,213
6601.0,216
6602.0,246
6603.0,242
6604.0,231
6605.0,198
6606.0,185
6607.0,265
6608.0,296
6609.0,289
6610.0,291
6611.0,282
6612.0,269
6613.0,265
6614.0,283
6615.0,286
6616.0,267
6617.0,244
6618.0,249
6619.0,235
6620.0,243
6621.0,236
6622.0,216
6623.0,204
6624.0,234
6625.0,235
6626.0,229
6627.0,252
6628.0,228
6629.0,227
6630.0,205
6631.0,201
6632.0,206
6633.0,223
6634.0,211
6635.0,201
6636.0,204
6637.0,211
6638.0,196
6639.0,207
6640.0,216
6641.0,203
6642.0,188
6643.0,180
6644.0,149
6645.0,160
6646.0,181
6647.0,150
6648.0,28
6649.0,0
6650.0,0
6651.0,0
6652.0,0
6653.0,0
6654.0,83
6655.0,258
6656.0,249
6657.0,265
6658.0,211
6659.0,0
6660.0,0
6661.0,0
6662.0,21
6663.0,78
6664.0,294
6665.0,288
6666.0,262
6667.0,164
6668.0,103
6669.0,42
6670.0,0
6671.0,0
6672.0,0
6673.0,0
6674.0,0
6675.0,0
6676.0,0
6677.0,0
6678.0,0
6679.0,230
6680.0,213
6681.0,215
6682.0,204
6683.0,163
6684.0,124
6685.0,137
6686.0,129
6687.0,99
6688.0,92
6689.0,104
6690.0,127
6691.0,126
6692.0,136
6693.0,174
6694.0,161
6695.0,140
6696.0,139
6697.0,144
6698.0,179
6699.0,161
6700.0,150
6701.0,151
6702.0,161
6703.0,178
6704.0,187
6705.0,181
6706.0,192
6707.0,197
6708.0,217
6709.0,221
6710.0,208
6711.0,237
6712.0,252
6713.0,227
6714.0,210
6715.0,215
6716.0,200
6717.0,189
6718.0,177
6719.0,137
6720.0,126
6721.0,113
6722.0,106
6723.0,102
6724.0,113
6725.0,106
6726.0,106
6727.0,108
6728.0,118
6729.0,112
6730.0,115
6731.0,119
6732.0,111
6733.0,124
6734.0,131
6735.0,68
6736.0,4
6737.0,4
6738.0,5
6739.0,92
6740.0,250
6741.0,245
6742.0,218
6743.0,187
6744.0,179
6745.0,149
6746.0,141
6747.0,174
6748.0,178
6749.0,187
6750.0,179
6751.0,150
6752.0,160
6753.0,217
6754.0,195
6755.0,149
6756.0,150
6757.0,144
6758.0,129
6759.0,162
6760.0,148
6761.0,152
6762.0,170
6763.0,163
6764.0,170
6765.0,191
6766.0,206
6767.0,229
6768.0,253
6769.0,282
6770.0,267
6771.0,265
6772.0,247
6773.0,244
6774.0,211
6775.0,188
6776.0,200
6777.0,218
6778.0,225
6779.0,211
6780.0,209
6781.0,211
6782.0,218
6783.0,238
6784.0,221
6785.0,201
6786.0,202
6787.0,209
6788.0,204
6789.0,205
6790.0,187
6791.0,182
6792.0,192
6793.0,195
6794.0,200
6795.0,210
6796.0,212
6797.0,239
6798.0,228
6799.0,209
6800.0,221
6801.0,214
6802.0,207
6803.0,210
6804.0,221
6805.0,228
6806.0,197
6807.0,189
6808.0,138
6809.0,128
6810.0,127
6811.0,174
6812.0,153
6813.0,140
6814.0,138
6815.0,189
6816.0,194
6817.0,181
6818.0,187
6819.0,213
6820.0,213
6821.0,202
6822.0,251
6823.0,243
6824.0,239
6825.0,215
6826.0,225
6827.0,249
6828.0,263
6829.0,175
6830.0,0
6831.0,0
6832.0,0
6833.0,0
6834.0,0
6835.0,0
6836.0,0
6837.0,0
6838.0,0
6839.0,0
6840.0,0
6841.0,0
6842.0,0
6843.0,0
6844.0,0
6845.0,0
6846.0,0
6847.0,0
6848.0,0
6849.0,0
6850.0,0
6851.0,0
6852.0,0
6853.0,0
6854.0,0
6855.0,0
6856.0,0
6857.0,0
6858.0,0
6859.0,0
6860.0,0
6861.0,0
6862.0,0
6863.0,0
6864.0,0
6865.0,0
6866.0,0
6867.0,0
6868.0,0
6869.0,0
6870.0,0
6871.0,0
6872.0,0
6873.0,0
6874.0,0
6875.0,0
6876.0,0
6877.0,0
6878.0,0
6879.0,0
6880.0,0
6881.0,0
6882.0,0
6883.0,0
6884.0,0
6885.0,0
6886.0,0
6887.0,0
6888.0,0
6889.0,0
6890.0,0
6891.0,0
6892.0,0
6893.0,0
6894.0,0
6895.0,0
6896.0,0
6897.0,0
6898.0,0
6899.0,0
6900.0,0
6901.0,0
6902.0,0
6903.0,0
6904.0,0
6905.0,0
6906.0,0
6907.0,0
6908.0,0
6909.0,0
6910.0,0
6911.0,0
6912.0,0
6913.0,0
6914.0,0
6915.0,0
6916.0,0
6917.0,0
6918.0,0
6919.0,0
6920.0,0
6921.0,0
6922.0,0
6923.0,0
6924.0,0
6925.0,0
6926.0,0
6927.0,0
6928.0,0
6929.0,0
6930.0,0
6931.0,0
6932.0,0
6933.0,0
6934.0,0
6935.0,0
6936.0,0
6937.0,0
6938.0,0
6939.0,0
6940.0,0
6941.0,0
6942.0,0
6943.0,0
6944.0,0
6945.0,0
6946.0,0
6947.0,0
6948.0,0
6949.0,0
6950.0,0
6951.0,0
6952.0,0
6953.0,0
6954.0,0
6955.0,0
6956.0,0
6957.0,0
6958.0,0
6959.0,0
6960.0,0
6961.0,0
6962.0,0
6963.0,0
6964.0,0
6965.0,0
6966.0,0
6967.0,0
6968.0,0
6969.0,0
6970.0,0
6971.0,0
6972.0,21
6973.0,219
6974.0,514
6975.0,521
6976.0,399
6977.0,304
6978.0,264
6979.0,280
6980.0,274
6981.0,275
6982.0,270
6983.0,347
6984.0,328
6985.0,295
6986.0,294
6987.0,312
6988.0,317
6989.0,315
6990.0,293
6991.0,298
6992.0,310
6993.0,289
6994.0,226
6995.0,240
6996.0,242
6997.0,276
6998.0,303
6999.0,315
7000.0,282
7001.0,263
7002.0,253
7003.0,224
7004.0,224
7005.0,197
7006.0,169
7007.0,173
7008.0,239
7009.0,255
7010.0,228
7011.0,298
7012.0,308
7013.0,219
7014.0,206
7015.0,232
7016.0,238
7017.0,260
7018.0,262
7019.0,297
7020.0,243
7021.0,198
7022.0,183
7023.0,214
7024.0,226
7025.0,220
7026.0,269
7027.0,296
7028.0,283
7029.0,279
7030.0,281
7031.0,290
7032.0,290
7033.0,299
7034.0,292
7035.0,307
7036.0,338
7037.0,326
7038.0,379
7039.0,414
7040.0,394
7041.0,372
7042.0,330
7043.0,303
7044.0,278
7045.0,329
7046.0,330
7047.0,335
7048.0,302
7049.0,281
7050.0,295
7051.0,313
7052.0,301
7053.0,303
7054.0,283
7055.0,296
7056.0,312
7057.0,312
7058.0,335
7059.0,321
7060.0,319
7061.0,320
7062.0,344
7063.0,330
7064.0,310
7065.0,342
7066.0,355
7067.0,336
7068.0,359
7069.0,357
7070.0,346
7071.0,351
7072.0,353
7073.0,336
7074.0,314
7075.0,289
7076.0,286
7077.0,332
7078.0,335
7079.0,276
7080.0,164
7081.0,282
7082.0,296
7083.0,263
7084.0,300
7085.0,305
7086.0,341
7087.0,308
7088.0,302
7089.0,306
7090.0,312
7091.0,284
7092.0,287
7093.0,323
7094.0,333
7095.0,313
7096.0,324
7097.0,283
7098.0,257
7099.0,272
7100.0,246
7101.0,224
7102.0,194
7103.0,204
7104.0,240
7105.0,218
7106.0,279
7107.0,321
7108.0,314
7109.0,299
7110.0,293
7111.0,299
7112.0,335
7113.0,337
7114.0,345
7115.0,344
7116.0,356
7117.0,397
7118.0,375
7119.0,335
7120.0,327
7121.0,324
7122.0,290
7123.0,246
7124.0,229
7125.0,215
7126.0,192
7127.0,189
7128.0,219
7129.0,173
7130.0,194
7131.0,185
7132.0,150
7133.0,198
7134.0,248
7135.0,202
7136.0,245
7137.0,285
7138.0,308
7139.0,308
7140.0,314
7141.0,337
7142.0,337
7143.0,309
7144.0,327
7145.0,308
7146.0,288
7147.0,253
7148.0,223
7149.0,207
7150.0,277
7151.0,322
7152.0,314
7153.0,312
7154.0,313
7155.0,294
7156.0,323
7157.0,296
7158.0,258
7159.0,258
7160.0,238
7161.0,298
7162.0,347
7163.0,407
7164.0,374
7165.0,328
7166.0,291
7167.0,241
7168.0,239
7169.0,266
7170.0,275
7171.0,294
7172.0,275
7173.0,275
7174.0,272
7175.0,266
7176.0,283
7177.0,315
7178.0,327
7179.0,339
7180.0,361
7181.0,377
7182.0,364
7183.0,353
7184.0,323
7185.0,302
7186.0,298
7187.0,315
7188.0,338
7189.0,318
7190.0,319
7191.0,316
7192.0,345
7193.0,366
7194.0,367
7195.0,358
7196.0,334
7197.0,344
7198.0,336
7199.0,335
7200.0,299
7201.0,300
7202.0,324
7203.0,327
7204.0,300
7205.0,318
7206.0,286
7207.0,247
7208.0,230
7209.0,260
7210.0,261
7211.0,283
7212.0,283
7213.0,291
7214.0,267
7215.0,261
7216.0,227
7217.0,278
7218.0,375
7219.0,403
7220.0,417
7221.0,393
7222.0,367
7223.0,375
7224.0,374
7225.0,359
7226.0,342
7227.0,357
7228.0,346
7229.0,317
7230.0,273
7231.0,257
7232.0,262
7233.0,253
7234.0,271
7235.0,311
7236.0,340
7237.0,320
7238.0,320
7239.0,300
7240.0,296
7241.0,286
7242.0,272
7243.0,284
7244.0,268
7245.0,284
7246.0,296
7247.0,295
7248.0,329
7249.0,364
7250.0,366
7251.0,369
7252.0,399
7253.0,407
7254.0,400
7255.0,390
7256.0,384
7257.0,377
7258.0,361
7259.0,317
7260.0,320
7261.0,328
7262.0,328
7263.0,335
7264.0,358
7265.0,357
7266.0,362
7267.0,361
7268.0,341
7269.0,324
7270.0,324
7271.0,355
7272.0,349
7273.0,329
7274.0,332
7275.0,333
7276.0,337
7277.0,329
7278.0,327
7279.0,336
7280.0,331
7281.0,341
7282.0,340
7283.0,311
7284.0,303
7285.0,281
7286.0,304
7287.0,338
7288.0,341
7289.0,326
7290.0,313
7291.0,289
7292.0,291
7293.0,315
7294.0,326
7295.0,350
7296.0,331
7297.0,340
7298.0,386
7299.0,359
7300.0,333
7301.0,368
7302.0,391
7303.0,364
7304.0,357
7305.0,331
7306.0,303
7307.0,240
7308.0,260
7309.0,281
7310.0,287
7311.0,327
7312.0,312
7313.0,313
7314.0,292
7315.0,306
7316.0,339
7317.0,348
7318.0,343
7319.0,342
7320.0,315
7321.0,367
7322.0,344
7323.0,276
7324.0,299
7325.0,318
7326.0,332
7327.0,337
7328.0,281
7329.0,280
7330.0,293
7331.0,330
7332.0,362
7333.0,342
7334.0,334
7335.0,322
7336.0,303
7337.0,292
7338.0,306
7339.0,332
7340.0,370
7341.0,377
7342.0,376
7343.0,390
7344.0,371
7345.0,318
7346.0,275
7347.0,299
7348.0,303
7349.0,276
7350.0,282
7351.0,322
7352.0,307
7353.0,316
7354.0,325
7355.0,337
7356.0,316
7357.0,315
7358.0,285
7359.0,276
7360.0,343
7361.0,443
7362.0,456
7363.0,401
7364.0,491
7365.0,543
7366.0,485
7367.0,415
7368.0,340
7369.0,342
7370.0,305
7371.0,271
7372.0,285
7373.0,276
7374.0,310
7375.0,268
7376.0,296
7377.0,293
7378.0,297
7379.0,305
7380.0,297
7381.0,288
7382.0,307
7383.0,370
7384.0,376
7385.0,436
7386.0,387
7387.0,353
7388.0,302
7389.0,303
7390.0,319
7391.0,345
7392.0,334
7393.0,327
7394.0,323
7395.0,350
7396.0,371
7397.0,346
7398.0,357
7399.0,359
7400.0,346
7401.0,349
7402.0,286
7403.0,313
7404.0,364
7405.0,423
7406.0,301
7407.0,389
7408.0,382
7409.0,428
7410.0,390
7411.0,311
7412.0,344
7413.0,319
7414.0,328
7415.0,324
7416.0,329
7417.0,347
7418.0,376
7419.0,340
7420.0,389
7421.0,352
7422.0,347
7423.0,316
7424.0,337
7425.0,321
7426.0,284
7427.0,281
7428.0,275
7429.0,266
7430.0,307
7431.0,262
7432.0,362
7433.0,347
7434.0,434
7435.0,418
7436.0,441
7437.0,447
7438.0,406
7439.0,409
7440.0,430
7441.0,406
7442.0,361
7443.0,352
7444.0,361
7445.0,363
7446.0,344
7447.0,348
7448.0,378
7449.0,402
7450.0,441
7451.0,438
7452.0,382
7453.0,386
7454.0,366
7455.0,392
7456.0,420
7457.0,369
7458.0,372
7459.0,394
7460.0,372
7461.0,370
7462.0,476
7463.0,419
7464.0,419
7465.0,379
7466.0,264
7467.0,164
7468.0,92
7469.0,83
7470.0,64
7471.0,31
7472.0,89
7473.0,89
7474.0,99
7475.0,66
7476.0,0
7477.0,0
7478.0,0
7479.0,0
7480.0,0
7481.0,0
7482.0,29
7483.0,72
7484.0,64
7485.0,39
7486.0,2
7487.0,2
7488.0,33
7489.0,214
7490.0,253
7491.0,307
7492.0,313
7493.0,328
7494.0,315
7495.0,272
7496.0,255
7497.0,252
7498.0,254
7499.0,249
7500.0,224
7501.0,232
7502.0,256
7503.0,260
7504.0,269
7505.0,258
7506.0,262
7507.0,253
7508.0,227
7509.0,216
7510.0,202
7511.0,166
7512.0,174
7513.0,152
7514.0,168
7515.0,197
7516.0,184
7517.0,209
7518.0,215
7519.0,215
7520.0,210
7521.0,157
7522.0,240
7523.0,253
7524.0,270
7525.0,230
7526.0,209
7527.0,237
7528.0,250
7529.0,250
7530.0,236
7531.0,254
7532.0,253
7533.0,217
7534.0,201
7535.0,205
7536.0,209
7537.0,206
7538.0,201
7539.0,180
7540.0,190
7541.0,190
7542.0,208
7543.0,223
7544.0,240
7545.0,231
7546.0,227
7547.0,200
7548.0,213
7549.0,218
7550.0,255
7551.0,257
7552.0,246
7553.0,229
7554.0,216
7555.0,202
7556.0,211
7557.0,228
7558.0,207
7559.0,193
7560.0,190
7561.0,176
7562.0,206
7563.0,209
7564.0,212
7565.0,221
7566.0,232
7567.0,227
7568.0,183
7569.0,174
7570.0,202
7571.0,228
7572.0,224
7573.0,227
7574.0,220
7575.0,225
7576.0,221
7577.0,221
7578.0,208
7579.0,188
7580.0,184
7581.0,196
7582.0,232
7583.0,212
7584.0,192
7585.0,204
7586.0,237
7587.0,247
7588.0,226
7589.0,222
7590.0,206
7591.0,221
7592.0,220
7593.0,211
7594.0,224
7595.0,225
7596.0,233
7597.0,231
7598.0,203
7599.0,218
7600.0,225
7601.0,190
7602.0,183
7603.0,237
7604.0,243
7605.0,263
7606.0,281
7607.0,261
7608.0,263
7609.0,262
7610.0,238
7611.0,233
7612.0,223
7613.0,217
7614.0,203
7615.0,176
7616.0,139
7617.0,114
7618.0,127
7619.0,101
7620.0,74
7621.0,0
7622.0,0
7623.0,0
7624.0,0
7625.0,0
7626.0,44
7627.0,190
7628.0,101
7629.0,77
7630.0,86
7631.0,0
7632.0,0
7633.0,0
7634.0,0
7635.0,0
7636.0,0
7637.0,0
7638.0,0
7639.0,0
7640.0,0
7641.0,0
7642.0,0
7643.0,0
7644.0,0
7645.0,0
7646.0,0
7647.0,0
7648.0,0
7649.0,0
7650.0,0
7651.0,0
7652.0,0
7653.0,0
7654.0,0
7655.0,0
7656.0,0
7657.0,0
7658.0,0
7659.0,0
7660.0,0
7661.0,0
7662.0,0
7663.0,0
7664.0,0
7665.0,0
7666.0,0
7667.0,0
7668.0,0
7669.0,0
7670.0,0
7671.0,0
7672.0,0
7673.0,0
7674.0,0
7675.0,0
7676.0,0
7677.0,0
7678.0,0
7679.0,0
7680.0,0
7681.0,0
7682.0,0
7683.0,0
7684.0,0
7685.0,0
7686.0,0
7687.0,0
7688.0,0
7689.0,0
7690.0,0
7691.0,0
7692.0,0
7693.0,0
7694.0,0
7695.0,0
7696.0,0
7697.0,0
7698.0,0
7699.0,0
7700.0,0
7701.0,0
7702.0,0
7703.0,0
7704.0,0
7705.0,0
7706.0,0
7707.0,0
7708.0,0
7709.0,0
7710.0,0
7711.0,0
7712.0,0
7713.0,0
7714.0,0
7715.0,0
7716.0,0
7717.0,0
7718.0,0
7719.0,0
7720.0,0
7721.0,0
7722.0,0
7723.0,0
7724.0,0
7725.0,0
7726.0,0
7727.0,0
7728.0,0
7729.0,0
7730.0,0
7731.0,0
7732.0,0
7733.0,0
7734.0,0
7735.0,0
7736.0,0
7737.0,0
7738.0,0
7739.0,0
7740.0,0
7741.0,0
7742.0,0
7743.0,0
7744.0,0
7745.0,0
7746.0,0
7747.0,0
7748.0,0
7749.0,0
7750.0,0
7751.0,0
7752.0,0
7753.0,0
7754.0,0
7755.0,0
7756.0,0
7757.0,0
7758.0,0
7759.0,0
7760.0,0
7761.0,0
7762.0,0
7763.0,0
7764.0,0
7765.0,0
7766.0,0
7767.0,0
7768.0,0
7769.0,0
7770.0,0
7771.0,0
7772.0,0
7773.0,0
7774.0,0
7775.0,0
7776.0,0
7777.0,0
7778.0,0
7779.0,0
7780.0,0
7781.0,0
7782.0,0
7783.0,0
7784.0,0
7785.0,0
7786.0,0
7787.0,0
7788.0,0
7789.0,0
7790.0,0
7791.0,0
7792.0,0
7793.0,0
7794.0,0
7795.0,0
7796.0,0
7797.0,0
7798.0,0
7799.0,0
7800.0,0
7801.0,0
7802.0,0
7803.0,0
7804.0,0
7805.0,0
7806.0,0
7807.0,0
7808.0,0
7809.0,0
7810.0,0
7811.0,0
7812.0,0
7813.0,0
7814.0,0
7815.0,0
7816.0,0
7817.0,0
7818.0,0
7819.0,0
7820.0,0
7821.0,0
7822.0,0
7823.0,0
7824.0,0
7825.0,0
7826.0,0
7827.0,0
7828.0,0
7829.0,0
7830.0,0
7831.0,0
7832.0,0
7833.0,0
7834.0,0
7835.0,0
7836.0,0
7837.0,0
7838.0,0
7839.0,0
7840.0,0
7841.0,0
7842.0,0
7843.0,0
7844.0,0
7845.0,0
7846.0,0
7847.0,0
7848.0,0
7849.0,0
7850.0,0
7851.0,0
7852.0,0
7853.0,0
7854.0,0
7855.0,0
7856.0,0
7857.0,0
7858.0,0
7859.0,0
7860.0,0
7861.0,0
7862.0,0
7863.0,0
7864.0,0
7865.0,0
7866.0,0
7867.0,0
7868.0,0
7869.0,0
7870.0,0
7871.0,0
7872.0,0
7873.0,0
7874.0,0
7875.0,0
7876.0,0
7877.0,0
7878.0,0
7879.0,0
7880.0,0
7881.0,0
7882.0,0
7883.0,0
7884.0,0
7885.0,0
7886.0,0
7887.0,0
7888.0,0
7889.0,0
7890.0,0
7891.0,0
7892.0,0
7893.0,0
7894.0,0
7895.0,0
7896.0,0
7897.0,64
7898.0,57
7899.0,61
7900.0,118
7901.0,101
7902.0,90
7903.0,84
7904.0,97
7905.0,95
7906.0,44
7907.0,9
7908.0,22
7909.0,22
7910.0,58
7911.0,67
7912.0,85
7913.0,74
7914.0,77
7915.0,65
7916.0,55
7917.0,37
7918.0,7
7919.0,7
7920.0,7
7921.0,81
7922.0,85
7923.0,61
7924.0,51
7925.0,42
7926.0,62
7927.0,87
7928.0,101
7929.0,194
7930.0,215
7931.0,160
7932.0,154
7933.0,144
7934.0,170
7935.0,161
7936.0,147
7937.0,120
7938.0,65
7939.0,68
7940.0,73
7941.0,43
7942.0,19
7943.0,87
7944.0,167
7945.0,199
7946.0,159
7947.0,136
7948.0,144
7949.0,172
7950.0,173
7951.0,160
7952.0,168
7953.0,175
7954.0,178
7955.0,166
7956.0,176
7957.0,171
7958.0,210
7959.0,227
7960.0,192
7961.0,106
7962.0,117
7963.0,161
7964.0,133
7965.0,144
7966.0,152
7967.0,203
7968.0,182
7969.0,205
7970.0,204
7971.0,149
7972.0,179
7973.0,198
7974.0,208
7975.0,209
7976.0,189
7977.0,162
7978.0,118
7979.0,112
7980.0,109
7981.0,90
7982.0,99
7983.0,122
7984.0,147
7985.0,178
7986.0,194
7987.0,229
7988.0,201
7989.0,176
7990.0,133
7991.0,123
7992.0,217
7993.0,219
7994.0,281
7995.0,280
7996.0,266
7997.0,301
7998.0,274
7999.0,285
8000.0,261
8001.0,225
8002.0,250
8003.0,248
8004.0,216
8005.0,292
8006.0,295
8007.0,260
8008.0,250
8009.0,247
8010.0,249
8011.0,238
8012.0,216
8013.0,214
8014.0,237
8015.0,286
8016.0,255
8017.0,224
8018.0,313
8019.0,346
8020.0,329
8021.0,280
8022.0,228
8023.0,209
8024.0,134
8025.0,245
8026.0,285
8027.0,262
8028.0,270
8029.0,291
8030.0,308
8031.0,222
8032.0,217
8033.0,236
8034.0,253
8035.0,278
8036.0,266
8037.0,257
8038.0,273
8039.0,268
8040.0,234
8041.0,186
8042.0,141
8043.0,222
8044.0,235
8045.0,251
8046.0,261
8047.0,212
8048.0,159
8049.0,184
8050.0,212
8051.0,147
8052.0,118
8053.0,119
8054.0,127
8055.0,103
8056.0,191
8057.0,174
8058.0,129
8059.0,136
8060.0,130
8061.0,129
8062.0,158
8063.0,182
8064.0,211
8065.0,283
8066.0,304
8067.0,231
8068.0,197
8069.0,162
8070.0,152
8071.0,110
8072.0,113
8073.0,190
8074.0,118
8075.0,111
8076.0,87
8077.0,139
8078.0,155
8079.0,163
8080.0,174
8081.0,186
8082.0,218
8083.0,209
8084.0,224
8085.0,249
8086.0,249
8087.0,239
8088.0,233
8089.0,218
8090.0,234
8091.0,226
8092.0,206
8093.0,207
8094.0,209
8095.0,264
8096.0,266
8097.0,264
8098.0,243
8099.0,242
8100.0,283
8101.0,317
8102.0,284
8103.0,237
8104.0,227
8105.0,258
8106.0,259
8107.0,250
8108.0,260
8109.0,248
8110.0,247
8111.0,256
8112.0,247
8113.0,243
8114.0,272
8115.0,259
8116.0,190
8117.0,168
8118.0,232
8119.0,272
8120.0,283
8121.0,285
8122.0,300
8123.0,320
8124.0,265
8125.0,211
8126.0,246
8127.0,251
8128.0,221
8129.0,243
8130.0,248
8131.0,252
8132.0,236
8133.0,224
8134.0,230
8135.0,227
8136.0,219
8137.0,187
8138.0,189
8139.0,203
8140.0,193
8141.0,168
8142.0,138
8143.0,167
8144.0,150
8145.0,116
8146.0,107
8147.0,157
8148.0,162
8149.0,219
8150.0,195
8151.0,100
8152.0,191
8153.0,250
8154.0,164
8155.0,193
8156.0,199
8157.0,163
8158.0,191
8159.0,190
8160.0,191
8161.0,192
8162.0,192
8163.0,202
8164.0,207
8165.0,206
8166.0,192
8167.0,179
8168.0,173
8169.0,166
8170.0,177
8171.0,187
8172.0,196
8173.0,245
8174.0,250
8175.0,236
8176.0,208
8177.0,213
8178.0,231
8179.0,179
8180.0,184
8181.0,232
8182.0,238
8183.0,238
8184.0,217
8185.0,190
8186.0,197
8187.0,196
8188.0,220
8189.0,205
8190.0,201
8191.0,175
8192.0,150
8193.0,168
8194.0,176
8195.0,178
8196.0,216
8197.0,251
8198.0,241
8199.0,253
8200.0,204
8201.0,228
8202.0,224
8203.0,202
8204.0,226
8205.0,208
8206.0,213
8207.0,221
8208.0,178
8209.0,209
8210.0,238
8211.0,240
8212.0,238
8213.0,255
8214.0,280
8215.0,279
8216.0,284
8217.0,303
8218.0,274
8219.0,239
8220.0,230
8221.0,242
8222.0,238
8223.0,258
8224.0,273
8225.0,278
8226.0,252
8227.0,192
8228.0,151
8229.0,145
8230.0,124
8231.0,146
8232.0,143
8233.0,104
8234.0,96
8235.0,96
8236.0,110
8237.0,126
8238.0,139
8239.0,136
8240.0,144
8241.0,87
8242.0,120
8243.0,86
8244.0,89
8245.0,108
8246.0,127
8247.0,158
8248.0,100
8249.0,25
8250.0,0
8251.0,0
8252.0,0
8253.0,105
8254.0,126
8255.0,104
8256.0,116
8257.0,128
8258.0,160
8259.0,170
8260.0,167
8261.0,197
8262.0,174
8263.0,159
8264.0,212
8265.0,211
8266.0,166
8267.0,154
8268.0,164
8269.0,193
8270.0,187
8271.0,186
8272.0,201
8273.0,195
8274.0,188
8275.0,196
8276.0,182
8277.0,172
8278.0,210
8279.0,249
8280.0,219
8281.0,236
8282.0,201
8283.0,246
8284.0,241
8285.0,214
8286.0,241
8287.0,251
8288.0,301
8289.0,291
8290.0,295
8291.0,304
8292.0,296
8293.0,276
8294.0,281
8295.0,282
8296.0,280
8297.0,292
8298.0,274
8299.0,289
8300.0,286
8301.0,272
8302.0,271
8303.0,262
8304.0,233
8305.0,247
8306.0,263
8307.0,252
8308.0,252
8309.0,251
8310.0,239
8311.0,240
8312.0,221
8313.0,230
8314.0,207
8315.0,178
8316.0,178
8317.0,207
8318.0,200
8319.0,181
8320.0,191
8321.0,184
8322.0,205
8323.0,232
8324.0,218
8325.0,250
8326.0,244
8327.0,222
8328.0,203
8329.0,206
8330.0,230
8331.0,252
8332.0,246
8333.0,237
8334.0,248
8335.0,232
8336.0,224
8337.0,201
8338.0,193
8339.0,183
8340.0,182
8341.0,160
8342.0,143
8343.0,153
8344.0,87
8345.0,49
8346.0,72
8347.0,10
8348.0,23
8349.0,1
8350.0,125
8351.0,114
8352.0,82
8353.0,93
8354.0,93
8355.0,102
8356.0,105
8357.0,108
8358.0,86
8359.0,0
8360.0,0
8361.0,0
8362.0,0
8363.0,0
8364.0,0
8365.0,0
8366.0,0
8367.0,0
8368.0,11
8369.0,41
8370.0,0
8371.0,0
8372.0,0
8373.0,0
8374.0,0
8375.0,0
8376.0,0
8377.0,0
8378.0,0
8379.0,0
8380.0,0
8381.0,0
8382.0,0
8383.0,0
8384.0,0
8385.0,0
8386.0,0
8387.0,0
8388.0,0
8389.0,0
8390.0,0
8391.0,0
8392.0,0
8393.0,0
8394.0,0
8395.0,0
8396.0,0
8397.0,0
8398.0,0
8399.0,0
8400.0,0
8401.0,0
8402.0,0
8403.0,28
8404.0,216
8405.0,191
8406.0,184
8407.0,174
8408.0,120
8409.0,80
8410.0,70
8411.0,65
8412.0,75
8413.0,70
8414.0,86
8415.0,116
8416.0,135
8417.0,123
8418.0,96
8419.0,99
8420.0,90
8421.0,92
8422.0,99
8423.0,111
8424.0,83
8425.0,5
8426.0,0
8427.0,0
8428.0,0
8429.0,72
8430.0,108
8431.0,110
8432.0,137
8433.0,211
8434.0,266
8435.0,240
8436.0,195
8437.0,136
8438.0,98
8439.0,242
8440.0,225
8441.0,254
8442.0,257
8443.0,240
8444.0,169
8445.0,138
8446.0,175
8447.0,130
8448.0,181
8449.0,217
8450.0,225
8451.0,218
8452.0,196
8453.0,217
8454.0,208
8455.0,231
8456.0,236
8457.0,241
8458.0,208
8459.0,249
8460.0,241
8461.0,244
8462.0,241
8463.0,237
8464.0,228
8465.0,218
8466.0,217
8467.0,220
8468.0,224
8469.0,219
8470.0,200
8471.0,173
8472.0,176
8473.0,213
8474.0,217
8475.0,214
8476.0,208
8477.0,209
8478.0,187
8479.0,200
8480.0,207
8481.0,213
8482.0,220
8483.0,218
8484.0,246
8485.0,225
8486.0,204
8487.0,211
8488.0,199
8489.0,169
8490.0,172
8491.0,202
8492.0,224
8493.0,219
8494.0,241
8495.0,210
8496.0,136
8497.0,136
8498.0,139
8499.0,142
8500.0,143
8501.0,135
8502.0,140
8503.0,148
8504.0,167
8505.0,165
8506.0,129
8507.0,131
8508.0,73
8509.0,56
8510.0,122
8511.0,130
8512.0,76
8513.0,26
8514.0,2
8515.0,2
8516.0,3
8517.0,69
8518.0,234
8519.0,165
8520.0,86
8521.0,132
8522.0,102
8523.0,87
8524.0,98
8525.0,143
8526.0,147
8527.0,95
8528.0,88
8529.0,99
8530.0,102
8531.0,71
8532.0,74
8533.0,101
8534.0,113
8535.0,126
8536.0,105
8537.0,101
8538.0,114
8539.0,127
8540.0,128
8541.0,120
8542.0,79
8543.0,95
8544.0,185
8545.0,151
8546.0,143
8547.0,133
8548.0,156
8549.0,167
8550.0,157
8551.0,139
8552.0,38
8553.0,18
8554.0,118
8555.0,81
8556.0,40
8557.0,41
8558.0,181
8559.0,148
8560.0,134
8561.0,190
8562.0,173
8563.0,131
8564.0,85
8565.0,137
8566.0,180
8567.0,144
8568.0,127
8569.0,135
8570.0,163
8571.0,139
8572.0,144
8573.0,152
8574.0,131
8575.0,143
8576.0,173
8577.0,164
8578.0,164
8579.0,175
8580.0,199
8581.0,214
8582.0,199
8583.0,169
8584.0,182
8585.0,235
8586.0,245
8587.0,237
8588.0,174
8589.0,176
8590.0,212
8591.0,202
8592.0,219
8593.0,237
8594.0,246
8595.0,229
8596.0,236
8597.0,252
8598.0,231
8599.0,247
8600.0,247
8601.0,212
8602.0,229
8603.0,214
8604.0,214
8605.0,223
8606.0,232
8607.0,243
8608.0,235
8609.0,222
8610.0,230
8611.0,246
8612.0,249
8613.0,247
8614.0,263
8615.0,250
8616.0,248
8617.0,217
8618.0,245
8619.0,258
8620.0,259
8621.0,279
8622.0,287
8623.0,275
8624.0,283
8625.0,266
8626.0,281
8627.0,299
8628.0,281
8629.0,283
8630.0,271
8631.0,272
8632.0,261
8633.0,272
8634.0,274
8635.0,271
8636.0,269
8637.0,255
8638.0,277
8639.0,284
8640.0,275
8641.0,264
8642.0,275
8643.0,274
8644.0,268
8645.0,259
8646.0,266
8647.0,258
8648.0,266
8649.0,280
8650.0,261
8651.0,272
8652.0,264
8653.0,277
8654.0,271
8655.0,280
8656.0,279
8657.0,266
8658.0,274
8659.0,270
8660.0,289
8661.0,274
8662.0,270
8663.0,274
8664.0,275
8665.0,274
8666.0,265
8667.0,267
8668.0,277
8669.0,271
8670.0,263
8671.0,267
8672.0,237
8673.0,217
8674.0,178
8675.0,207
8676.0,185
8677.0,162
8678.0,160
8679.0,152
8680.0,148
8681.0,160
8682.0,193
8683.0,122
8684.0,202
8685.0,184
8686.0,180
8687.0,157
8688.0,144
8689.0,131
8690.0,134
8691.0,125
8692.0,121
8693.0,123
8694.0,110
8695.0,128
8696.0,120
8697.0,111
8698.0,118
8699.0,114
8700.0,106
8701.0,106
8702.0,108
8703.0,109
8704.0,123
8705.0,147
8706.0,146
8707.0,158
8708.0,171
8709.0,183
8710.0,182
8711.0,173
8712.0,163
8713.0,166
8714.0,155
8715.0,158
8716.0,150
8717.0,156
8718.0,168
8719.0,178
8720.0,195
8721.0,199
8722.0,202
8723.0,200
8724.0,196
8725.0,198
8726.0,194
8727.0,204
8728.0,216
8729.0,218
8730.0,223
8731.0,222
8732.0,221
8733.0,217
8734.0,205
8735.0,191
8736.0,234
8737.0,257
8738.0,214
8739.0,215
8740.0,224
8741.0,231
8742.0,223
8743.0,219
8744.0,220
8745.0,219
8746.0,216
8747.0,214
8748.0,210
8749.0,197
8750.0,216
8751.0,224
8752.0,222
8753.0,234
8754.0,232
8755.0,237
8756.0,247
8757.0,238
8758.0,236
8759.0,245
8760.0,250
8761.0,242
8762.0,226
8763.0,210
8764.0,179
8765.0,173
8766.0,178
8767.0,170
8768.0,168
8769.0,170
8770.0,187
8771.0,193
8772.0,196
8773.0,209
8774.0,219
8775.0,215
8776.0,235
8777.0,248
8778.0,263
8779.0,258
8780.0,272
8781.0,265
8782.0,256
8783.0,282
8784.0,282
8785.0,279
8786.0,277
8787.0,280
8788.0,276
8789.0,272
8790.0,243
8791.0,247
8792.0,262
8793.0,269
8794.0,270
8795.0,263
8796.0,272
8797.0,271
8798.0,272
8799.0,268
8800.0,267
8801.0,277
8802.0,278
8803.0,279
8804.0,278
8805.0,269
8806.0,261
8807.0,261
8808.0,243
8809.0,243
8810.0,243
8811.0,252
8812.0,258
8813.0,279
8814.0,273
8815.0,275
8816.0,260
8817.0,274
8818.0,280
8819.0,277
8820.0,269
8821.0,248
8822.0,241
8823.0,256
8824.0,267
8825.0,266
8826.0,276
8827.0,268
8828.0,245
8829.0,266
8830.0,277
8831.0,259
8832.0,258
8833.0,255
8834.0,264
8835.0,275
8836.0,273
8837.0,255
8838.0,253
8839.0,258
8840.0,249
8841.0,219
8842.0,209
8843.0,153
8844.0,122
8845.0,144
8846.0,169
8847.0,0
8848.0,0
8849.0,0
8850.0,0
8851.0,0
8852.0,0
8853.0,0
8854.0,0
8855.0,0
8856.0,0
8857.0,5
8858.0,53
8859.0,4
8860.0,0
8861.0,0
8862.0,0
8863.0,0
8864.0,0
8865.0,0
8866.0,0
8867.0,0
8868.0,0
8869.0,0
8870.0,0
8871.0,0
8872.0,0
8873.0,0
8874.0,0
8875.0,0
8876.0,0
8877.0,0
8878.0,0
8879.0,0
8880.0,0
8881.0,0
8882.0,0
8883.0,0
8884.0,0
8885.0,0
8886.0,0
8887.0,55
8888.0,102
8889.0,96
8890.0,96
8891.0,98
8892.0,118
8893.0,103
8894.0,81
8895.0,29
8896.0,10
8897.0,0
8898.0,0
8899.0,0
8900.0,0
8901.0,0
8902.0,0
8903.0,0
8904.0,0
8905.0,0
8906.0,0
8907.0,24
8908.0,55
8909.0,64
8910.0,67
8911.0,64
8912.0,110
8913.0,146
8914.0,118
8915.0,99
8916.0,83
8917.0,70
8918.0,80
8919.0,89
8920.0,85
8921.0,90
8922.0,97
8923.0,100
8924.0,88
8925.0,109
8926.0,95
8927.0,89
8928.0,57
8929.0,59
8930.0,65
8931.0,67
8932.0,92
8933.0,96
8934.0,96
8935.0,91
8936.0,77
8937.0,68
8938.0,76
8939.0,75
8940.0,62
8941.0,51
8942.0,0
8943.0,0
8944.0,0
8945.0,0
8946.0,0
8947.0,0
8948.0,0
8949.0,1
8950.0,0
8951.0,0
8952.0,0
8953.0,0
8954.0,0
8955.0,0
8956.0,0
8957.0,0
8958.0,0
8959.0,0
8960.0,0
8961.0,167
8962.0,123
8963.0,103
8964.0,95
8965.0,111
8966.0,126
8967.0,140
8968.0,129
8969.0,116
8970.0,98
8971.0,96
8972.0,87
8973.0,84
8974.0,105
8975.0,118
8976.0,161
8977.0,175
8978.0,209
8979.0,206
8980.0,293
8981.0,286
8982.0,231
8983.0,228
8984.0,246
8985.0,362
8986.0,326
8987.0,330
8988.0,338
8989.0,336
8990.0,328
8991.0,325
8992.0,390
8993.0,374
8994.0,308
8995.0,271
8996.0,285
8997.0,339
8998.0,333
8999.0,316
9000.0,313
9001.0,297
9002.0,279
9003.0,295
9004.0,235
9005.0,222
9006.0,278
9007.0,285
9008.0,287
9009.0,292
9010.0,281
9011.0,297
9012.0,298
9013.0,315
9014.0,315
9015.0,283
9016.0,302
9017.0,294
9018.0,273
9019.0,293
9020.0,307
9021.0,335
9022.0,322
9023.0,318
9024.0,321
9025.0,326
9026.0,322
9027.0,324
9028.0,311
9029.0,318
9030.0,314
9031.0,330
9032.0,327
9033.0,336
9034.0,354
9035.0,335
9036.0,339
9037.0,259
9038.0,277
9039.0,290
9040.0,313
9041.0,307
9042.0,271
9043.0,277
9044.0,286
9045.0,306
9046.0,299
9047.0,287
9048.0,280
9049.0,289
9050.0,263
9051.0,298
9052.0,282
9053.0,284
9054.0,270
9055.0,307
9056.0,312
9057.0,294
9058.0,306
9059.0,301
9060.0,278
9061.0,280
9062.0,255
9063.0,224
9064.0,251
9065.0,239
9066.0,204
9067.0,256
9068.0,281
9069.0,266
9070.0,256
9071.0,295
9072.0,311
9073.0,309
9074.0,324
9075.0,313
9076.0,304
9077.0,292
9078.0,279
9079.0,338
9080.0,299
9081.0,233
9082.0,249
9083.0,245
9084.0,237
9085.0,244
9086.0,262
9087.0,246
9088.0,253
9089.0,279
9090.0,289
9091.0,286
9092.0,284
9093.0,290
9094.0,285
9095.0,280
9096.0,267
9097.0,236
9098.0,241
9099.0,246
9100.0,192
9101.0,166
9102.0,153
9103.0,148
9104.0,135
9105.0,120
9106.0,155
9107.0,133
9108.0,158
9109.0,151
9110.0,166
9111.0,160
9112.0,148
9113.0,124
9114.0,83
9115.0,60
9116.0,0
9117.0,0
9118.0,0
9119.0,0
9120.0,0
9121.0,0
9122.0,0
9123.0,0
9124.0,31
9125.0,227
9126.0,150
9127.0,122
9128.0,69
9129.0,66
9130.0,52
9131.0,64
9132.0,26
9133.0,0
9134.0,0
9135.0,0
9136.0,0
9137.0,0
9138.0,0
9139.0,0
9140.0,0
9141.0,0
9142.0,0
9143.0,0
9144.0,0
9145.0,0
9146.0,0
9147.0,0
9148.0,0
9149.0,0
9150.0,0
9151.0,0
9152.0,0
9153.0,0
9154.0,0
9155.0,0
9156.0,0
9157.0,0
9158.0,0
9159.0,0
9160.0,0
9161.0,0
9162.0,0
9163.0,0
9164.0,0
9165.0,0
9166.0,0
9167.0,0
9168.0,0
9169.0,0
9170.0,0
9171.0,0
9172.0,0
9173.0,0
9174.0,0
9175.0,0
9176.0,23
9177.0,0
9178.0,0
9179.0,0
9180.0,0
9181.0,0
9182.0,0
9183.0,0
9184.0,0
9185.0,0
9186.0,0
9187.0,0
9188.0,0
9189.0,129
9190.0,322
9191.0,332
9192.0,274
9193.0,189
9194.0,143
9195.0,171
9196.0,228
9197.0,168
9198.0,159
9199.0,182
9200.0,240
9201.0,185
9202.0,199
9203.0,206
9204.0,231
9205.0,243
9206.0,252
9207.0,261
9208.0,278
9209.0,277
9210.0,291
9211.0,251
9212.0,215
9213.0,234
9214.0,214
9215.0,184
9216.0,181
9217.0,180
9218.0,174
9219.0,189
9220.0,265
9221.0,267
9222.0,276
9223.0,269
9224.0,276
9225.0,279
9226.0,238
9227.0,216
9228.0,207
9229.0,230
9230.0,239
9231.0,229
9232.0,163
9233.0,177
9234.0,224
9235.0,171
9236.0,178
9237.0,190
9238.0,201
9239.0,213
9240.0,228
9241.0,212
9242.0,214
9243.0,237
9244.0,242
9245.0,189
9246.0,223
9247.0,264
9248.0,314
9249.0,269
9250.0,266
9251.0,268
9252.0,247
9253.0,216
9254.0,250
9255.0,260
9256.0,252
9257.0,253
9258.0,272
9259.0,267
9260.0,266
9261.0,256
9262.0,213
9263.0,176
9264.0,244
9265.0,270
9266.0,247
9267.0,242
9268.0,267
9269.0,249
9270.0,259
9271.0,273
9272.0,264
9273.0,255
9274.0,257
9275.0,237
9276.0,216
9277.0,231
9278.0,222
9279.0,236
9280.0,262
9281.0,282
9282.0,277
9283.0,257
9284.0,238
9285.0,202
9286.0,244
9287.0,263
9288.0,278
9289.0,289
9290.0,287
9291.0,272
9292.0,269
9293.0,240
9294.0,237
9295.0,248
9296.0,247
9297.0,263
9298.0,277
9299.0,287
9300.0,299
9301.0,301
9302.0,297
9303.0,296
9304.0,289
9305.0,284
9306.0,281
9307.0,271
9308.0,271
9309.0,277
9310.0,273
9311.0,262
9312.0,261
9313.0,253
9314.0,272
9315.0,265
9316.0,260
9317.0,252
9318.0,249
9319.0,250
9320.0,240
9321.0,226
9322.0,201
9323.0,232
9324.0,211
9325.0,219
9326.0,244
9327.0,268
9328.0,273
9329.0,267
9330.0,249
9331.0,258
9332.0,252
9333.0,266
9334.0,256
9335.0,262
9336.0,265
9337.0,265
9338.0,255
9339.0,236
9340.0,233
9341.0,221
9342.0,244
9343.0,237
9344.0,207
9345.0,217
9346.0,232
9347.0,226
9348.0,182
9349.0,137
9350.0,136
9351.0,115
9352.0,129
9353.0,122
9354.0,107
9355.0,109
9356.0,170
9357.0,133
9358.0,135
9359.0,145
9360.0,141
9361.0,140
9362.0,129
9363.0,123
9364.0,137
9365.0,140
9366.0,129
9367.0,136
9368.0,134
9369.0,120
9370.0,118
9371.0,104
9372.0,101
9373.0,104
9374.0,104
9375.0,101
9376.0,102
9377.0,91
9378.0,87
9379.0,94
9380.0,120
9381.0,106
9382.0,66
9383.0,153
9384.0,98
9385.0,0
9386.0,0
9387.0,0
9388.0,0
9389.0,138
9390.0,99
9391.0,93
9392.0,75
9393.0,50
9394.0,100
9395.0,79
9396.0,63
9397.0,72
9398.0,82
9399.0,88
9400.0,83
9401.0,82
9402.0,75
9403.0,68
9404.0,32
9405.0,0
9406.0,0
9407.0,0
9408.0,0
9409.0,0
9410.0,0
9411.0,0
9412.0,0
9413.0,0
9414.0,0
9415.0,0
9416.0,0
9417.0,0
9418.0,0
9419.0,0
9420.0,0
9421.0,0
9422.0,0
9423.0,0
9424.0,0
9425.0,0
9426.0,0
9427.0,0
9428.0,0
9429.0,0
9430.0,0
9431.0,0
9432.0,0
9433.0,0
9434.0,0
9435.0,0
9436.0,0
9437.0,0
9438.0,0
9439.0,0
9440.0,0
9441.0,0
9442.0,0
9443.0,0
9444.0,0
9445.0,0
9446.0,0
9447.0,0
9448.0,0
9449.0,0
9450.0,0
9451.0,0
9452.0,0
9453.0,0
9454.0,0
9455.0,0
9456.0,0
9457.0,0
9458.0,0
9459.0,0
9460.0,0
9461.0,0
9462.0,0
9463.0,0
9464.0,0
9465.0,0
9466.0,0
9467.0,0
9468.0,0
9469.0,0
9470.0,0
9471.0,0
9472.0,0
9473.0,0
9474.0,0
9475.0,0
9476.0,0
9477.0,0
9478.0,0
9479.0,0
9480.0,0
9481.0,0
9482.0,0
9483.0,0
9484.0,0
9485.0,0
9486.0,0
9487.0,0
9488.0,0
9489.0,0
9490.0,0
9491.0,0
9492.0,0
9493.0,0
9494.0,0
9495.0,0
9496.0,0
9497.0,0
9498.0,0
9499.0,0
9500.0,0
9501.0,0
9502.0,0
9503.0,0
9504.0,0
9505.0,0
9506.0,0
9507.0,0
9508.0,0
9509.0,0
9510.0,0
9511.0,0
9512.0,0
9513.0,0
9514.0,0
9515.0,0
9516.0,0
9517.0,0
9518.0,0
9519.0,0
9520.0,0
9521.0,0
9522.0,0
9523.0,0
9524.0,0
9525.0,0
9526.0,0
9527.0,0
9528.0,0
9529.0,0
9530.0,0
9531.0,0
9532.0,0
9533.0,0
9534.0,0
9535.0,0
9536.0,0
9537.0,0
9538.0,0
9539.0,0
9540.0,0
9541.0,0
9542.0,0
9543.0,0
9544.0,0
9545.0,0
9546.0,0
9547.0,0
9548.0,0
9549.0,0
9550.0,0
9551.0,0
9552.0,0
9553.0,0
9554.0,0
9555.0,0
9556.0,0
9557.0,0
9558.0,0
9559.0,0
9560.0,0
9561.0,0
9562.0,0
9563.0,0
9564.0,0
9565.0,0
9566.0,0
9567.0,0
9568.0,0
9569.0,0
9570.0,0
9571.0,0
9572.0,0
9573.0,0
9574.0,0
9575.0,0
9576.0,0
9577.0,0
9578.0,0
9579.0,0
9580.0,0
9581.0,0
9582.0,0
9583.0,0
9584.0,0
9585.0,0
9586.0,0
9587.0,0
9588.0,0
9589.0,0
9590.0,0
9591.0,0
9592.0,0
9593.0,0
9594.0,0
9595.0,0
9596.0,0
9597.0,0
9598.0,0
9599.0,0
9600.0,0
9601.0,0
9602.0,0
9603.0,0
9604.0,0
9605.0,0
9606.0,0
9607.0,0
9608.0,0
9609.0,0
9610.0,0
9611.0,0
9612.0,0
9613.0,0
9614.0,0
9615.0,0
9616.0,0
9617.0,0
9618.0,0
9619.0,0
9620.0,0
9621.0,0
9622.0,0
9623.0,0
9624.0,0
9625.0,0
9626.0,0
9627.0,0
9628.0,0
9629.0,0
9630.0,0
9631.0,0
9632.0,0
9633.0,0
9634.0,0
9635.0,0
9636.0,0
9637.0,0
9638.0,0
9639.0,0
9640.0,0
9641.0,0
9642.0,0
9643.0,0
9644.0,0
9645.0,0
9646.0,0
9647.0,0
9648.0,0
9649.0,0
9650.0,0
9651.0,0
9652.0,0
9653.0,0
9654.0,0
9655.0,0
9656.0,0
9657.0,0
9658.0,0
9659.0,0
9660.0,0
9661.0,0
9662.0,0
9663.0,70
9664.0,144
9665.0,29
9666.0,9
9667.0,2
9668.0,7
9669.0,26
9670.0,8
9671.0,14
9672.0,7
9673.0,3
9674.0,27
9675.0,0
9676.0,0
9677.0,0
9678.0,0
9679.0,0
9680.0,0
9681.0,0
9682.0,0
9683.0,0
9684.0,0
9685.0,0
9686.0,0
9687.0,0
9688.0,0
9689.0,0
9690.0,0
9691.0,0
9692.0,0
9693.0,9
9694.0,131
9695.0,153
9696.0,92
9697.0,68
9698.0,78
9699.0,91
9700.0,102
9701.0,93
9702.0,79
9703.0,80
9704.0,84
9705.0,83
9706.0,80
9707.0,76
9708.0,82
9709.0,79
9710.0,81
9711.0,83
9712.0,74
9713.0,71
9714.0,68
9715.0,81
9716.0,105
9717.0,39
9718.0,0
9719.0,0
9720.0,0
9721.0,0
9722.0,0
9723.0,0
9724.0,0
9725.0,0
9726.0,0
9727.0,0
9728.0,0
9729.0,0
9730.0,0
9731.0,0
9732.0,0
9733.0,0
9734.0,0
9735.0,0
9736.0,103
9737.0,5
9738.0,6
9739.0,0
9740.0,0
9741.0,0
9742.0,0
9743.0,0
9744.0,0
9745.0,0
9746.0,0
9747.0,0
9748.0,0
9749.0,0
9750.0,0
9751.0,11
9752.0,5
9753.0,0
9754.0,0
9755.0,0
9756.0,0
9757.0,0
9758.0,0
9759.0,0
9760.0,0
9761.0,173
9762.0,313
9763.0,297
9764.0,245
9765.0,238
9766.0,213
9767.0,196
9768.0,178
9769.0,160
9770.0,150
9771.0,147
9772.0,127
9773.0,131
9774.0,111
9775.0,107
9776.0,91
9777.0,84
9778.0,57
9779.0,7
9780.0,1
9781.0,1
9782.0,1
9783.0,0
9784.0,0
9785.0,0
9786.0,0
9787.0,0
9788.0,13
9789.0,219
9790.0,246
9791.0,239
9792.0,218
9793.0,160
9794.0,145
9795.0,151
9796.0,161
9797.0,150
9798.0,128
9799.0,108
9800.0,90
9801.0,83
9802.0,77
9803.0,56
9804.0,4
9805.0,0
9806.0,0
9807.0,0
9808.0,0
9809.0,0
9810.0,0
9811.0,86
9812.0,290
9813.0,191
9814.0,140
9815.0,112
9816.0,40
9817.0,1
9818.0,1
9819.0,0
9820.0,0
9821.0,0
9822.0,0
9823.0,0
9824.0,231
9825.0,320
9826.0,242
9827.0,187
9828.0,153
9829.0,128
9830.0,119
9831.0,125
9832.0,109
9833.0,110
9834.0,105
9835.0,87
9836.0,105
9837.0,105
9838.0,111
9839.0,90
9840.0,65
9841.0,36
9842.0,4
9843.0,5
9844.0,10
9845.0,0
9846.0,0
9847.0,0
9848.0,26
9849.0,1
9850.0,1
9851.0,1
9852.0,0
9853.0,0
9854.0,0
9855.0,0
9856.0,0
9857.0,0
9858.0,0
9859.0,0
9860.0,0
9861.0,115
9862.0,191
9863.0,162
9864.0,153
9865.0,151
9866.0,139
9867.0,110
9868.0,83
9869.0,83
9870.0,78
9871.0,74
9872.0,64
9873.0,63
9874.0,59
9875.0,22
9876.0,0
9877.0,0
9878.0,0
9879.0,0
9880.0,0
9881.0,0
9882.0,50
9883.0,0
9884.0,0
9885.0,0
9886.0,0
9887.0,0
9888.0,0
9889.0,0
9890.0,0
9891.0,0
9892.0,0
9893.0,0
9894.0,0
9895.0,0
9896.0,0
9897.0,0
9898.0,0
9899.0,0
9900.0,0
9901.0,0
9902.0,0
9903.0,0
9904.0,0
9905.0,0
9906.0,0
9907.0,0
9908.0,0
9909.0,0
9910.0,0
9911.0,0
9912.0,0
9913.0,0
9914.0,0
9915.0,0
9916.0,0
9917.0,0
9918.0,0
9919.0,0
9920.0,0
9921.0,0
9922.0,0
9923.0,0
9924.0,0
9925.0,0
9926.0,0
9927.0,0
9928.0,0
9929.0,0
9930.0,0
9931.0,0
9932.0,0
9933.0,0
9934.0,0
9935.0,0
9936.0,0
9937.0,0
9938.0,0
9939.0,0
9940.0,0
9941.0,0
9942.0,0
9943.0,0
9944.0,0
9945.0,0
9946.0,89
9947.0,215
9948.0,210
9949.0,207
9950.0,251
9951.0,275
9952.0,241
9953.0,231
9954.0,210
9955.0,144
9956.0,128
9957.0,173
9958.0,174
9959.0,150
9960.0,142
9961.0,152
9962.0,150
9963.0,143
9964.0,130
9965.0,129
9966.0,119
9967.0,134
9968.0,130
9969.0,145
9970.0,131
9971.0,146
9972.0,132
9973.0,107
9974.0,136
9975.0,141
9976.0,168
9977.0,143
9978.0,169
9979.0,178
9980.0,184
9981.0,178
9982.0,187
9983.0,171
9984.0,158
9985.0,147
9986.0,153
9987.0,147
9988.0,141
9989.0,120
9990.0,89
9991.0,85
9992.0,90
9993.0,80
9994.0,81
9995.0,80
9996.0,84
9997.0,68
9998.0,9
9999.0,6
10000.0,0
10001.0,0
10002.0,0
10003.0,0
10004.0,0
10005.0,0
10006.0,0
10007.0,10
10008.0,121
10009.0,25
10010.0,6
10011.0,6
10012.0,6
10013.0,8
10014.0,0
10015.0,0
10016.0,0
10017.0,0
10018.0,0
10019.0,0
10020.0,0
10021.0,0
10022.0,0
10023.0,0
10024.0,0
10025.0,0
10026.0,0
10027.0,0
10028.0,0
10029.0,0
10030.0,0
10031.0,0
10032.0,0
10033.0,0
10034.0,0
10035.0,0
10036.0,0
10037.0,0
10038.0,0
10039.0,0
10040.0,0
10041.0,0
10042.0,0
10043.0,0
10044.0,0
10045.0,0
10046.0,0
10047.0,0
10048.0,0
10049.0,0
10050.0,0
10051.0,77
10052.0,28
10053.0,0
10054.0,0
10055.0,0
10056.0,2
10057.0,75
10058.0,8
10059.0,8
10060.0,71
10061.0,82
10062.0,64
10063.0,85
10064.0,116
10065.0,121
10066.0,112
10067.0,96
10068.0,95
10069.0,105
10070.0,91
10071.0,103
10072.0,119
10073.0,13
10074.0,0
10075.0,0
10076.0,0
10077.0,0
10078.0,0
10079.0,0
10080.0,0
10081.0,0
10082.0,0
10083.0,0
10084.0,0
10085.0,0
10086.0,0
10087.0,111
10088.0,289
10089.0,295
10090.0,224
10091.0,190
10092.0,275
10093.0,285
10094.0,253
10095.0,239
10096.0,203
10097.0,168
10098.0,131
10099.0,131
10100.0,139
10101.0,136
10102.0,151
10103.0,144
10104.0,141
10105.0,139
10106.0,124
10107.0,103
10108.0,106
10109.0,126
10110.0,127
10111.0,117
10112.0,105
10113.0,110
10114.0,121
10115.0,128
10116.0,119
10117.0,120
10118.0,142
10119.0,98
10120.0,114
10121.0,134
10122.0,151
10123.0,142
10124.0,115
10125.0,97
10126.0,97
10127.0,129
10128.0,139
10129.0,101
10130.0,17
10131.0,0
10132.0,0
10133.0,0
10134.0,0
10135.0,0
10136.0,25
10137.0,181
10138.0,176
10139.0,195
10140.0,166
10141.0,149
10142.0,168
10143.0,180
10144.0,144
10145.0,95
10146.0,93
10147.0,109
10148.0,86
10149.0,52
10150.0,9
10151.0,6
10152.0,6
10153.0,6
10154.0,145
10155.0,152
10156.0,108
10157.0,66
10158.0,0
10159.0,0
10160.0,0
10161.0,53
10162.0,86
10163.0,88
10164.0,0
10165.0,0
10166.0,0
10167.0,0
10168.0,0
10169.0,0
10170.0,175
10171.0,408
10172.0,468
10173.0,433
10174.0,411
10175.0,375
10176.0,281
10177.0,208
10178.0,165
10179.0,137
10180.0,146
10181.0,131
10182.0,139
10183.0,156
10184.0,170
10185.0,170
10186.0,200
10187.0,160
10188.0,156
10189.0,151
10190.0,145
10191.0,156
10192.0,155
10193.0,146
10194.0,115
10195.0,114
10196.0,109
10197.0,86
10198.0,75
10199.0,80
10200.0,92
10201.0,94
10202.0,12
10203.0,0
10204.0,0
10205.0,0
10206.0,0
10207.0,0
10208.0,0
10209.0,0
10210.0,0
10211.0,44
10212.0,59
10213.0,37
10214.0,1
10215.0,0
10216.0,0
10217.0,0
10218.0,0
10219.0,15
10220.0,6
10221.0,1
10222.0,1
10223.0,1
10224.0,123
10225.0,103
10226.0,102
10227.0,104
10228.0,119
10229.0,100
10230.0,67
10231.0,59
10232.0,64
10233.0,30
10234.0,8
10235.0,8
10236.0,8
10237.0,138
10238.0,226
10239.0,135
10240.0,136
10241.0,181
10242.0,110
10243.0,113
10244.0,103
10245.0,102
10246.0,91
10247.0,79
10248.0,67
10249.0,61
10250.0,67
10251.0,65
10252.0,64
10253.0,24
10254.0,0
10255.0,0
10256.0,0
10257.0,0
10258.0,0
10259.0,0
10260.0,0
10261.0,0
10262.0,0
10263.0,0
10264.0,0
10265.0,0
10266.0,0
10267.0,0
10268.0,0
10269.0,0
10270.0,0
10271.0,0
10272.0,0
10273.0,0
10274.0,0
10275.0,0
10276.0,63
10277.0,190
10278.0,301
10279.0,303
10280.0,244
10281.0,210
10282.0,37
10283.0,37
10284.0,236
10285.0,115
10286.0,0
10287.0,0
10288.0,0
10289.0,0
10290.0,0
10291.0,57
10292.0,82
10293.0,45
10294.0,0
10295.0,0
10296.0,0
10297.0,0
10298.0,0
10299.0,0
10300.0,0
10301.0,0
10302.0,0
10303.0,0
10304.0,0
10305.0,83
10306.0,319
10307.0,358
10308.0,261
10309.0,122
10310.0,282
10311.0,220
10312.0,161
10313.0,160
10314.0,149
10315.0,125
10316.0,125
10317.0,110
10318.0,17
10319.0,0
10320.0,0
10321.0,0
10322.0,0
10323.0,88
10324.0,171
10325.0,188
10326.0,201
10327.0,187
10328.0,168
10329.0,155
10330.0,142
10331.0,126
10332.0,145
10333.0,119
10334.0,139
10335.0,147
10336.0,113
10337.0,104
10338.0,94
10339.0,110
10340.0,120
10341.0,99
10342.0,92
10343.0,100
10344.0,100
10345.0,109
10346.0,115
10347.0,118
10348.0,110
10349.0,112
10350.0,84
10351.0,85
10352.0,103
10353.0,108
10354.0,95
10355.0,77
10356.0,45
10357.0,6
10358.0,0
10359.0,0
10360.0,0
10361.0,0
10362.0,0
10363.0,0
10364.0,0
10365.0,0
10366.0,0
10367.0,0
10368.0,0
10369.0,156
10370.0,237
10371.0,238
10372.0,214
10373.0,197
10374.0,173
10375.0,126
10376.0,129
10377.0,133
10378.0,124
10379.0,134
10380.0,144
10381.0,140
10382.0,139
10383.0,104
10384.0,84
10385.0,79
10386.0,63
10387.0,64
10388.0,29
10389.0,0
10390.0,0
10391.0,0
10392.0,0
10393.0,0
10394.0,0
10395.0,26
10396.0,118
10397.0,83
10398.0,82
10399.0,70
10400.0,69
10401.0,0
10402.0,0
10403.0,0
10404.0,0
10405.0,0
10406.0,0
10407.0,0
10408.0,0
10409.0,0
10410.0,0
10411.0,0
10412.0,236
10413.0,292
10414.0,225
10415.0,126
10416.0,195
10417.0,147
10418.0,129
10419.0,121
10420.0,106
10421.0,122
10422.0,139
10423.0,118
10424.0,105
10425.0,102
10426.0,95
10427.0,108
10428.0,98
10429.0,102
10430.0,119
10431.0,132
10432.0,113
10433.0,99
10434.0,109
10435.0,74
10436.0,0
10437.0,0
10438.0,0
10439.0,0
10440.0,0
10441.0,0
10442.0,0
10443.0,0
10444.0,0
10445.0,164
10446.0,165
10447.0,139
10448.0,107
10449.0,97
10450.0,55
10451.0,45
10452.0,69
10453.0,76
10454.0,86
10455.0,96
10456.0,82
10457.0,78
10458.0,39
10459.0,79
10460.0,68
10461.0,31
10462.0,0
10463.0,0
10464.0,0
10465.0,0
10466.0,0
10467.0,53
10468.0,140
10469.0,106
10470.0,91
10471.0,90
10472.0,64
10473.0,18
10474.0,0
10475.0,0
10476.0,0
10477.0,0
10478.0,0
10479.0,0
10480.0,62
10481.0,177
10482.0,232
10483.0,195
10484.0,196
10485.0,215
10486.0,217
10487.0,219
10488.0,191
10489.0,150
10490.0,135
10491.0,73
10492.0,61
10493.0,46
10494.0,0
10495.0,0
10496.0,0
10497.0,0
10498.0,0
10499.0,124
10500.0,140
10501.0,203
10502.0,157
10503.0,146
10504.0,164
10505.0,240
10506.0,243
10507.0,167
10508.0,133
10509.0,109
10510.0,106
10511.0,95
10512.0,48
10513.0,9
10514.0,0
10515.0,0
10516.0,0
10517.0,0
10518.0,0
10519.0,0
10520.0,0
10521.0,0
10522.0,3
10523.0,138
10524.0,229
10525.0,275
10526.0,237
10527.0,145
10528.0,95
10529.0,83
10530.0,82
10531.0,78
10532.0,61
10533.0,0
10534.0,0
10535.0,0
10536.0,0
10537.0,0
10538.0,14
10539.0,70
10540.0,130
10541.0,124
10542.0,105
10543.0,72
10544.0,7
10545.0,0
10546.0,0
10547.0,0
10548.0,0
10549.0,0
10550.0,0
10551.0,0
10552.0,0
10553.0,0
10554.0,0
10555.0,274
10556.0,239
10557.0,83
10558.0,95
10559.0,173
10560.0,123
10561.0,57
10562.0,190
10563.0,196
10564.0,144
10565.0,93
10566.0,88
10567.0,102
10568.0,104
10569.0,112
10570.0,109
10571.0,97
10572.0,88
10573.0,65
10574.0,65
10575.0,64
10576.0,73
10577.0,92
10578.0,97
10579.0,94
10580.0,73
10581.0,44
10582.0,6
10583.0,0
10584.0,0
10585.0,0
10586.0,0
10587.0,0
10588.0,0
10589.0,0
10590.0,0
10591.0,0
10592.0,0
10593.0,0
10594.0,0
10595.0,0
10596.0,0
10597.0,0
10598.0,0
10599.0,0
10600.0,0
10601.0,0
10602.0,0
10603.0,0
10604.0,0
10605.0,0
10606.0,0
10607.0,0
10608.0,0
10609.0,0
10610.0,0
10611.0,0
10612.0,0
10613.0,0
10614.0,0
10615.0,0
10616.0,0
10617.0,0
10618.0,0
10619.0,229
10620.0,495
10621.0,352
10622.0,167
10623.0,133
10624.0,70
10625.0,2
10626.0,30
10627.0,206
10628.0,415
10629.0,627
10630.0,590
10631.0,435
10632.0,196
10633.0,297
10634.0,315
10635.0,340
10636.0,389
10637.0,367
10638.0,272
10639.0,243
10640.0,345
10641.0,353
10642.0,402
10643.0,411
10644.0,646
10645.0,670
10646.0,559
10647.0,430
10648.0,288
10649.0,301
10650.0,300
10651.0,318
10652.0,321
10653.0,336
10654.0,319
10655.0,297
10656.0,295
10657.0,288
10658.0,272
10659.0,255
10660.0,253
10661.0,233
10662.0,223
10663.0,228
10664.0,231
10665.0,205
10666.0,213
10667.0,237
10668.0,188
10669.0,179
10670.0,169
10671.0,109
10672.0,94
10673.0,70
10674.0,95
10675.0,102
10676.0,98
10677.0,100
10678.0,81
10679.0,80
10680.0,92
10681.0,91
10682.0,54
10683.0,19
10684.0,20
10685.0,141
10686.0,135
10687.0,94
10688.0,86
10689.0,91
10690.0,83
10691.0,92
10692.0,47
10693.0,94
10694.0,100
10695.0,48
10696.0,42
10697.0,19
10698.0,94
10699.0,88
10700.0,70
10701.0,55
10702.0,12
10703.0,0
10704.0,0
10705.0,0
10706.0,0
10707.0,0
10708.0,0
10709.0,0
10710.0,0
10711.0,0
10712.0,0
10713.0,0
10714.0,0
10715.0,0
10716.0,0
10717.0,0
10718.0,0
10719.0,0
10720.0,0
10721.0,9
10722.0,50
10723.0,258
10724.0,311
10725.0,317
10726.0,299
10727.0,303
10728.0,255
10729.0,2
10730.0,2
10731.0,2
10732.0,0
10733.0,0
10734.0,0
10735.0,35
10736.0,165
10737.0,183
10738.0,147
10739.0,106
10740.0,13
10741.0,0
10742.0,0
10743.0,0
10744.0,0
10745.0,0
10746.0,0
10747.0,0
10748.0,0
10749.0,0
10750.0,0
10751.0,0
10752.0,0
10753.0,0
10754.0,0
10755.0,0
10756.0,0
10757.0,0
10758.0,0
10759.0,0
10760.0,0
10761.0,0
10762.0,0
10763.0,91
10764.0,209
10765.0,203
10766.0,162
10767.0,92
10768.0,50
10769.0,0
10770.0,0
10771.0,0
10772.0,0
10773.0,0
10774.0,0
10775.0,0
10776.0,0
10777.0,0
10778.0,0
10779.0,0
10780.0,0
10781.0,0
10782.0,0
10783.0,0
10784.0,0
10785.0,0
10786.0,0
10787.0,0
10788.0,0
10789.0,0
10790.0,0
10791.0,0
10792.0,0
10793.0,0
10794.0,0
10795.0,0
10796.0,0
10797.0,0
10798.0,0
10799.0,0
10800.0,0
10801.0,200
10802.0,254
10803.0,279
10804.0,315
10805.0,300
10806.0,211
10807.0,173
10808.0,149
10809.0,150
10810.0,110
10811.0,104
10812.0,94
10813.0,79
10814.0,0
10815.0,0
10816.0,0
10817.0,0
10818.0,0
10819.0,0
10820.0,0
10821.0,0
10822.0,0
10823.0,0
10824.0,0
10825.0,0
10826.0,0
10827.0,0
10828.0,3
10829.0,142
10830.0,218
10831.0,201
10832.0,118
10833.0,105
10834.0,94
10835.0,63
10836.0,33
10837.0,34
10838.0,0
10839.0,0
10840.0,0
10841.0,0
10842.0,0
10843.0,0
10844.0,0
10845.0,0
10846.0,0
10847.0,177
10848.0,68
10849.0,45
10850.0,124
10851.0,159
10852.0,142
10853.0,112
10854.0,55
10855.0,0
10856.0,0
10857.0,0
10858.0,0
10859.0,0
10860.0,76
10861.0,118
10862.0,103
10863.0,93
10864.0,89
10865.0,123
10866.0,123
10867.0,109
10868.0,79
10869.0,86
10870.0,90
10871.0,99
10872.0,78
10873.0,26
10874.0,0
10875.0,0
10876.0,0
10877.0,0
10878.0,0
10879.0,84
10880.0,70
10881.0,63
10882.0,48
10883.0,8
10884.0,0
10885.0,0
10886.0,0
10887.0,0
10888.0,0
10889.0,0
10890.0,0
10891.0,0
10892.0,0
10893.0,0
10894.0,0
10895.0,9
10896.0,56
10897.0,167
10898.0,259
10899.0,355
10900.0,331
10901.0,267
10902.0,249
10903.0,184
10904.0,184
10905.0,157
10906.0,115
10907.0,134
10908.0,169
10909.0,169
10910.0,107
10911.0,47
10912.0,61
10913.0,54
10914.0,37
10915.0,3
10916.0,0
10917.0,0
10918.0,0
10919.0,0
10920.0,0
10921.0,6
10922.0,218
10923.0,253
10924.0,192
10925.0,131
10926.0,92
10927.0,91
10928.0,108
10929.0,99
10930.0,116
10931.0,143
10932.0,156
10933.0,145
10934.0,150
10935.0,130
10936.0,118
10937.0,102
10938.0,109
10939.0,111
10940.0,128
10941.0,151
10942.0,135
10943.0,141
10944.0,134
10945.0,113
10946.0,84
10947.0,70
10948.0,69
10949.0,63
10950.0,64
10951.0,66
10952.0,62
10953.0,76
10954.0,86
10955.0,111
10956.0,118
10957.0,87
10958.0,87
10959.0,45
10960.0,0
10961.0,0
10962.0,0
10963.0,0
10964.0,0
10965.0,0
10966.0,0
10967.0,0
10968.0,0
10969.0,0
10970.0,0
10971.0,0
10972.0,0
10973.0,0
10974.0,0
10975.0,0
10976.0,0
10977.0,0
10978.0,18
10979.0,0
10980.0,0
10981.0,0
10982.0,0
10983.0,0
10984.0,0
10985.0,0
10986.0,0
10987.0,0
10988.0,0
10989.0,0
10990.0,0
10991.0,0
10992.0,0
10993.0,0
10994.0,0
10995.0,0
10996.0,0
10997.0,0
10998.0,0
10999.0,0
11000.0,0
11001.0,0
11002.0,0
11003.0,0
11004.0,0
11005.0,0
11006.0,0
11007.0,0
11008.0,0
11009.0,0
11010.0,0
11011.0,0
11012.0,0
11013.0,0
11014.0,0
11015.0,0
11016.0,0
11017.0,0
11018.0,0
11019.0,0
11020.0,0
11021.0,0
11022.0,0
11023.0,0
11024.0,0
11025.0,0
11026.0,0
11027.0,0
11028.0,0
11029.0,0
11030.0,0
11031.0,0
11032.0,6
11033.0,203
11034.0,225
11035.0,249
11036.0,257
11037.0,272
11038.0,218
11039.0,181
11040.0,111
11041.0,195
11042.0,162
11043.0,158
11044.0,211
11045.0,228
11046.0,204
11047.0,142
11048.0,0
11049.0,0
11050.0,0
11051.0,0
11052.0,0
11053.0,137
11054.0,128
11055.0,28
11056.0,0
11057.0,0
11058.0,0
11059.0,0
11060.0,0
11061.0,0
11062.0,0
11063.0,0
11064.0,0
11065.0,19
11066.0,231
11067.0,26
11068.0,0
11069.0,0
11070.0,0
11071.0,0
11072.0,0
11073.0,0
11074.0,26
11075.0,81
11076.0,68
11077.0,57
11078.0,51
11079.0,25
11080.0,0
11081.0,0
11082.0,0
11083.0,0
11084.0,0
11085.0,0
11086.0,0
11087.0,0
11088.0,0
11089.0,0
11090.0,0
11091.0,0
11092.0,0
11093.0,0
11094.0,0
11095.0,0
11096.0,0
11097.0,0
11098.0,0
11099.0,0
11100.0,0
11101.0,0
11102.0,0
11103.0,0
11104.0,0
11105.0,0
11106.0,0
11107.0,0
11108.0,0
11109.0,0
11110.0,0
11111.0,0
11112.0,0
11113.0,0
11114.0,0
11115.0,0
11116.0,0
11117.0,0
